CustomerId,Surname,Geography,Gender,Age,CreditScore,Balance,NumOfProducts,IsActiveMember,Exited,ChurnProbability,PredictedChurn,RiskBand
15634602,Hargrave,France,Female,42,619,0.0,1,1,1,0.3569,1,Moderate Risk
15647311,Hill,Spain,Female,41,608,83807.86,1,1,0,0.1584,0,Low Risk
15619304,Onio,France,Female,42,502,159660.8,3,0,1,0.9848,1,Critical Risk
15701354,Boni,France,Female,39,699,0.0,2,0,0,0.0538,0,Low Risk
15737888,Mitchell,Spain,Female,43,850,125510.82,1,1,0,0.0452,0,Low Risk
15574012,Chu,Spain,Male,44,645,113755.78,2,0,1,0.258,0,Moderate Risk
15592531,Bartlett,France,Male,50,822,0.0,2,1,0,0.0403,0,Low Risk
15656148,Obinna,Germany,Female,29,376,115046.74,4,0,1,1.0,1,Critical Risk
15792365,He,France,Male,44,501,142051.07,2,1,0,0.057,0,Low Risk
15592389,H?,France,Male,27,684,134603.88,1,1,0,0.0365,0,Low Risk
15767821,Bearce,France,Male,31,528,102016.72,2,0,0,0.0336,0,Low Risk
15737173,Andrews,Spain,Male,24,497,0.0,2,0,0,0.0101,0,Low Risk
15632264,Kay,France,Female,34,476,0.0,2,0,0,0.053,0,Low Risk
15691483,Chin,France,Female,25,549,0.0,2,0,0,0.0281,0,Low Risk
15600882,Scott,Spain,Female,35,635,0.0,2,1,0,0.0159,0,Low Risk
15643966,Goforth,Germany,Male,45,616,143129.41,2,1,0,0.154,0,Low Risk
15737452,Romeo,Germany,Male,58,653,132602.88,1,0,1,0.9978,1,Critical Risk
15788218,Henderson,Spain,Female,24,549,0.0,2,1,0,0.0062,0,Low Risk
15661507,Muldrow,Spain,Male,45,587,0.0,1,0,0,0.7885,1,Critical Risk
15568982,Hao,France,Female,24,726,0.0,2,1,0,0.0124,0,Low Risk
15577657,McDonald,France,Male,41,732,0.0,2,1,0,0.0282,0,Low Risk
15597945,Dellucci,Spain,Female,32,636,0.0,2,0,0,0.0289,0,Low Risk
15699309,Gerasimov,Spain,Female,38,510,0.0,1,0,1,0.4687,1,High Risk
15725737,Mosman,France,Male,46,669,0.0,2,1,0,0.0359,0,Low Risk
15625047,Yen,France,Female,38,846,0.0,1,1,0,0.2397,0,Moderate Risk
15738191,Maclean,France,Male,25,577,0.0,2,1,0,0.0062,0,Low Risk
15736816,Young,Germany,Male,36,756,136815.64,1,1,0,0.2491,0,Moderate Risk
15700772,Nebechi,France,Male,44,571,0.0,2,0,0,0.0449,0,Low Risk
15728693,McWilliams,Germany,Female,43,574,141349.43,1,1,0,0.5082,1,High Risk
15656300,Lucciano,France,Male,29,411,59697.17,2,1,0,0.0159,0,Low Risk
15589475,Azikiwe,Spain,Female,39,591,0.0,3,0,1,0.9431,1,Critical Risk
15706552,Odinakachukwu,France,Male,36,533,85311.7,1,1,0,0.0977,0,Low Risk
15750181,Sanderson,Germany,Male,41,553,110112.54,2,0,0,0.3085,1,Moderate Risk
15659428,Maggard,Spain,Female,42,520,0.0,2,1,0,0.0286,0,Low Risk
15732963,Clements,Spain,Female,29,722,0.0,2,1,0,0.0101,0,Low Risk
15794171,Lombardo,France,Female,45,475,134264.04,1,0,1,0.84,1,Critical Risk
15788448,Watson,Spain,Male,31,490,145260.23,1,1,0,0.0403,0,Low Risk
15729599,Lorenzo,Spain,Male,33,804,76548.6,1,1,0,0.027,0,Low Risk
15717426,Armstrong,France,Male,36,850,0.0,1,1,0,0.0711,0,Low Risk
15585768,Cameron,Germany,Male,41,582,70349.48,2,1,0,0.0433,0,Low Risk
15619360,Hsiao,Spain,Male,40,472,0.0,1,0,0,0.4272,1,High Risk
15738148,Clarke,France,Female,51,465,122522.32,1,0,1,0.9417,1,Critical Risk
15687946,Osborne,France,Female,61,556,117419.35,1,1,0,0.4131,1,High Risk
15755196,Lavine,France,Female,49,834,131394.56,1,0,1,0.6629,1,Critical Risk
15684171,Bianchi,Spain,Female,61,660,155931.11,1,1,0,0.3281,1,Moderate Risk
15754849,Tyler,Germany,Female,32,776,109421.13,2,1,0,0.0649,0,Low Risk
15602280,Martin,Germany,Female,27,829,112045.67,1,1,1,0.3668,1,Moderate Risk
15771573,Okagbue,Germany,Female,39,637,137843.8,1,1,1,0.5828,1,High Risk
15766205,Yin,Germany,Male,38,550,103391.38,1,1,0,0.234,0,Moderate Risk
15771873,Buccho,Germany,Female,37,776,103769.22,2,0,0,0.0701,0,Low Risk
15616550,Chidiebele,Germany,Male,44,698,116363.37,2,0,0,0.1623,0,Low Risk
15768193,Trevisani,Germany,Male,36,585,146050.97,2,0,0,0.0661,0,Low Risk
15683553,O'Brien,France,Female,33,788,0.0,2,0,0,0.0274,0,Low Risk
15702298,Parkhill,Germany,Male,41,655,125561.97,1,0,1,0.7853,1,Critical Risk
15569590,Yoo,Germany,Male,42,601,98495.72,1,0,1,0.686,1,Critical Risk
15760861,Phillipps,France,Male,43,619,125211.92,1,1,0,0.1219,0,Low Risk
15630053,Tsao,France,Male,45,656,127864.4,1,0,0,0.5603,1,High Risk
15647091,Endrizzi,Germany,Male,19,725,75888.2,1,0,0,0.0679,0,Low Risk
15623944,T'ien,Spain,Female,66,511,0.0,1,0,1,0.9409,1,Critical Risk
15804771,Velazquez,France,Male,51,614,40685.92,1,1,0,0.4808,1,High Risk
15651280,Hunter,Germany,Male,35,742,136857.0,1,0,0,0.4987,1,High Risk
15773469,Clark,Germany,Female,27,687,152328.88,2,0,0,0.0592,0,Low Risk
15702014,Jeffrey,Spain,Male,33,555,56084.69,2,0,0,0.0274,0,Low Risk
15751208,Pirozzi,Spain,Male,56,684,78707.16,1,1,0,0.2153,0,Moderate Risk
15592461,Jackson,Germany,Male,26,603,109166.37,1,1,0,0.1516,0,Low Risk
15789484,Hammond,Germany,Female,36,751,169831.46,2,1,0,0.0569,0,Low Risk
15696061,Brownless,Germany,Female,34,581,101633.04,1,0,0,0.434,1,High Risk
15641582,Chibugo,Germany,Male,43,735,123180.01,2,1,0,0.0505,0,Low Risk
15638424,Glauert,Germany,Female,35,661,150725.53,2,1,0,0.052,0,Low Risk
15755648,Pisano,France,Female,21,675,98373.26,1,0,0,0.0593,0,Low Risk
15703793,Konovalova,Germany,Male,58,738,133745.44,4,0,1,1.0,1,Critical Risk
15620344,McKee,France,Male,29,813,0.0,1,0,0,0.1784,0,Low Risk
15812518,Palermo,Spain,Female,37,657,163607.18,1,1,0,0.0649,0,Low Risk
15779052,Ballard,Germany,Female,25,604,157780.84,2,1,0,0.0254,0,Low Risk
15770811,Wallace,France,Male,36,519,0.0,2,1,0,0.0251,0,Low Risk
15780961,Cavenagh,France,Female,21,735,178718.19,2,0,0,0.0684,0,Low Risk
15614049,Hu,France,Male,55,664,0.0,2,1,0,0.0873,0,Low Risk
15662085,Read,France,Female,32,678,0.0,1,1,0,0.1485,0,Low Risk
15575185,Bushell,Spain,Male,33,757,77253.22,1,1,0,0.0561,0,Low Risk
15803136,Postle,Germany,Female,41,416,122189.66,2,0,0,0.2909,1,Moderate Risk
15706021,Buley,France,Female,34,665,96645.54,2,0,0,0.0565,0,Low Risk
15663706,Leonard,France,Female,32,777,0.0,1,0,1,0.3346,1,Moderate Risk
15641732,Mills,France,Female,36,543,0.0,2,0,0,0.0269,0,Low Risk
15701164,Onyeorulu,France,Female,34,506,90307.62,1,1,0,0.0724,0,Low Risk
15738751,Beit,France,Female,46,493,0.0,2,0,0,0.1561,0,Low Risk
15805254,Ndukaku,Spain,Female,75,652,0.0,2,1,0,0.0062,0,Low Risk
15762418,Gant,Spain,Male,22,750,121681.82,1,0,1,0.1854,0,Low Risk
15625759,Rowley,France,Male,30,729,0.0,2,0,0,0.0136,0,Low Risk
15622897,Sharpe,France,Female,46,646,0.0,3,0,1,0.9725,1,Critical Risk
15767954,Osborne,Germany,Female,28,635,81623.67,2,1,0,0.0308,0,Low Risk
15757535,Heap,Spain,Female,44,647,0.0,3,1,1,0.9673,1,Critical Risk
15731511,Ritchie,France,Male,45,808,118626.55,2,0,0,0.2356,0,Moderate Risk
15809248,Cole,France,Female,36,524,0.0,2,0,0,0.0572,0,Low Risk
15640635,Capon,France,Male,29,769,0.0,2,1,0,0.0062,0,Low Risk
15676966,Capon,Spain,Male,42,730,0.0,2,1,0,0.0179,0,Low Risk
15699461,Fiorentini,Spain,Male,35,515,176273.95,1,1,0,0.0248,0,Low Risk
15738721,Graham,Spain,Male,41,773,102827.44,1,1,0,0.046,0,Low Risk
15693683,Yuille,Germany,Male,29,814,97086.4,2,1,0,0.0,0,Low Risk
15604348,Allard,Spain,Male,22,710,0.0,2,0,0,0.0101,0,Low Risk
15633059,Fanucci,France,Male,34,413,0.0,2,0,0,0.0062,0,Low Risk
15808582,Fu,France,Female,40,665,0.0,1,1,0,0.4271,1,High Risk
15743192,Hung,France,Female,44,623,0.0,2,0,0,0.0896,0,Low Risk
15580146,Hung,France,Male,31,738,82674.15,1,0,0,0.0446,0,Low Risk
15776605,Bradley,Spain,Male,36,528,0.0,2,0,0,0.0262,0,Low Risk
15804919,Dunbabin,Spain,Female,65,670,0.0,1,1,1,0.3856,1,Moderate Risk
15613854,Mauldon,Spain,Female,46,622,107073.27,2,1,1,0.1928,0,Low Risk
15599195,Stiger,Germany,Male,32,582,88938.62,1,1,0,0.0667,0,Low Risk
15812878,Parsons,Germany,Female,36,785,99806.85,1,1,0,0.3016,1,Moderate Risk
15602312,Walkom,Spain,Male,33,605,150092.8,1,0,0,0.1539,0,Low Risk
15744689,T'ang,Germany,Male,35,479,92833.89,1,0,1,0.2506,0,Moderate Risk
15803526,Eremenko,Germany,Male,30,685,90536.81,1,1,0,0.0684,0,Low Risk
15665790,Rowntree,Germany,Male,39,538,108055.1,2,0,0,0.2394,0,Moderate Risk
15715951,Thorpe,France,Male,42,562,100238.35,1,0,0,0.1346,0,Low Risk
15591100,Chiemela,Spain,Male,36,675,106190.55,1,1,0,0.0462,0,Low Risk
15609618,Fanucci,Germany,Male,28,721,154475.54,2,1,1,0.0219,0,Low Risk
15675522,Ko,Germany,Female,30,628,132351.29,2,1,0,0.0645,0,Low Risk
15705512,Welch,Germany,Female,37,668,167864.4,1,0,0,0.4489,1,High Risk
15698028,Duncan,France,Female,41,506,0.0,2,0,0,0.0645,0,Low Risk
15661670,Chidozie,Germany,Female,31,524,107818.63,1,0,1,0.5904,1,High Risk
15600781,Wu,Germany,Male,34,699,185173.81,2,0,0,0.0511,0,Low Risk
15682472,Culbreth,France,Male,34,828,129433.34,2,0,0,0.0352,0,Low Risk
15580203,Kennedy,Spain,Male,39,674,120193.42,1,0,0,0.2924,1,Moderate Risk
15690673,Cameron,France,Female,39,656,0.0,2,0,0,0.0609,0,Low Risk
15760085,Calabresi,Germany,Female,48,684,126384.42,1,1,0,0.6421,1,High Risk
15779659,Zetticci,France,Female,28,625,0.0,1,0,0,0.2876,1,Moderate Risk
15627360,Fuller,France,Male,42,432,152603.45,1,0,1,0.3017,1,Moderate Risk
15671137,MacDonald,France,Female,52,549,0.0,1,1,1,0.8647,1,Critical Risk
15782688,Piccio,Germany,Male,56,625,148507.24,1,0,1,0.9767,1,Critical Risk
15575492,Kennedy,France,Female,41,828,0.0,2,0,0,0.0585,0,Low Risk
15591607,Fernie,France,Male,24,770,101827.07,1,0,0,0.0577,0,Low Risk
15740404,He,France,Female,34,758,0.0,2,1,0,0.0254,0,Low Risk
15718369,Kaodilinakachukwu,Germany,Female,33,795,130862.43,1,1,0,0.3463,1,Moderate Risk
15677871,Cocci,France,Male,38,687,122570.87,1,1,0,0.0609,0,Low Risk
15642004,Alekseeva,France,Male,25,686,0.0,2,1,0,0.0,0,Low Risk
15712543,Chinweike,Germany,Male,39,789,124828.46,2,1,0,0.0661,0,Low Risk
15584518,Arthur,Germany,Female,50,589,144895.05,2,1,0,0.3793,1,Moderate Risk
15802381,Li,Germany,Female,34,461,63663.93,1,1,0,0.1575,0,Low Risk
15610156,Ma,France,Male,40,637,133463.1,1,1,0,0.0953,0,Low Risk
15594408,Chia,Spain,Female,48,584,213146.2,1,0,1,0.9698,1,Critical Risk
15640905,Vasin,Spain,Female,35,579,129490.36,2,1,1,0.043,0,Low Risk
15698932,Groves,Germany,Male,44,756,137452.09,1,0,0,0.5913,1,High Risk
15724944,Tien,France,Male,34,663,0.0,2,1,0,0.0062,0,Low Risk
15628145,Forwood,France,Female,43,682,125851.93,1,1,0,0.2466,0,Moderate Risk
15713483,Greeves,Spain,Male,52,793,0.0,1,0,1,0.9606,1,Critical Risk
15612350,Taylor,France,Female,31,691,40915.55,1,0,1,0.4604,1,High Risk
15800703,Madukwe,Spain,Female,21,485,113157.22,1,1,0,0.0403,0,Low Risk
15705707,Bennelong,Spain,Female,29,635,138296.94,2,0,0,0.0856,0,Low Risk
15754105,Olisanugo,France,Male,37,650,106967.18,1,0,0,0.1034,0,Low Risk
15703264,Chukwufumnanya,France,Male,44,735,120681.63,1,0,0,0.2972,1,Moderate Risk
15794413,Harris,France,Male,32,416,0.0,2,1,0,0.0,0,Low Risk
15650237,Morgan,Spain,Female,32,754,0.0,2,0,0,0.0274,0,Low Risk
15759618,Alexeeva,France,Female,48,535,0.0,1,0,1,0.9736,1,Critical Risk
15811589,Metcalfe,Spain,Male,42,716,0.0,2,0,0,0.0433,0,Low Risk
15689044,Humphries,France,Male,37,539,127609.59,1,0,0,0.13,0,Low Risk
15709368,Milne,France,Female,43,614,0.0,2,1,0,0.0449,0,Low Risk
15679145,Chou,Spain,Male,57,706,0.0,1,0,1,0.9677,1,Critical Risk
15655007,Li,France,Female,33,758,0.0,2,0,0,0.0274,0,Low Risk
15623595,Clayton,Spain,Female,28,586,0.0,2,1,0,0.0124,0,Low Risk
15589975,Maclean,France,Female,73,646,97259.25,1,1,0,0.0582,0,Low Risk
15804017,Chigolum,Germany,Female,33,631,123246.7,1,0,0,0.4734,1,High Risk
15692132,Wilkinson,Spain,Female,22,717,101060.25,1,1,0,0.0532,0,Low Risk
15641122,Wei,France,Male,30,684,0.0,2,0,0,0.0124,0,Low Risk
15630910,Treacy,France,Female,49,800,108007.36,1,0,0,0.6778,1,Critical Risk
15680772,Hu,Spain,Female,36,721,0.0,2,1,0,0.0254,0,Low Risk
15658929,Taverner,Spain,Male,29,683,133702.89,1,0,1,0.2096,0,Moderate Risk
15585388,Sherman,Germany,Male,31,660,125189.75,2,1,0,0.0403,0,Low Risk
15724623,Taubman,Germany,Female,24,704,113034.22,1,0,1,0.4413,1,High Risk
15588537,Robinson,Spain,Female,41,615,109013.23,1,0,0,0.3323,1,Moderate Risk
15574692,Pinto,Spain,Female,39,667,0.0,2,0,1,0.055,0,Low Risk
15611325,Wood,Germany,Male,24,682,57929.81,2,0,0,0.0124,0,Low Risk
15587562,Hawkins,France,Female,29,484,130114.39,1,0,0,0.1485,0,Low Risk
15613172,Sun,Germany,Male,27,628,95826.49,2,0,0,0.0471,0,Low Risk
15651022,Yost,Germany,Male,44,480,129608.57,1,0,1,0.7536,1,Critical Risk
15586310,Ting,France,Male,30,578,169462.09,1,0,0,0.1304,0,Low Risk
15625524,Rowe,France,Male,40,512,0.0,2,1,0,0.0159,0,Low Risk
15755209,Fu,Spain,Female,35,484,133868.21,1,1,0,0.0476,0,Low Risk
15645248,Ho,France,Female,30,510,0.0,2,1,0,0.0221,0,Low Risk
15790355,Okechukwu,Germany,Male,36,606,190479.48,2,0,0,0.0572,0,Low Risk
15762615,Campbell,Spain,Female,40,597,101993.12,1,1,0,0.0994,0,Low Risk
15625426,Ashbolt,Germany,Female,55,754,161608.81,1,0,1,0.9764,1,Critical Risk
15716334,Rozier,Spain,Female,45,850,122311.21,1,1,0,0.1178,0,Low Risk
15789669,Hsia,France,Male,65,510,0.0,2,1,0,0.0136,0,Low Risk
15621075,Ogbonnaya,Germany,Female,45,778,162150.42,2,0,0,0.4794,1,High Risk
15810845,T'ang,France,Male,42,636,0.0,2,1,0,0.0167,0,Low Risk
15719377,Cocci,France,Female,50,804,0.0,1,1,1,0.7077,1,Critical Risk
15654506,Chang,France,Male,32,514,0.0,2,0,0,0.0124,0,Low Risk
15771977,T'ao,France,Female,39,730,99010.67,1,0,0,0.3383,1,Moderate Risk
15708710,Ford,Spain,Female,37,525,0.0,1,1,0,0.2305,0,Moderate Risk
15726676,Marshall,Spain,Male,30,616,0.0,2,1,0,0.0062,0,Low Risk
15587421,Tsai,Germany,Female,34,687,111388.18,2,0,0,0.2069,0,Moderate Risk
15726931,Onwumelu,France,Female,41,715,56214.85,2,0,1,0.1704,0,Low Risk
15771086,Graham,France,Female,36,512,84327.77,2,0,0,0.0645,0,Low Risk
15756850,Golovanov,France,Male,40,479,0.0,2,0,0,0.0221,0,Low Risk
15702741,Potts,France,Male,32,601,93012.89,1,0,0,0.0585,0,Low Risk
15679200,Crawford,Spain,Male,29,580,61710.44,2,0,0,0.0221,0,Low Risk
15594815,Aleshire,France,Male,35,807,174790.15,1,1,0,0.0274,0,Low Risk
15635905,Moran,Spain,Female,32,616,0.0,2,1,0,0.0159,0,Low Risk
15777892,Samsonova,Germany,Male,37,721,107720.64,1,1,0,0.2729,1,Moderate Risk
15656176,Jenkins,France,Male,57,501,0.0,2,1,0,0.1162,0,Low Risk
15811127,Volkov,France,Male,35,521,96423.84,1,0,0,0.0898,0,Low Risk
15604482,Chiemezie,Spain,Male,30,850,141040.01,1,1,0,0.0144,0,Low Risk
15622911,Jude,France,Male,42,759,105420.18,1,1,0,0.1419,0,Low Risk
15600974,He,Spain,Male,50,516,0.0,1,1,1,0.6556,1,Critical Risk
15727868,Onuora,France,Female,38,711,129022.06,2,1,1,0.0822,0,Low Risk
15627801,Ginikanwa,Spain,Male,33,512,176666.62,1,0,0,0.1314,0,Low Risk
15773039,Ku,France,Male,37,550,0.0,1,1,0,0.1649,0,Low Risk
15755262,McDonald,Spain,Female,41,608,89763.84,1,0,1,0.3,1,Moderate Risk
15679531,Collins,France,Male,34,618,134954.53,1,1,0,0.0609,0,Low Risk
15684181,Hackett,France,Male,45,643,0.0,1,0,1,0.7992,1,Critical Risk
15612087,Dike,France,Male,45,671,106376.85,1,1,0,0.3047,1,Moderate Risk
15752047,Trevisano,Germany,Male,33,689,161814.64,2,0,0,0.0343,0,Low Risk
15624592,Tan,France,Male,31,603,0.0,2,1,0,0.0101,0,Low Risk
15573152,Glassman,France,Female,41,620,0.0,2,0,0,0.078,0,Low Risk
15594917,Miller,France,Female,34,676,63095.01,1,1,0,0.0566,0,Low Risk
15785542,Kornilova,Germany,Male,26,572,118287.01,2,0,0,0.0701,0,Low Risk
15723488,Watson,Germany,Male,47,668,106854.21,1,1,1,0.726,1,Critical Risk
15680920,Marchesi,France,Male,46,695,49512.55,1,0,0,0.7157,1,Critical Risk
15786308,Millar,Spain,Female,33,730,0.0,2,0,0,0.0305,0,Low Risk
15659366,Shih,France,Male,43,807,105799.32,2,0,1,0.1,0,Low Risk
15774854,Fuller,France,Male,54,592,0.0,1,1,1,0.587,1,High Risk
15725311,Hay,France,Female,31,726,114722.05,2,1,0,0.0419,0,Low Risk
15787155,Yang,Spain,Male,30,514,0.0,1,1,0,0.0644,0,Low Risk
15727829,McIntyre,France,Male,42,567,0.0,2,1,0,0.0159,0,Low Risk
15733247,Stevenson,France,Male,33,850,0.0,1,0,1,0.0397,0,Low Risk
15568748,Poole,Germany,Male,45,671,99564.22,1,1,1,0.5468,1,High Risk
15699029,Bagley,France,Male,37,670,170557.91,2,0,0,0.0592,0,Low Risk
15774393,Ch'ien,France,Female,30,694,0.0,2,1,0,0.0159,0,Low Risk
15676895,Cattaneo,Germany,Female,39,547,74596.15,3,1,1,0.9739,1,Critical Risk
15637753,O'Sullivan,Germany,Male,50,751,96888.39,1,0,1,0.908,1,Critical Risk
15605461,Lucas,Germany,Female,29,594,130830.22,1,0,0,0.4199,1,High Risk
15808473,Ringrose,France,Male,72,673,0.0,2,1,0,0.0062,0,Low Risk
15627000,Freeman,France,Male,40,610,0.0,2,0,0,0.0465,0,Low Risk
15787174,Sergeyev,France,Female,37,512,0.0,2,1,0,0.0419,0,Low Risk
15723886,Fiore,Germany,Male,20,767,119714.25,2,1,0,0.0359,0,Low Risk
15704769,Smith,France,Female,67,585,113978.97,2,1,0,0.152,0,Low Risk
15772896,Dumetochukwu,Germany,Male,42,763,100160.75,1,0,1,0.7212,1,Critical Risk
15711540,Pacheco,France,Female,29,712,0.0,1,1,0,0.1584,0,Low Risk
15764866,Synnot,Germany,Female,43,539,116220.5,3,0,1,0.9968,1,Critical Risk
15794056,Johnston,France,Female,46,668,0.0,3,0,1,0.9736,1,Critical Risk
15795149,Stevens,France,Male,28,703,81173.83,2,1,0,0.0124,0,Low Risk
15812009,Grant,Spain,Male,38,662,0.0,2,0,0,0.0282,0,Low Risk
15651001,Tsao,Germany,Female,39,725,116803.8,1,0,0,0.7926,1,Critical Risk
15813844,Barnes,France,Male,37,703,105961.68,2,1,0,0.0305,0,Low Risk
15596175,McIntosh,Germany,Male,67,659,117411.6,1,1,1,0.3697,1,Moderate Risk
15576269,Madison,Spain,Male,34,523,0.0,2,0,0,0.0124,0,Low Risk
15797219,Ifesinachi,France,Female,40,635,123497.58,1,0,1,0.3705,1,Moderate Risk
15685500,Glazkov,Germany,Male,26,772,152400.51,2,0,0,0.0476,0,Low Risk
15599792,Dimauro,France,Female,26,545,0.0,2,1,0,0.0062,0,Low Risk
15657566,Wieck,Germany,Male,24,634,103097.85,1,1,0,0.1327,0,Low Risk
15772423,Liao,Germany,Male,54,739,126418.14,1,0,1,0.9946,1,Critical Risk
15628112,Hughes,Germany,Female,36,771,77846.9,1,0,0,0.3603,1,Moderate Risk
15753754,Morrison,Spain,Female,34,587,0.0,2,1,0,0.0124,0,Low Risk
15793726,Matveyeva,France,Female,79,681,0.0,2,1,0,0.0097,0,Low Risk
15694717,Ku,Germany,Male,37,544,79731.91,1,1,0,0.1145,0,Low Risk
15665834,Cheatham,Spain,Male,28,696,0.0,1,0,0,0.1165,0,Low Risk
15765297,Yao,Spain,Male,41,766,0.0,2,1,0,0.0219,0,Low Risk
15636684,Kirkland,France,Male,34,727,0.0,2,1,0,0.0124,0,Low Risk
15592979,Rose,Germany,Female,34,671,37266.67,2,0,0,0.0452,0,Low Risk
15750803,Jess,France,Female,30,693,127992.25,1,1,0,0.0842,0,Low Risk
15607178,Welch,Germany,Male,38,850,54901.01,1,1,0,0.0567,0,Low Risk
15713853,Ifeajuna,Germany,Male,42,732,108748.08,2,1,0,0.1034,0,Low Risk
15673481,Morton,Spain,Female,48,726,99906.19,1,0,0,0.6952,1,Critical Risk
15686776,Rossi,France,Female,32,557,184686.41,2,0,0,0.1113,0,Low Risk
15673693,Reppert,France,Female,26,682,110654.02,1,1,0,0.046,0,Low Risk
15700696,Kang,Spain,Male,31,738,79019.8,1,1,0,0.0221,0,Low Risk
15813163,Ch'iu,Spain,Female,36,531,99240.51,1,0,0,0.2189,0,Moderate Risk
15653857,Wallis,France,Male,34,498,0.0,2,1,0,0.0101,0,Low Risk
15777076,Clark,France,Male,36,651,0.0,2,0,0,0.0219,0,Low Risk
15717398,Fielding,Spain,Female,39,549,0.0,1,0,1,0.5405,1,High Risk
15799217,Zetticci,Germany,Female,35,791,52436.2,1,0,0,0.3486,1,Moderate Risk
15787071,Dulhunty,Spain,Male,41,650,0.0,2,1,0,0.0136,0,Low Risk
15619955,Bevington,Germany,Male,34,733,100337.96,3,0,1,0.9621,1,Critical Risk
15796505,Boyle,Germany,Female,34,811,149297.19,2,1,0,0.0124,0,Low Risk
15725166,Newton,France,Male,30,707,0.0,2,0,0,0.0124,0,Low Risk
15800116,Bowman,Germany,Male,28,712,145605.44,1,1,0,0.1271,0,Low Risk
15758685,Dubinina,Spain,Female,37,706,0.0,2,1,0,0.0254,0,Low Risk
15694456,Toscani,France,Male,62,756,0.0,1,1,1,0.4004,1,High Risk
15767339,Chiazagomekpere,France,Female,53,777,0.0,2,0,0,0.6485,1,High Risk
15683562,Allen,France,Male,35,646,84026.86,1,1,0,0.1139,0,Low Risk
15782210,K'ung,France,Male,46,714,0.0,1,0,1,0.8168,1,Critical Risk
15668893,Wilsmore,France,Male,39,782,0.0,2,1,0,0.0159,0,Low Risk
15669169,Hargreaves,Spain,Male,29,775,0.0,2,1,0,0.0,0,Low Risk
15643024,Huang,Germany,Male,35,479,138718.92,1,1,1,0.2721,0,Moderate Risk
15699389,Ch'ien,France,Male,42,807,118274.71,1,1,0,0.1305,0,Low Risk
15708608,Wallwork,France,Female,22,799,174185.98,2,1,0,0.0475,0,Low Risk
15626144,Chu,France,Male,40,675,113208.86,2,0,0,0.0855,0,Low Risk
15573112,Kang,Spain,Male,29,602,103907.28,1,0,0,0.1516,0,Low Risk
15790678,Davidson,France,Female,32,475,119023.28,1,0,0,0.0999,0,Low Risk
15727556,O'Donnell,Spain,Female,26,744,166297.89,1,1,0,0.0649,0,Low Risk
15697307,Nnachetam,Spain,Male,34,588,0.0,2,0,0,0.0101,0,Low Risk
15652266,Chidiebele,Germany,Male,42,703,63227.0,1,1,0,0.2352,0,Moderate Risk
15607098,Ahmed,Spain,Female,41,747,94521.17,2,0,0,0.0661,0,Low Risk
15655774,Booth,France,Male,27,583,0.0,2,0,0,0.0124,0,Low Risk
15590241,Chuang,Spain,Female,34,750,112822.26,1,0,1,0.2548,0,Moderate Risk
15785819,Shao,France,Male,38,681,0.0,2,1,0,0.0124,0,Low Risk
15723654,Tsao,France,Male,25,773,135903.33,1,0,0,0.0609,0,Low Risk
15774510,Tien,France,Female,31,714,125169.26,1,1,0,0.0701,0,Low Risk
15684173,Chang,Spain,Female,44,687,0.0,3,0,1,0.9649,1,Critical Risk
15650068,Johnson,France,Male,58,511,149117.31,1,1,0,0.2455,0,Moderate Risk
15811490,French,France,Male,33,627,0.0,2,1,0,0.0062,0,Low Risk
15803976,Efremov,France,Female,31,694,0.0,2,0,0,0.0403,0,Low Risk
15682541,Hartley,Spain,Female,36,616,132311.71,1,0,0,0.2173,0,Moderate Risk
15695699,Calabrese,France,Male,35,687,0.0,2,0,0,0.0124,0,Low Risk
15624188,Chiu,France,Female,33,712,0.0,2,1,0,0.0274,0,Low Risk
15812191,Brennan,France,Male,33,553,118082.89,1,0,0,0.0701,0,Low Risk
15636673,Onwuatuegwu,France,Male,31,667,119266.69,1,1,0,0.0311,0,Low Risk
15594898,Hewitt,France,Male,43,731,0.0,1,1,1,0.2162,0,Moderate Risk
15660211,Shih,Germany,Male,35,629,156847.29,2,0,0,0.0668,0,Low Risk
15773972,Balashov,France,Male,50,614,137104.47,1,0,1,0.8763,1,Critical Risk
15746726,Doyle,Germany,Male,31,438,78398.69,1,0,0,0.0994,0,Low Risk
15712287,Pokrovskii,France,Female,80,652,0.0,2,1,0,0.0062,0,Low Risk
15702919,Collins,Germany,Male,30,729,63669.42,1,0,0,0.1,0,Low Risk
15674398,Russo,France,Male,38,642,0.0,2,0,0,0.0254,0,Low Risk
15797960,Skinner,Germany,Female,59,806,135296.33,1,0,0,0.9426,1,Critical Risk
15631868,Robertson,Spain,Male,36,744,153804.44,1,1,0,0.046,0,Low Risk
15581539,Atkinson,Spain,Male,37,474,0.0,2,0,0,0.0124,0,Low Risk
15662736,Doyle,France,Male,49,559,147069.78,1,0,1,0.751,1,Critical Risk
15666252,Ritchie,Spain,Male,42,706,0.0,2,1,0,0.0097,0,Low Risk
15677512,McEncroe,Spain,Female,22,628,0.0,1,0,0,0.2674,0,Moderate Risk
15626114,Pearson,France,Male,24,429,95741.75,1,0,0,0.0576,0,Low Risk
15810834,Gordon,Spain,Female,57,525,145965.33,1,1,0,0.2887,1,Moderate Risk
15678910,Ts'ai,France,Female,30,680,141441.75,1,1,0,0.0661,0,Low Risk
15694408,Lung,France,Male,40,749,139290.41,1,0,1,0.2947,1,Moderate Risk
15585215,Yuan,France,Female,31,763,0.0,2,0,0,0.0274,0,Low Risk
15682757,Pardey,France,Male,30,734,0.0,2,0,0,0.0124,0,Low Risk
15736601,Tai,France,Male,35,716,144428.87,1,0,0,0.1305,0,Low Risk
15601848,Scott,France,Male,35,594,0.0,2,0,0,0.0124,0,Low Risk
15736008,Hunter,France,Female,46,644,95441.27,1,0,1,0.7955,1,Critical Risk
15669064,Mazzanti,Germany,Male,35,671,144848.74,1,1,0,0.1674,0,Low Risk
15624528,L?,Germany,Male,26,664,116244.14,2,1,0,0.0336,0,Low Risk
15598493,Beach,France,Male,50,656,0.0,2,1,0,0.0889,0,Low Risk
15601274,Hsieh,Spain,Female,40,667,146502.07,1,0,0,0.5061,1,High Risk
15702669,Faulkner,Germany,Male,44,663,117028.6,2,1,0,0.1034,0,Low Risk
15728669,Knowles,Germany,Female,30,584,112013.81,1,0,1,0.6216,1,High Risk
15742668,Day,Spain,Female,37,626,108269.37,1,0,0,0.2827,1,Moderate Risk
15697441,Hsueh,France,Male,29,485,182123.79,1,0,1,0.0994,0,Low Risk
15740476,Tsao,Germany,Female,32,659,150923.74,2,1,0,0.0373,0,Low Risk
15648064,Kennedy,France,Male,33,649,0.0,2,0,0,0.0,0,Low Risk
15636624,Nwabugwu,Spain,Female,39,805,165272.13,1,0,1,0.45,1,High Risk
15807923,Young,Germany,Female,39,716,115301.31,1,0,1,0.7662,1,Critical Risk
15745844,Kerr,Germany,Female,40,642,129502.49,2,1,1,0.1712,0,Low Risk
15786170,Tien,France,Male,31,659,118342.26,1,0,0,0.0989,0,Low Risk
15681081,Marrero,Spain,Female,47,545,0.0,2,1,0,0.0399,0,Low Risk
15684484,White,France,Male,22,543,0.0,2,0,0,0.0101,0,Low Risk
15785869,Pisano,France,Female,25,718,0.0,2,0,0,0.0159,0,Low Risk
15763859,Brown,France,Female,43,840,0.0,2,0,0,0.0476,0,Low Risk
15658935,Freeman,Germany,Female,34,630,106937.05,2,0,0,0.2459,0,Moderate Risk
15747358,Russell,Germany,Male,59,643,170331.37,1,1,0,0.5652,1,High Risk
15735203,Seleznyov,Germany,Female,32,654,114510.85,1,1,0,0.2217,0,Moderate Risk
15576256,Yusupova,France,Male,39,582,0.0,2,1,0,0.0124,0,Low Risk
15659420,Foley,Spain,Male,32,659,107594.11,2,1,0,0.0241,0,Low Risk
15593365,Shih,Spain,Male,39,762,81273.13,1,1,0,0.0492,0,Low Risk
15777352,Ikedinachukwu,Spain,Female,32,568,169399.6,1,0,0,0.1831,0,Low Risk
15812007,Power,Spain,Male,25,670,0.0,2,1,0,0.0,0,Low Risk
15625461,Amos,France,Female,45,613,187841.99,2,1,0,0.2147,0,Moderate Risk
15739438,Reed,France,Male,30,539,0.0,2,0,0,0.0254,0,Low Risk
15611759,Simmons,Spain,Female,57,850,126776.3,2,1,0,0.1496,0,Low Risk
15661629,Ricci,Spain,Male,34,522,126436.29,1,0,1,0.188,0,Low Risk
15633950,Yen,France,Male,41,737,101960.74,1,1,0,0.0815,0,Low Risk
15592386,Campbell,France,Male,58,520,0.0,2,1,0,0.0994,0,Low Risk
15803716,West,Spain,Male,28,706,0.0,2,1,0,0.0062,0,Low Risk
15696674,Robinson,Germany,Female,45,643,150842.93,1,1,1,0.5264,1,High Risk
15706365,Bianchi,France,Female,50,648,102535.57,1,1,0,0.5862,1,High Risk
15745088,Chen,Germany,Female,29,443,99027.61,2,0,0,0.0462,0,Low Risk
15676715,Madukaego,France,Male,68,640,0.0,2,1,0,0.0124,0,Low Risk
15613085,Ibrahimova,Spain,Female,33,628,0.0,1,1,0,0.1936,0,Low Risk
15633537,Nolan,Germany,Female,42,540,87271.41,2,0,0,0.2395,0,Moderate Risk
15594720,Scott,Germany,Female,35,460,102742.91,2,1,0,0.0569,0,Low Risk
15684042,Blair,Germany,Male,34,636,40105.51,2,1,0,0.0179,0,Low Risk
15583303,Monaldo,France,Female,29,593,152265.43,1,0,0,0.0849,0,Low Risk
15611579,Sutherland,Spain,Male,42,801,141947.67,1,1,0,0.0667,0,Low Risk
15774696,Cole,Germany,Female,75,640,106307.91,2,1,0,0.1045,0,Low Risk
15694506,Briggs,Germany,Male,31,611,107884.81,2,1,0,0.0359,0,Low Risk
15688074,Gregory,Germany,Male,31,802,125013.72,1,1,0,0.0644,0,Low Risk
15759537,Bianchi,Germany,Male,35,717,58469.37,2,1,0,0.0062,0,Low Risk
15758449,Angelo,France,Female,39,769,0.0,1,1,0,0.3133,1,Moderate Risk
15583456,Gardiner,Germany,Male,45,745,117231.63,3,1,1,0.9968,1,Critical Risk
15667871,Kerr,Spain,Male,35,572,152390.26,1,0,0,0.1597,0,Low Risk
15677371,Ko,Spain,Female,30,629,34013.63,1,0,0,0.2721,0,Moderate Risk
15629677,Distefano,Spain,Female,39,687,0.0,3,0,1,0.9072,1,Critical Risk
15713578,Farrell,France,Female,50,483,0.0,2,1,0,0.1528,0,Low Risk
15591509,Milano,France,Male,36,690,101583.11,2,0,0,0.0538,0,Low Risk
15568240,Ting,Germany,Female,30,492,77168.87,2,1,0,0.0143,0,Low Risk
15622993,Boyd,Germany,Male,28,709,124695.72,2,0,0,0.1105,0,Low Risk
15689294,Onyemaechi,Germany,Male,44,705,105934.96,1,0,0,0.6712,1,Critical Risk
15720910,Black,France,Female,66,560,0.0,1,1,0,0.2236,0,Moderate Risk
15721181,Oliver,Spain,Male,46,611,0.0,2,0,0,0.0873,0,Low Risk
15776433,Greco,Spain,Male,62,730,0.0,2,1,0,0.0274,0,Low Risk
15748936,Whitehead,Spain,Female,45,709,0.0,2,1,0,0.0671,0,Low Risk
15717225,Ikemefuna,France,Female,21,544,161525.96,2,0,0,0.0194,0,Low Risk
15685226,Morrison,Germany,Female,29,712,147199.07,1,1,0,0.1389,0,Low Risk
15785611,Onyeoruru,Germany,Male,38,752,183102.29,1,1,0,0.1108,0,Low Risk
15573456,Cunningham,Spain,Male,46,648,127209.0,2,0,1,0.4098,1,High Risk
15684548,Demidov,Spain,Male,38,556,0.0,2,0,1,0.0268,0,Low Risk
15620505,Celis,Spain,Female,24,594,97378.54,1,1,0,0.0489,0,Low Risk
15807432,Cheng,Germany,Female,37,645,136925.09,2,1,0,0.0995,0,Low Risk
15584766,Knight,France,Male,33,557,54503.55,1,1,0,0.0317,0,Low Risk
15612187,Morin,Germany,Male,32,547,155726.85,1,0,0,0.2794,1,Moderate Risk
15762218,Mills,France,Female,39,701,0.0,2,1,0,0.0569,0,Low Risk
15646372,Outhwaite,France,Female,66,616,135842.41,1,0,1,0.9312,1,Critical Risk
15690452,Tung,France,Male,52,605,63349.75,1,0,0,0.9356,1,Critical Risk
15747795,Pai,Germany,Female,38,593,129499.42,1,1,0,0.4494,1,High Risk
15781589,Carpenter,Spain,Male,52,751,0.0,2,1,0,0.0815,0,Low Risk
15732674,Fennell,Spain,Male,36,443,70438.01,2,1,0,0.0167,0,Low Risk
15642291,Fontaine,France,Male,23,685,0.0,2,1,0,0.0062,0,Low Risk
15692761,Pratt,France,Male,36,718,0.0,1,0,0,0.2207,0,Moderate Risk
15578045,Mitchell,Spain,Female,49,538,141434.04,1,0,1,0.8965,1,Critical Risk
15745354,Franklin,Spain,Female,37,611,0.0,2,0,0,0.0542,0,Low Risk
15701376,K'ung,Germany,Male,37,668,152958.29,2,1,0,0.0343,0,Low Risk
15691625,Ko,Germany,Female,41,537,138306.34,1,0,0,0.7268,1,Critical Risk
15566594,McKenzie,Spain,Male,23,709,0.0,2,0,0,0.0101,0,Low Risk
15760431,Pino,France,Male,38,850,0.0,2,1,0,0.0062,0,Low Risk
15686302,Fisk,Spain,Female,31,745,124328.84,1,1,0,0.0896,0,Low Risk
15801559,Chiang,Germany,Female,41,693,181461.48,3,1,1,0.9677,1,Critical Risk
15810432,Moseley,Spain,Male,35,795,0.0,2,0,0,0.0101,0,Low Risk
15809616,Hsiung,Spain,Male,26,626,0.0,2,0,0,0.0062,0,Low Risk
15720559,Heath,Germany,Female,61,487,110368.03,1,0,1,0.9798,1,Critical Risk
15695632,Dellucci,France,Female,39,556,89588.35,1,1,0,0.1305,0,Low Risk
15659843,Li,France,Female,46,643,0.0,2,0,0,0.2206,0,Moderate Risk
15615624,De Salis,France,Female,28,605,0.0,2,0,0,0.0289,0,Low Risk
15810418,T'ang,Germany,Female,60,756,115924.89,1,0,1,0.9984,1,Critical Risk
15716186,Richardson,France,Female,38,586,0.0,2,0,0,0.0542,0,Low Risk
15674551,Fitch,Germany,Male,40,535,111756.5,1,0,1,0.7694,1,Critical Risk
15622834,Stevenson,France,Female,35,678,0.0,1,0,0,0.4931,1,High Risk
15566111,Estes,France,Male,39,596,0.0,1,0,0,0.3203,1,Moderate Risk
15784597,Lattimore,France,Male,26,648,162923.85,1,0,0,0.0609,0,Low Risk
15652883,Chung,Germany,Male,39,492,124576.65,2,0,0,0.2122,0,Moderate Risk
15806964,Utz,France,Male,45,702,80793.58,1,1,0,0.1788,0,Low Risk
15576313,Wei,Germany,Female,40,486,71340.09,1,0,0,0.4415,1,High Risk
15806467,Boyle,Germany,Male,40,568,99282.63,1,0,1,0.6216,1,High Risk
15597602,Nwachinemelu,Germany,Male,57,619,137946.39,1,1,1,0.7669,1,Critical Risk
15743040,Kuznetsova,Germany,Male,41,724,127892.57,2,1,0,0.0281,0,Low Risk
15705521,Pisani,Germany,Female,33,548,101084.36,1,0,0,0.4167,1,High Risk
15595039,Manna,Germany,Female,37,545,114754.08,1,0,1,0.7741,1,Critical Risk
15799384,Collier,France,Male,33,683,0.0,1,0,0,0.1584,0,Low Risk
15581197,Ricci,France,Female,51,762,99286.98,1,1,0,0.625,1,High Risk
15693737,Carr,Germany,Female,30,627,79871.02,2,0,0,0.0585,0,Low Risk
15624623,Hs?,France,Male,35,516,104088.59,2,0,0,0.0403,0,Low Risk
15783501,Findlay,France,Female,38,800,168190.33,2,0,0,0.0953,0,Low Risk
15690134,Hughes,Germany,Female,42,464,85679.25,1,1,0,0.4191,1,High Risk
15782735,Chukwuemeka,France,Female,35,626,0.0,1,0,0,0.3236,1,Moderate Risk
15611088,Genovese,France,Female,31,790,0.0,2,0,0,0.0167,0,Low Risk
15672145,Swift,France,Female,34,534,121551.58,2,1,0,0.0426,0,Low Risk
15732628,Ugoji,France,Male,46,745,122220.19,1,1,0,0.2156,0,Moderate Risk
15787470,Parkinson,Spain,Male,47,553,116528.15,1,0,1,0.7019,1,Critical Risk
15803406,Ross,France,Female,26,748,77780.29,1,1,0,0.0609,0,Low Risk
15730460,Oleary,France,Male,37,722,0.0,1,0,0,0.2218,0,Moderate Risk
15644572,Turnbull,France,Male,40,501,125832.2,1,1,0,0.0671,0,Low Risk
15694860,Uspensky,France,Female,38,675,68065.8,1,0,1,0.4206,1,High Risk
15658169,Cook,Spain,Female,47,778,127299.34,2,0,0,0.6225,1,High Risk
15794396,Newbold,Germany,Female,38,494,174937.64,1,0,0,0.3271,1,Moderate Risk
15785798,Uchechukwu,France,Male,40,850,0.0,2,1,0,0.0124,0,Low Risk
15710825,Ch'en,Spain,Male,31,592,110071.1,1,0,0,0.0815,0,Low Risk
15668444,He,Spain,Female,44,590,139432.37,1,0,0,0.416,1,High Risk
15726631,Hilton,France,Female,39,758,127357.76,1,1,0,0.216,0,Moderate Risk
15733797,Sal,France,Male,36,506,0.0,2,0,0,0.0159,0,Low Risk
15747960,Eluemuno,France,Male,33,733,0.0,1,1,0,0.0656,0,Low Risk
15634632,Titus,France,Male,38,711,0.0,2,0,0,0.0254,0,Low Risk
15707362,Yin,Germany,Male,43,514,95556.31,1,1,1,0.3986,1,Moderate Risk
15662976,Lettiere,Spain,Male,37,637,0.0,1,1,0,0.0784,0,Low Risk
15732778,Templeman,Germany,Male,29,468,111681.98,2,1,0,0.0159,0,Low Risk
15718443,Chibuzo,France,Male,39,539,0.0,2,0,0,0.0254,0,Low Risk
15670039,Sun,Spain,Female,25,509,108738.71,2,0,0,0.0585,0,Low Risk
15773792,Evans,France,Female,32,662,133950.37,1,1,1,0.1304,0,Low Risk
15613786,Ogbonnaya,Spain,Male,26,818,0.0,2,1,0,0.0,0,Low Risk
15726032,Enyinnaya,France,Male,33,608,89968.69,1,0,0,0.0592,0,Low Risk
15663252,Olisanugo,Spain,Female,32,850,0.0,2,1,0,0.0,0,Low Risk
15593782,Brookes,Germany,Female,38,816,130878.75,3,0,1,0.9798,1,Critical Risk
15633283,Padovano,France,Male,35,536,0.0,2,0,0,0.0274,0,Low Risk
15749167,Fisk,France,Male,35,753,0.0,2,1,0,0.0101,0,Low Risk
15759298,Shih,Spain,Male,27,631,134169.62,1,1,0,0.0165,0,Low Risk
15683625,Hare,France,Male,37,703,149762.08,1,0,1,0.1711,0,Low Risk
15635367,Muir,France,Male,26,774,93844.69,1,0,0,0.0452,0,Low Risk
15681705,Fanucci,France,Male,28,785,0.0,2,0,0,0.0062,0,Low Risk
15603156,Elewechi,France,Female,33,571,0.0,2,0,0,0.0254,0,Low Risk
15591986,Johnston,Germany,Male,46,621,141078.37,1,0,1,0.9216,1,Critical Risk
15798888,Pisano,Germany,Female,31,605,117992.59,1,1,0,0.2032,0,Moderate Risk
15809722,Ankudinov,France,Female,40,611,100812.33,2,0,0,0.2206,0,Moderate Risk
15677538,Nwokike,France,Male,38,569,0.0,1,1,0,0.1133,0,Low Risk
15797736,Smith,France,Male,29,658,80262.6,1,1,0,0.0311,0,Low Risk
15695585,Atkins,Spain,Male,34,788,156478.62,1,1,0,0.0569,0,Low Risk
15744398,Burns,France,Female,23,525,0.0,2,0,0,0.0262,0,Low Risk
15750658,Obiuto,France,Male,37,798,0.0,3,0,0,0.4931,1,High Risk
15578186,Pirozzi,Germany,Male,37,486,115217.99,2,0,0,0.204,0,Moderate Risk
15676519,George,Spain,Male,61,615,0.0,2,0,1,0.5468,1,High Risk
15637954,Lewis,France,Female,35,730,155470.55,1,1,0,0.0684,0,Low Risk
15758639,Moran,France,Male,37,641,0.0,2,0,0,0.0274,0,Low Risk
15613772,Dalrymple,France,Male,39,542,135096.77,1,1,1,0.104,0,Low Risk
15731744,Carslaw,France,Male,30,692,0.0,2,1,0,0.0101,0,Low Risk
15807709,Kirby,Germany,Female,55,714,180075.22,1,1,0,0.6907,1,Critical Risk
15714689,Houghton,Spain,Male,29,591,97541.24,1,1,0,0.0157,0,Low Risk
15699005,Martin,France,Female,41,710,156067.05,1,1,0,0.1616,0,Low Risk
15624170,Tan,France,Female,38,639,81550.94,2,1,0,0.0842,0,Low Risk
15725679,Hsia,France,Female,47,531,0.0,1,0,1,0.9677,1,Critical Risk
15585865,Westerberg,France,Female,38,673,170061.92,2,0,1,0.2776,1,Moderate Risk
15804256,Hale,Germany,Male,36,765,92310.54,2,1,0,0.0343,0,Low Risk
15662403,Kryukova,France,Female,32,622,169089.38,2,0,0,0.0781,0,Low Risk
15733616,Sopuluchukwu,France,Male,40,806,80613.93,1,1,0,0.0792,0,Low Risk
15591995,Barry,Germany,Male,26,757,121581.56,2,1,0,0.0359,0,Low Risk
15677020,Selezneva,France,Female,58,570,0.0,1,1,1,0.8306,1,Critical Risk
15727688,Chizuoke,Spain,Male,32,555,0.0,2,1,0,0.0062,0,Low Risk
15715941,Lueck,France,Male,54,692,0.0,2,1,0,0.0609,0,Low Risk
15714485,Udinese,France,Male,60,774,85891.55,1,0,1,0.9009,1,Critical Risk
15730059,Udobata,Spain,Male,44,638,77637.35,2,1,0,0.0433,0,Low Risk
15715527,Freeman,Spain,Female,41,543,0.0,1,0,0,0.6429,1,High Risk
15576623,Outlaw,France,Male,31,584,0.0,2,0,0,0.0124,0,Low Risk
15805565,Obiuto,Germany,Male,30,691,116927.89,1,0,0,0.4183,1,High Risk
15677307,Lo,Germany,Female,40,684,137326.65,1,0,0,0.783,1,Critical Risk
15773890,Okechukwu,France,Male,22,733,0.0,2,1,0,0.0,0,Low Risk
15598883,King,Spain,Female,37,599,0.0,2,1,0,0.028,0,Low Risk
15568506,Forbes,Germany,Female,31,524,67238.98,2,1,0,0.0097,0,Low Risk
15761043,Macleod,Germany,Female,38,632,86569.76,2,0,0,0.1584,0,Low Risk
15782236,Gibbs,Spain,Male,34,735,0.0,2,0,0,0.0124,0,Low Risk
15593601,Isayev,France,Male,34,734,133598.4,1,1,0,0.0632,0,Low Risk
15682048,Pisano,France,Female,51,605,136188.78,1,1,1,0.6181,1,High Risk
15746902,Belstead,Spain,Male,38,793,0.0,2,0,0,0.0159,0,Low Risk
15752081,Vassiliev,France,Female,56,468,0.0,3,1,1,0.9798,1,Critical Risk
15781307,Schneider,Germany,Male,37,779,120092.52,2,0,0,0.1981,0,Low Risk
15775912,Mazzanti,France,Male,48,698,101238.24,2,1,1,0.2266,0,Moderate Risk
15745417,Knipe,France,Male,58,707,89685.92,1,1,0,0.3876,1,Moderate Risk
15671256,Macartney,France,Female,35,850,211774.31,1,0,1,0.4841,1,High Risk
15653547,Madukwe,France,Male,56,850,131317.48,1,1,0,0.1962,0,Low Risk
15595766,Watts,Spain,Male,37,527,93722.73,2,1,0,0.0282,0,Low Risk
15742358,Humphreys,Germany,Male,32,696,101160.99,1,1,0,0.1061,0,Low Risk
15763274,Wu,France,Male,48,661,120320.54,1,0,0,0.653,1,Critical Risk
15786063,Chin,France,Female,31,776,0.0,2,1,0,0.0218,0,Low Risk
15600258,Chesnokova,France,Male,43,701,0.0,2,1,0,0.0187,0,Low Risk
15573318,Kung,France,Male,26,610,0.0,2,0,0,0.0159,0,Low Risk
15653849,Lu,Germany,Female,48,572,152827.99,1,0,1,0.9428,1,Critical Risk
15694272,Nkemakolam,France,Male,30,673,64097.75,1,1,0,0.0282,0,Low Risk
15736112,Walton,Spain,Female,57,519,119035.35,2,1,0,0.1928,0,Low Risk
15749851,Brookes,Spain,Female,26,702,135219.57,1,1,0,0.0815,0,Low Risk
15663478,Baldwin,France,Male,32,729,93694.42,1,1,0,0.0359,0,Low Risk
15592300,Mai,Spain,Male,35,543,59408.63,1,0,0,0.0528,0,Low Risk
15567832,Shih,France,Female,40,550,114354.95,1,0,0,0.3919,1,Moderate Risk
15776780,He,France,Male,59,608,0.0,1,0,1,0.9874,1,Critical Risk
15592846,Fiorentini,Germany,Male,35,639,128173.9,2,0,0,0.1263,0,Low Risk
15739803,Lucciano,Spain,Male,34,686,0.0,2,0,0,0.0159,0,Low Risk
15794142,Ferreira,Germany,Female,62,564,114931.35,3,1,1,0.9978,1,Critical Risk
15762729,Ukaegbunam,Germany,Female,28,745,111071.36,1,0,1,0.3809,1,Moderate Risk
15667896,De Luca,France,Male,37,833,151226.18,2,1,0,0.0254,0,Low Risk
15626578,Milne,France,Male,26,622,0.0,2,1,0,0.0062,0,Low Risk
15776223,Davide,France,Female,42,597,64740.12,1,1,0,0.2548,0,Moderate Risk
15705953,Kodilinyechukwu,Spain,Male,51,721,169312.13,1,0,1,0.9004,1,Critical Risk
15802593,Little,France,Female,49,504,0.0,3,1,1,0.9736,1,Critical Risk
15615457,Burns,Spain,Female,44,842,112652.08,2,0,0,0.1273,0,Low Risk
15708916,Paterson,France,Male,38,587,0.0,2,0,0,0.0274,0,Low Risk
15720187,Han,Germany,Female,30,479,143964.36,2,0,0,0.0572,0,Low Risk
15595440,Kryukova,France,Male,49,508,122451.46,2,1,0,0.0896,0,Low Risk
15600651,Ijendu,France,Male,24,749,0.0,3,1,0,0.2935,1,Moderate Risk
15750141,Reichard,Germany,Female,36,721,65253.07,2,0,0,0.0799,0,Low Risk
15657284,Day,Germany,Male,47,674,106901.94,1,1,1,0.6071,1,High Risk
15763063,Price,Spain,Female,25,685,128509.63,1,0,0,0.0684,0,Low Risk
15709324,Bruce,France,Male,34,417,0.0,2,0,0,0.0101,0,Low Risk
15711309,Sumrall,Germany,Male,33,574,129834.67,1,0,0,0.2735,1,Moderate Risk
15775318,Lu,Spain,Female,51,590,154962.99,3,1,1,0.9968,1,Critical Risk
15705515,Lazarev,Germany,Male,40,587,138241.9,2,0,0,0.1904,0,Low Risk
15634844,Miller,Germany,Male,41,598,91536.93,1,0,1,0.5357,1,High Risk
15717046,Wentworth-Shields,Spain,Male,53,741,0.0,2,1,0,0.0542,0,Low Risk
15571816,Ritchie,Spain,Female,70,850,0.0,1,1,0,0.0647,0,Low Risk
15670080,Mackenzie,Germany,Female,29,584,105204.01,1,1,0,0.1984,0,Low Risk
15800440,Power,Spain,Male,61,650,152968.73,1,1,0,0.2274,0,Moderate Risk
15665678,Tan,Spain,Male,36,607,158261.68,1,1,0,0.0403,0,Low Risk
15665956,Pendergrass,France,Female,46,509,0.0,1,0,1,0.9519,1,Critical Risk
15788126,Evans,Spain,Female,38,689,121021.05,1,1,0,0.1535,0,Low Risk
15811773,Hsia,France,Male,36,543,0.0,2,1,0,0.0124,0,Low Risk
15651674,Billson,Spain,Female,54,438,0.0,1,0,1,0.9946,1,Critical Risk
15689614,Teng,Spain,Female,63,687,137715.66,1,1,0,0.2075,0,Moderate Risk
15795564,Moretti,Germany,Male,31,737,121192.22,2,1,0,0.0465,0,Low Risk
15706647,Jordan,France,Male,31,761,0.0,3,1,0,0.3238,1,Moderate Risk
15728505,Ts'ao,France,Male,44,601,100486.18,2,1,0,0.0475,0,Low Risk
15730076,Osborne,France,Male,45,651,0.0,1,0,1,0.7988,1,Critical Risk
15622003,Carslaw,France,Male,35,745,92566.53,2,0,0,0.0426,0,Low Risk
15607312,Ch'ang,Spain,Female,49,648,0.0,2,1,1,0.0994,0,Low Risk
15644753,Hung,Spain,Male,40,848,110929.96,1,1,0,0.0527,0,Low Risk
15653620,Gordon,France,Female,27,546,0.0,2,1,0,0.0101,0,Low Risk
15761986,Obialo,Spain,Female,32,439,138901.61,1,0,0,0.1205,0,Low Risk
15633922,Gray,France,Male,30,755,123217.66,2,1,0,0.0274,0,Low Risk
15734674,Lin,France,Female,41,593,0.0,1,0,0,0.6497,1,High Risk
15658032,Hopkins,France,Male,39,701,0.0,2,1,0,0.0101,0,Low Risk
15692671,Dobson,Spain,Male,36,701,0.0,2,0,0,0.0254,0,Low Risk
15737741,McKay,Spain,Female,33,607,108431.87,2,1,1,0.0569,0,Low Risk
15576352,Revell,Spain,Female,57,586,0.0,2,1,0,0.0822,0,Low Risk
15753719,Rickards,Germany,Female,30,547,72392.41,1,0,0,0.1539,0,Low Risk
15803689,Begum,Germany,Female,51,647,119741.77,2,0,1,0.9521,1,Critical Risk
15718057,Onyinyechukwuka,France,Female,51,760,100946.71,1,0,1,0.9544,1,Critical Risk
15722010,Zuyev,Spain,Male,53,621,170491.84,1,0,1,0.917,1,Critical Risk
15680998,Nwankwo,France,Male,44,725,0.0,1,1,0,0.2821,1,Moderate Risk
15614782,Hao,France,Male,36,526,0.0,1,0,0,0.2665,0,Moderate Risk
15591047,Ma,Spain,Female,47,519,157296.02,2,0,1,0.6124,1,High Risk
15788291,Okwuadigbo,Germany,Female,38,713,144606.22,1,1,1,0.4931,1,High Risk
15604044,Mitchell,France,Male,38,700,134811.3,1,0,0,0.0492,0,Low Risk
15679587,Chan,France,Female,34,666,115897.12,1,1,0,0.1181,0,Low Risk
15775153,Buchi,Spain,Male,32,630,82034.0,1,0,0,0.1067,0,Low Risk
15603925,Greco,Spain,Female,26,779,174318.13,2,1,0,0.0593,0,Low Risk
15680970,Lombardi,Germany,Female,41,611,114206.84,1,0,0,0.778,1,Critical Risk
15697183,Uchenna,Spain,Male,43,685,0.0,2,0,0,0.0465,0,Low Risk
15567446,Coffman,Germany,Male,39,646,111574.41,1,1,0,0.4851,1,High Risk
15637476,Alexandrova,Germany,Female,57,683,162448.69,1,0,1,0.9736,1,Critical Risk
15714939,Fallaci,Germany,Female,34,484,148249.54,1,1,0,0.1901,0,Low Risk
15683503,Hudson,France,Female,43,601,0.0,3,1,1,0.9736,1,Critical Risk
15645569,Mai,Spain,Female,26,762,123709.46,2,1,0,0.0403,0,Low Risk
15782569,Stout,France,Female,72,687,0.0,1,1,0,0.1489,0,Low Risk
15592387,Burke,France,Male,30,566,0.0,1,0,1,0.2396,0,Moderate Risk
15609286,Chadwick,France,Male,37,702,150525.8,1,1,0,0.0359,0,Low Risk
15814035,Lawrence,France,Male,29,601,0.0,1,1,0,0.0604,0,Low Risk
15661249,Bellucci,France,Male,53,699,0.0,2,1,0,0.1128,0,Low Risk
15629117,Harper,France,Male,28,584,0.0,2,0,0,0.0254,0,Low Risk
15607170,Boyle,France,Male,35,699,0.0,2,1,0,0.0062,0,Low Risk
15586585,Duncan,Germany,Female,51,698,111018.98,1,0,0,0.9841,1,Critical Risk
15686611,Moss,France,Male,30,495,129755.99,1,0,0,0.0356,0,Low Risk
15603203,Avdeyeva,France,Female,27,650,0.0,2,0,0,0.0124,0,Low Risk
15619857,Crawford,France,Female,64,605,129555.7,1,1,0,0.2997,1,Moderate Risk
15805062,Lynton,Spain,Male,38,667,87202.38,1,1,0,0.0442,0,Low Risk
15660271,Duncan,Germany,Male,26,688,146133.39,1,1,0,0.1067,0,Low Risk
15745295,Gether,Spain,Female,31,727,0.0,1,0,1,0.4325,1,High Risk
15719352,Davidson,Spain,Male,39,754,170184.99,2,0,0,0.1789,0,Low Risk
15766575,Larionova,Germany,Female,62,612,140745.33,1,0,1,0.9677,1,Critical Risk
15594594,Loggia,Spain,Male,42,546,139070.51,1,1,0,0.0667,0,Low Risk
15646161,Steinhoff,Spain,Female,37,673,0.0,2,1,0,0.0124,0,Low Risk
15682585,Guerra,France,Male,35,593,114193.24,1,0,0,0.1431,0,Low Risk
15603134,Pai,Spain,Female,40,656,167878.5,1,1,0,0.0671,0,Low Risk
15636444,Craig,Germany,Female,53,535,141616.55,2,1,0,0.3401,1,Moderate Risk
15773456,Lazareva,Germany,Male,36,678,145747.67,2,1,0,0.0343,0,Low Risk
15745307,Ch'iu,Spain,Female,48,477,129120.64,1,1,0,0.3388,1,Moderate Risk
15604119,Alderete,Spain,Male,35,850,110349.82,1,0,0,0.1027,0,Low Risk
15626900,Kung,France,Male,29,427,141325.56,1,1,0,0.0167,0,Low Risk
15605447,Palermo,France,Male,49,752,78653.84,1,0,0,0.6216,1,High Risk
15589030,Ts'ai,France,Male,47,649,0.0,2,1,0,0.0426,0,Low Risk
15692463,Rahman,Spain,Female,28,799,142253.65,1,0,0,0.1661,0,Low Risk
15712403,McMillan,France,Female,61,589,0.0,1,0,1,0.9973,1,Critical Risk
15811762,Pickering,Germany,Female,54,583,115988.86,1,0,1,0.9925,1,Critical Risk
15718673,Mirams,Spain,Female,33,839,75592.43,1,0,0,0.0452,0,Low Risk
15724282,Tsao,Germany,Male,44,540,164113.04,2,1,0,0.0592,0,Low Risk
15738181,Douglas,France,Male,31,850,67996.23,2,0,1,0.0124,0,Low Risk
15633648,Jideofor,Spain,Female,51,696,0.0,2,0,0,0.4368,1,High Risk
15603323,Bell,Spain,Female,33,660,0.0,2,0,0,0.0281,0,Low Risk
15583725,Mairinger,France,Male,48,682,138778.15,1,1,0,0.3631,1,Moderate Risk
15588350,McIntyre,France,Female,43,744,147832.15,1,1,0,0.2863,1,Moderate Risk
15798398,Pagnotto,France,Female,36,785,135438.4,1,0,0,0.2081,0,Moderate Risk
15784844,K'ung,Spain,Male,48,752,116060.08,1,0,1,0.7778,1,Critical Risk
15580684,Feng,France,Female,29,706,112564.62,1,0,0,0.1866,0,Low Risk
15809663,Donaldson,France,Female,27,583,125406.58,1,1,0,0.0433,0,Low Risk
15640078,Chambers,Germany,Female,39,660,135134.99,1,0,1,0.8083,1,Critical Risk
15698786,Marcelo,France,Female,39,819,133102.92,1,0,1,0.4659,1,High Risk
15569807,Ejimofor,France,Female,34,673,42157.08,1,0,1,0.2444,0,Moderate Risk
15730830,Dale,France,Female,30,752,0.0,2,1,0,0.0124,0,Low Risk
15805112,Pokrovsky,France,Male,38,578,82259.29,1,0,0,0.0632,0,Low Risk
15633064,Stonebraker,France,Female,36,438,0.0,2,0,0,0.0343,0,Low Risk
15703119,Liang,France,Male,38,652,0.0,2,1,0,0.0159,0,Low Risk
15730447,Anderson,France,Female,49,629,0.0,2,1,0,0.1149,0,Low Risk
15813850,Christian,France,Male,52,720,0.0,1,1,0,0.5264,1,High Risk
15711889,Mao,France,Male,42,668,150461.07,1,0,0,0.2849,1,Moderate Risk
15664610,Campbell,Germany,Male,48,459,133994.52,1,1,1,0.7648,1,Critical Risk
15751710,Ginikanwa,Spain,Male,31,729,164870.81,2,1,0,0.0062,0,Low Risk
15692926,Toscani,Germany,Male,25,498,121702.73,1,1,0,0.1327,0,Low Risk
15813741,Nnachetam,Spain,Male,25,549,193858.2,1,1,0,0.0684,0,Low Risk
15698474,Sagese,Germany,Female,54,601,131039.97,2,1,0,0.2815,1,Moderate Risk
15568595,Fleming,France,Male,64,544,113829.45,1,1,0,0.1266,0,Low Risk
15603065,Grubb,France,Female,30,751,0.0,2,0,0,0.0274,0,Low Risk
15592937,Napolitani,Germany,Female,41,632,81877.38,1,1,0,0.3793,1,Moderate Risk
15699637,Anenechi,Spain,Male,57,694,116326.07,1,1,0,0.2428,0,Moderate Risk
15667215,Chandler,France,Male,31,678,0.0,2,1,0,0.0062,0,Low Risk
15788659,Howells,France,Male,46,695,0.0,2,1,0,0.0365,0,Low Risk
15763218,Akeroyd,France,Female,41,661,0.0,2,1,0,0.0593,0,Low Risk
15645772,Onwumelu,France,Male,33,661,0.0,2,1,0,0.0101,0,Low Risk
15725511,Wallace,France,Female,31,559,127070.73,1,1,0,0.0855,0,Low Risk
15575024,Uwaezuoke,France,Male,29,503,0.0,2,1,0,0.0062,0,Low Risk
15640825,Loyau,Spain,Male,46,695,122549.64,1,1,0,0.1661,0,Low Risk
15662397,Small,France,Female,42,640,176099.13,1,1,0,0.3321,1,Moderate Risk
15576368,Bledsoe,Germany,Female,48,624,122388.38,2,0,0,0.7719,1,Critical Risk
15674991,Kao,France,Male,42,667,0.0,2,1,0,0.0413,0,Low Risk
15721024,Wickens,France,Male,26,642,0.0,1,0,0,0.0604,0,Low Risk
15745621,Wertheim,Spain,Female,32,640,118879.35,2,1,0,0.0569,0,Low Risk
15642394,He,Spain,Male,35,529,0.0,2,1,0,0.0062,0,Low Risk
15754605,Jarvis,France,Female,39,563,0.0,2,1,0,0.0281,0,Low Risk
15607040,P'an,Spain,Female,38,593,88736.44,2,0,0,0.1128,0,Low Risk
15715142,Repina,Germany,Male,45,739,102703.62,1,1,1,0.6616,1,Critical Risk
15810978,Pugliesi,Spain,Female,70,788,0.0,2,1,0,0.0159,0,Low Risk
15668886,Blakey,Spain,Female,38,684,0.0,2,0,0,0.0542,0,Low Risk
15780804,Nucci,France,Male,55,482,97318.25,1,1,0,0.388,1,Moderate Risk
15613880,Higinbotham,Spain,Male,58,591,128468.69,1,1,0,0.4063,1,High Risk
15775238,Achebe,Germany,Female,41,651,133432.59,1,1,0,0.5966,1,High Risk
15786905,Russo,Germany,Female,40,749,141782.57,2,0,0,0.251,0,Moderate Risk
15747867,Trevisani,France,Male,24,583,135125.28,1,0,0,0.0609,0,Low Risk
15600337,Dobie,Spain,Male,42,661,178820.91,1,0,1,0.4943,1,High Risk
15801277,Maccallum,France,Female,31,715,112212.14,2,1,0,0.0536,0,Low Risk
15579334,Watkins,Germany,Female,45,769,126674.81,1,0,1,0.9621,1,Critical Risk
15802741,Mitchel,France,Female,51,625,136294.97,1,0,1,0.9295,1,Critical Risk
15720649,Ferdinand,France,Female,36,641,66392.64,1,0,0,0.2552,0,Moderate Risk
15589493,Otitodilinna,Germany,Male,27,716,122552.34,2,0,0,0.0609,0,Low Risk
15688251,Mamelu,France,Male,43,767,76408.85,2,0,0,0.074,0,Low Risk
15665238,Beneventi,Germany,Male,36,745,145071.24,1,0,0,0.5184,1,High Risk
15740900,Perrodin,France,Male,34,589,0.0,2,1,0,0.0101,0,Low Risk
15681068,Chinagorom,France,Female,45,796,109730.22,1,1,0,0.2807,1,Moderate Risk
15748625,Napolitano,France,Male,57,664,0.0,2,1,0,0.0609,0,Low Risk
15727299,Edgar,Spain,Male,62,445,64119.38,1,1,1,0.2635,0,Moderate Risk
15620204,Walker,Germany,Female,57,543,106138.33,2,1,1,0.6998,1,Critical Risk
15669516,Steele,Spain,Male,36,746,0.0,2,1,0,0.0062,0,Low Risk
15736534,Elkins,Germany,Male,33,742,181656.51,1,1,0,0.0504,0,Low Risk
15803457,Hao,France,Female,32,750,0.0,2,0,0,0.0282,0,Low Risk
15659098,Toscano,France,Male,30,669,95128.86,1,0,0,0.0438,0,Low Risk
15603436,Savage,Spain,Female,49,594,126615.94,2,1,0,0.2715,0,Moderate Risk
15566292,Okwuadigbo,Spain,Male,36,574,0.0,2,1,0,0.0101,0,Low Risk
15808621,Mordvinova,Germany,Male,36,659,76190.48,2,1,0,0.0159,0,Low Risk
15580148,Welch,Germany,Male,40,750,168286.81,3,0,1,0.9677,1,Critical Risk
15776231,Kent,Germany,Male,35,626,88109.81,1,1,0,0.2036,0,Moderate Risk
15773809,Campbell,France,Male,42,620,0.0,2,0,0,0.0298,0,Low Risk
15649423,Cooper,France,Female,35,580,0.0,2,1,0,0.0159,0,Low Risk
15734886,Mazzi,France,Female,34,686,123971.51,2,0,0,0.0896,0,Low Risk
15722548,Fisher,France,Male,48,540,148116.48,1,0,0,0.56,1,High Risk
15650288,Summers,Germany,Male,35,634,116269.01,1,0,0,0.6216,1,High Risk
15629448,Brady,Spain,Male,38,632,120599.21,1,0,0,0.2127,0,Moderate Risk
15716164,Nicholls,France,Female,41,501,144260.5,1,0,0,0.3856,1,Moderate Risk
15807609,Yuan,Spain,Female,25,650,86605.5,3,0,1,0.9465,1,Critical Risk
15578977,Robinson,France,Male,34,786,0.0,2,0,0,0.0159,0,Low Risk
15677369,Golubov,Germany,Female,37,554,58629.97,1,0,0,0.3883,1,Moderate Risk
15804072,Chen,Spain,Female,42,701,0.0,2,0,0,0.0542,0,Low Risk
15696859,Oldham,France,Male,45,474,0.0,2,0,0,0.1863,0,Low Risk
15653780,Kambinachi,France,Female,43,621,0.0,1,1,0,0.4144,1,High Risk
15721658,Fleming,Spain,Female,56,672,209767.31,2,1,1,0.6574,1,Critical Risk
15578761,Cunningham,Spain,Female,42,459,129634.25,2,1,1,0.1063,0,Low Risk
15736879,Obinna,France,Male,23,669,0.0,2,0,0,0.0062,0,Low Risk
15571973,Chinwemma,France,Female,38,776,169824.46,1,0,0,0.4101,1,High Risk
15626742,Carpenter,France,Male,36,694,97530.25,1,1,0,0.0569,0,Low Risk
15672692,Yin,France,Female,42,787,145988.65,2,1,0,0.1471,0,Low Risk
15673570,Olsen,France,Male,37,580,0.0,2,1,0,0.0159,0,Low Risk
15767432,Ts'ai,France,Female,25,711,0.0,3,1,0,0.2312,0,Moderate Risk
15654238,Jen,France,Female,40,673,137494.28,1,0,0,0.4137,1,High Risk
15612525,Preston,France,Female,57,499,0.0,1,0,1,0.9946,1,Critical Risk
15812750,Ozioma,France,Male,24,591,147360.0,1,1,0,0.0305,0,Low Risk
15790757,Cody,France,Female,25,769,0.0,2,0,0,0.0336,0,Low Risk
15723873,Ponomarev,Spain,Male,31,657,125167.02,1,0,0,0.1027,0,Low Risk
15744607,Martin,Germany,Male,43,738,121152.05,2,0,1,0.408,1,High Risk
15612966,Milani,Germany,Female,60,545,128981.07,1,1,1,0.8719,1,Critical Risk
15784209,Tang,France,Male,47,497,0.0,1,1,0,0.3855,1,Moderate Risk
15794278,Romani,Spain,Male,67,816,151858.98,1,1,0,0.0542,0,Low Risk
15766741,McIntyre,France,Male,36,525,114628.4,1,1,0,0.0701,0,Low Risk
15661036,Davis,France,Male,46,725,0.0,2,0,0,0.0993,0,Low Risk
15705639,Onyemauchechukwu,France,Female,28,692,95059.02,2,0,0,0.0359,0,Low Risk
15637414,Gell,France,Female,24,618,128736.39,1,1,0,0.0449,0,Low Risk
15716835,Rossi,France,Male,24,546,156325.38,1,1,0,0.0305,0,Low Risk
15696231,Chiwetelu,France,Male,29,635,105405.97,1,1,0,0.0397,0,Low Risk
15641675,Kirillova,France,Female,49,611,88915.37,3,0,1,1.0,1,Critical Risk
15670755,Shaw,France,Male,60,650,0.0,2,1,0,0.0609,0,Low Risk
15640059,Smith,France,Male,40,606,0.0,2,1,0,0.0159,0,Low Risk
15787619,Hsieh,France,Male,18,844,160980.03,1,0,0,0.0446,0,Low Risk
15587535,Onyemauchechukwu,Spain,Female,46,450,177619.71,1,0,0,0.686,1,Critical Risk
15813034,Martin,Spain,Male,38,727,62276.99,1,1,0,0.046,0,Low Risk
15698839,Okwudilichukwu,Germany,Male,46,460,127559.97,2,1,0,0.1795,0,Low Risk
15790314,Onuoha,France,Male,41,649,0.0,2,1,0,0.0274,0,Low Risk
15634245,Muecke,Germany,Female,47,758,95523.16,1,0,0,0.956,1,Critical Risk
15677305,Hsieh,France,Female,35,490,107749.03,1,1,0,0.0452,0,Low Risk
15661526,Anderson,Germany,Male,37,815,110777.26,2,0,0,0.0667,0,Low Risk
15685997,Azubuike,Spain,Female,39,838,166733.92,2,0,0,0.1419,0,Low Risk
15660101,Nnonso,France,Male,31,803,157120.86,2,0,0,0.0359,0,Low Risk
15637979,Fuller,Germany,Female,36,664,127160.78,2,0,0,0.1749,0,Low Risk
15815364,Ashley,Spain,Female,28,736,0.0,2,1,0,0.0124,0,Low Risk
15647099,Ts'ui,France,Female,37,633,156091.97,1,0,0,0.2348,0,Moderate Risk
15625944,Buccho,France,Male,58,664,98668.18,1,1,0,0.2857,1,Moderate Risk
15583212,Chidozie,France,Female,43,600,134022.06,1,0,0,0.3631,1,Moderate Risk
15582741,Maclean,France,Female,35,693,124151.09,1,0,1,0.2575,0,Moderate Risk
15637876,Burns,Germany,Female,36,663,77253.5,1,0,1,0.3704,1,Moderate Risk
15622750,Chu,Germany,Female,21,742,114292.48,1,0,0,0.4086,1,High Risk
15672056,Kenenna,Germany,Male,43,710,140080.32,3,1,1,0.9772,1,Critical Risk
15812351,Beluchi,Spain,Female,27,710,135277.96,1,0,0,0.1719,0,Low Risk
15810864,Williamson,France,Female,82,700,0.0,2,1,0,0.0159,0,Low Risk
15677921,Bobrov,Germany,Male,60,720,115920.62,2,0,1,0.9355,1,Critical Risk
15724296,Kerr,Spain,Male,41,684,119782.72,2,0,0,0.13,0,Low Risk
15685329,McKenzie,France,Female,63,531,114715.71,1,1,1,0.5612,1,High Risk
15584091,Pitts,Germany,Female,36,742,129748.54,2,0,1,0.1539,0,Low Risk
15640442,Standish,France,Male,31,717,129722.57,1,0,0,0.0644,0,Low Risk
15639314,Cartwright,France,Male,32,589,0.0,2,1,0,0.0,0,Low Risk
15685320,Johnstone,France,Male,36,767,139180.2,1,0,0,0.0711,0,Low Risk
15789158,Nikitina,Germany,Male,49,636,113599.74,2,0,1,0.7385,1,Critical Risk
15752137,McElroy,France,Male,33,648,134944.0,1,1,0,0.0365,0,Low Risk
15712551,Shen,Germany,Female,58,622,116922.25,1,0,1,0.9925,1,Critical Risk
15628936,Archer,Spain,Male,28,692,118945.09,1,0,1,0.1382,0,Low Risk
15797227,Otutodilinna,France,Male,28,754,0.0,2,1,0,0.0062,0,Low Risk
15769974,Shih,Spain,Female,35,679,119182.73,1,0,0,0.2164,0,Moderate Risk
15737051,Denisov,France,Male,27,639,0.0,2,0,0,0.0101,0,Low Risk
15585595,Owens,France,Female,28,774,71264.02,2,1,0,0.0179,0,Low Risk
15654060,P'eng,France,Male,41,517,0.0,2,1,0,0.0159,0,Low Risk
15745196,Verco,France,Female,35,571,0.0,2,0,0,0.0359,0,Low Risk
15571221,Bergamaschi,Germany,Male,58,747,116313.57,1,1,1,0.7509,1,Critical Risk
15660155,Lorenzo,Spain,Male,36,792,92140.15,1,1,0,0.0558,0,Low Risk
15605284,Outtrim,France,Male,26,688,0.0,2,1,0,0.0,0,Low Risk
15694366,Hou,Germany,Male,42,714,177640.09,1,1,0,0.2515,0,Moderate Risk
15600739,Galkin,Spain,Female,35,562,0.0,2,0,0,0.055,0,Low Risk
15653253,Pagnotto,Spain,Male,48,704,167997.6,1,1,0,0.1388,0,Low Risk
15763431,Echezonachukwu,France,Male,36,698,82275.35,2,1,0,0.0159,0,Low Risk
15643696,Young,France,Male,49,611,0.0,2,1,0,0.0581,0,Low Risk
15707473,Summers,Germany,Female,48,850,111962.99,1,0,0,0.8719,1,Critical Risk
15769504,Munro,Germany,Female,34,743,131736.88,1,1,0,0.2506,0,Moderate Risk
15776807,Brennan,France,Male,29,654,0.0,1,0,0,0.1648,0,Low Risk
15686870,Ball,Germany,Male,36,761,108239.11,2,0,0,0.1686,0,Low Risk
15668747,Virgo,France,Female,46,702,98444.19,1,1,0,0.5215,1,High Risk
15766908,Trevisani,Germany,Male,32,488,114540.38,1,0,0,0.2394,0,Moderate Risk
15570134,Padovano,France,Female,35,683,187530.66,2,1,0,0.1108,0,Low Risk
15567367,Tao,Germany,Female,42,601,133636.16,1,1,0,0.5813,1,High Risk
15747542,Perez,France,Male,52,605,0.0,2,1,0,0.074,0,Low Risk
15762238,Fraser,Germany,Female,44,671,84745.03,2,1,0,0.1273,0,Low Risk
15681554,Alley,Germany,Female,31,614,120599.38,2,1,0,0.0585,0,Low Risk
15712825,Howells,Spain,Female,29,511,0.0,2,1,0,0.0101,0,Low Risk
15640280,Cameron,France,Male,39,850,127771.35,2,1,0,0.0239,0,Low Risk
15756026,Hooper,Spain,Female,46,790,0.0,1,0,1,0.8829,1,Critical Risk
15613319,Rice,France,Female,33,793,0.0,1,0,0,0.2173,0,Moderate Risk
15798906,Cox,France,Male,69,628,0.0,2,1,0,0.0124,0,Low Risk
15708917,Martin,Germany,Male,53,598,167772.96,1,1,0,0.3102,1,Moderate Risk
15778463,Ikenna,France,Female,37,657,95845.6,1,0,0,0.2535,0,Moderate Risk
15699430,Davide,France,Female,35,618,0.0,2,0,0,0.0585,0,Low Risk
15649992,Alexander,Spain,Male,65,681,134714.7,2,1,0,0.0977,0,Low Risk
15578980,Piazza,Spain,Female,33,516,0.0,2,1,0,0.0124,0,Low Risk
15775306,Ni,Germany,Male,28,421,122384.22,3,1,1,0.8645,1,Critical Risk
15641655,Black,France,Female,26,700,0.0,2,0,0,0.0124,0,Low Risk
15619708,Harker,France,Male,25,745,157993.15,2,0,0,0.0417,0,Low Risk
15734565,Hughes,France,Male,29,696,0.0,2,0,0,0.0124,0,Low Risk
15806438,Chiabuotu,Germany,Female,42,580,123331.36,1,0,1,0.65,1,Critical Risk
15591969,Kuo,Spain,Male,27,497,75263.16,1,1,0,0.0241,0,Low Risk
15747807,Gallagher,France,Female,43,720,137824.03,2,0,0,0.2944,1,Moderate Risk
15596939,Calabresi,Germany,Male,36,659,132578.92,2,0,0,0.13,0,Low Risk
15716155,Shaw,France,Female,36,841,156021.31,1,0,0,0.1784,0,Low Risk
15765311,Zhirov,Spain,Male,34,642,0.0,1,0,0,0.2024,0,Moderate Risk
15757811,Lloyd,Spain,Female,69,732,137453.43,1,1,1,0.1852,0,Low Risk
15603830,Palmer,Spain,Male,36,600,0.0,2,0,0,0.0282,0,Low Risk
15660602,Ch'eng,Germany,Male,33,464,164284.72,2,1,0,0.0062,0,Low Risk
15660535,Avent,France,Female,47,680,0.0,2,1,0,0.0855,0,Low Risk
15666633,Huang,Spain,Male,56,758,0.0,2,1,0,0.0561,0,Low Risk
15596914,Shaw,Germany,Female,31,630,112373.49,2,1,0,0.0649,0,Low Risk
15639788,Yuan,France,Female,39,577,0.0,2,0,0,0.1121,0,Low Risk
15695846,Hawkins,France,Female,34,684,0.0,2,1,0,0.0336,0,Low Risk
15726234,Trentini,Spain,Female,41,708,0.0,1,1,0,0.3883,1,Moderate Risk
15797964,Cameron,Germany,Female,29,732,154333.82,1,1,0,0.0815,0,Low Risk
15625881,Koehler,Germany,Male,37,634,111432.77,2,1,0,0.0792,0,Low Risk
15780628,Wu,France,Female,30,633,0.0,2,0,0,0.0124,0,Low Risk
15575883,Manna,France,Male,34,559,137390.11,2,0,0,0.0303,0,Low Risk
15585036,Okoli,Spain,Female,37,694,0.0,2,1,0,0.0254,0,Low Risk
15589488,Ch'eng,Germany,Female,56,686,111642.08,1,1,0,0.8696,1,Critical Risk
15585888,Nwokezuike,Spain,Female,48,553,0.0,1,1,1,0.6967,1,Critical Risk
15727915,Artemiev,France,Male,36,507,83543.37,1,0,0,0.1149,0,Low Risk
15707567,Esposito,Germany,Male,50,732,145338.76,1,0,1,0.9574,1,Critical Risk
15737792,Abbie,France,Female,31,818,186796.37,1,0,0,0.1122,0,Low Risk
15599433,Fanucci,Germany,Male,35,660,58641.43,1,1,0,0.114,0,Low Risk
15672012,Jen,Spain,Female,41,773,0.0,1,0,1,0.6521,1,Critical Risk
15806983,Moss,France,Male,44,640,137148.68,1,0,0,0.2849,1,Moderate Risk
15592222,Lo,France,Male,49,505,80001.23,1,0,0,0.6124,1,High Risk
15608968,Averyanov,Germany,Male,21,714,86402.52,2,0,0,0.0101,0,Low Risk
15586959,Unaipon,France,Female,42,468,0.0,2,0,0,0.0661,0,Low Risk
15646558,Clamp,Spain,Male,51,611,122874.74,1,1,0,0.3383,1,Moderate Risk
15725811,Lim,France,Male,25,705,97544.29,1,1,0,0.0144,0,Low Risk
15572265,Wu,Germany,Male,46,646,170826.55,2,0,0,0.4139,1,High Risk
15794048,Wan,Germany,Female,48,667,97133.92,2,0,1,0.7812,1,Critical Risk
15677610,Chambers,Germany,Female,41,511,153895.65,1,1,0,0.2784,1,Moderate Risk
15745012,Pettit,France,Female,43,653,0.0,2,1,0,0.0419,0,Low Risk
15601589,Baresi,France,Female,57,675,0.0,2,1,0,0.2358,0,Moderate Risk
15686436,Newbery,Spain,Male,32,523,0.0,2,0,0,0.0167,0,Low Risk
15693864,Iheanacho,Germany,Female,49,567,134956.02,1,0,1,0.9589,1,Critical Risk
15760550,Duncan,Spain,Male,39,741,143637.58,2,1,0,0.0508,0,Low Risk
15686137,Barry,Spain,Male,32,456,147506.25,1,1,0,0.0105,0,Low Risk
15809087,Landry,France,Male,64,598,0.0,2,0,1,0.2808,1,Moderate Risk
15807663,McGregor,France,Male,43,667,190227.46,1,0,1,0.4791,1,High Risk
15809100,Nucci,France,Female,32,548,172448.77,1,0,1,0.3432,1,Moderate Risk
15794916,Pirogov,France,Male,41,725,113980.21,1,1,0,0.0684,0,Low Risk
15614215,Oguejiofor,France,Male,53,717,0.0,2,1,0,0.0883,0,Low Risk
15805449,Ugochukwu,France,Male,38,594,0.0,2,0,0,0.0274,0,Low Risk
15686983,Rohu,Germany,Female,25,678,76968.12,2,1,0,0.0322,0,Low Risk
15808017,Cary,France,Male,38,545,88293.13,2,1,0,0.0359,0,Low Risk
15756804,O'Loghlen,France,Female,48,636,170833.46,1,0,1,0.9286,1,Critical Risk
15646810,Quinn,Germany,Male,44,603,108122.39,2,0,1,0.309,1,Moderate Risk
15710424,Page,France,Male,36,435,0.0,1,1,0,0.1696,0,Low Risk
15799422,Evans,France,Female,40,535,0.0,1,1,0,0.2954,1,Moderate Risk
15692750,McGregor,Germany,Female,45,629,129818.39,3,0,1,1.0,1,Critical Risk
15794549,Andrews,France,Female,35,722,163943.89,2,1,0,0.0569,0,Low Risk
15803764,Stanley,France,Male,28,561,0.0,2,0,0,0.0,0,Low Risk
15674840,Chiazagomekpere,France,Female,38,645,101430.3,2,1,0,0.0385,0,Low Risk
15653762,Chidiebele,France,Female,39,501,117301.66,1,0,0,0.3133,1,Moderate Risk
15581229,Gregory,Germany,Female,32,502,173340.83,1,1,0,0.0585,0,Low Risk
15800228,Bednall,Spain,Female,42,652,0.0,2,1,0,0.0359,0,Low Risk
15656333,Jen,France,Female,33,574,134348.57,1,0,0,0.1704,0,Low Risk
15697497,She,France,Female,45,518,105525.65,2,1,0,0.1849,0,Low Risk
15585362,Simmons,France,Female,60,749,0.0,1,0,1,0.9902,1,Critical Risk
15571928,Fraser,France,Female,43,679,0.0,3,0,1,0.9458,1,Critical Risk
15785519,May,France,Male,36,565,106192.1,1,0,0,0.1749,0,Low Risk
15743007,Seabrook,France,Female,45,643,45144.43,1,0,1,0.9009,1,Critical Risk
15777211,Herrera,France,Male,65,515,92113.61,1,1,0,0.0684,0,Low Risk
15721935,Kincaid,France,Male,25,521,0.0,2,1,0,0.0062,0,Low Risk
15591711,Sleeman,Spain,Male,38,739,128366.44,1,0,0,0.3336,1,Moderate Risk
15625021,Hung,France,Male,42,585,0.0,2,1,0,0.0159,0,Low Risk
15702968,Artemieva,Germany,Male,74,733,106545.53,1,1,0,0.0559,0,Low Risk
15600462,Barwell,France,Female,43,542,145618.37,1,1,0,0.1496,0,Low Risk
15768104,Wright,Spain,Male,37,788,141541.25,1,0,0,0.1834,0,Low Risk
15780140,Bellucci,Germany,Male,32,435,57017.06,2,1,0,0.0101,0,Low Risk
15585255,Moore,France,Male,42,577,0.0,1,0,0,0.5112,1,High Risk
15772781,Ball,France,Female,51,703,0.0,3,1,1,0.9677,1,Critical Risk
15669987,Sung,Germany,Female,35,728,125884.95,2,0,1,0.2577,0,Moderate Risk
15697000,Mello,Germany,Male,32,728,61825.5,1,1,0,0.0567,0,Low Risk
15733119,Mistry,France,Male,35,718,0.0,2,0,0,0.0251,0,Low Risk
15782390,T'ien,France,Female,40,621,0.0,1,0,0,0.7262,1,Critical Risk
15654700,Fallaci,France,Female,40,523,102967.41,1,0,1,0.4092,1,High Risk
15632210,Hill,Germany,Male,25,657,171770.55,1,0,0,0.1661,0,Low Risk
15642041,Burns,Germany,Male,40,727,93051.64,2,0,1,0.1516,0,Low Risk
15709737,Hunter,France,Male,36,643,161064.64,2,1,0,0.0289,0,Low Risk
15792388,Li,France,Female,48,645,90612.34,1,1,0,0.4487,1,High Risk
15786014,Ku,France,Male,28,568,145105.64,2,0,0,0.0297,0,Low Risk
15794580,Ch'en,France,Male,58,599,0.0,1,0,1,0.9902,1,Critical Risk
15675964,Chukwukadibia,France,Female,45,672,0.0,1,1,1,0.5387,1,High Risk
15814275,Zikoranachidimma,France,Male,33,685,174912.72,1,1,0,0.0661,0,Low Risk
15724848,Oluchukwu,France,Female,46,516,104947.72,1,0,1,0.8438,1,Critical Risk
15754713,Rivera,Spain,Male,31,685,135213.71,1,1,0,0.0136,0,Low Risk
15693814,Niu,Spain,Male,25,806,0.0,2,0,0,0.0062,0,Low Risk
15599660,Bennett,France,Male,36,604,116229.85,2,1,0,0.0336,0,Low Risk
15746490,Wollstonecraft,Spain,Female,53,648,111201.41,1,1,0,0.4267,1,High Risk
15566091,Thomsen,Spain,Female,32,545,0.0,1,0,0,0.3787,1,Moderate Risk
15655961,Palermo,Germany,Male,27,756,131899.0,1,0,0,0.2473,0,Moderate Risk
15710404,Chinwendu,France,Male,35,569,124525.52,1,1,0,0.0179,0,Low Risk
15775625,McKenzie,France,Male,47,596,0.0,1,0,0,0.8398,1,Critical Risk
15792328,James,France,Male,39,475,0.0,1,1,1,0.1608,0,Low Risk
15719856,Lamb,France,Female,45,646,47134.75,1,1,0,0.5575,1,High Risk
15593773,Olejuru,Spain,Male,35,784,0.0,2,0,0,0.0124,0,Low Risk
15733114,Hay,Spain,Male,45,552,0.0,2,0,0,0.1026,0,Low Risk
15797748,Lu,France,Male,44,729,0.0,2,1,0,0.0101,0,Low Risk
15743411,Chiawuotu,Spain,Male,61,609,0.0,1,0,1,0.9798,1,Critical Risk
15753337,Yeates,France,Male,51,555,0.0,3,0,1,0.9764,1,Critical Risk
15601026,Gallagher,Germany,Female,19,572,138657.08,1,1,0,0.1572,0,Low Risk
15658485,Heath,France,Female,34,785,70302.48,1,1,0,0.0989,0,Low Risk
15636731,Ts'ai,Germany,Female,36,714,101609.01,2,1,0,0.071,0,Low Risk
15628303,Thurgood,Spain,Male,35,738,0.0,1,1,0,0.0994,0,Low Risk
15633461,Pai,Germany,Male,38,639,130170.82,1,1,0,0.3383,1,Moderate Risk
15677135,Lorenzo,Germany,Male,61,520,133802.29,2,1,0,0.1854,0,Low Risk
15590876,Knupp,France,Female,24,764,106234.02,1,0,0,0.0833,0,Low Risk
15790782,Baryshnikov,Spain,Male,39,661,132628.98,1,0,0,0.2688,0,Moderate Risk
15700476,Azubuike,Germany,Male,41,564,103522.75,2,1,0,0.0856,0,Low Risk
15634141,Shephard,Germany,Female,42,708,192390.52,2,0,0,0.1391,0,Low Risk
15737795,Scott,Spain,Male,36,512,0.0,1,1,1,0.1623,0,Low Risk
15790299,Williamson,Spain,Male,37,592,0.0,3,1,0,0.4734,1,High Risk
15675316,Avdeeva,France,Female,38,619,0.0,2,1,0,0.0426,0,Low Risk
15613630,Tang,France,Male,52,775,109922.61,1,1,1,0.3624,1,Moderate Risk
15662100,Hsu,Germany,Female,44,850,128605.32,1,1,0,0.4501,1,High Risk
15668032,Buchanan,France,Female,37,577,0.0,1,1,0,0.2204,0,Moderate Risk
15599289,Yeh,France,Female,37,724,68598.56,1,0,0,0.2646,0,Moderate Risk
15754084,Palazzi,Spain,Male,35,710,106518.52,1,1,0,0.0452,0,Low Risk
15676521,Y?an,France,Female,31,696,0.0,2,0,0,0.0297,0,Low Risk
15804586,Lin,France,Female,46,376,0.0,1,0,1,1.0,1,Critical Risk
15781465,Schofield,Germany,Female,29,675,121326.42,1,0,0,0.5061,1,High Risk
15729362,Lombardi,France,Male,36,745,67226.37,1,0,0,0.1375,0,Low Risk
15709295,Wall,Spain,Female,25,697,82931.85,2,1,0,0.0336,0,Low Risk
15745324,Milani,Spain,Female,39,599,0.0,1,0,1,0.5745,1,High Risk
15741336,Ejimofor,France,Female,38,715,118590.41,1,1,1,0.2348,0,Moderate Risk
15783659,Blackburn,France,Male,67,659,145981.87,1,1,0,0.0978,0,Low Risk
15620981,Wickham,France,Female,48,684,73309.38,1,0,1,0.8153,1,Critical Risk
15630328,Bird,France,Female,48,635,130796.33,2,1,0,0.2907,1,Moderate Risk
15785899,Ch'en,Germany,Male,33,789,151607.56,1,0,0,0.163,0,Low Risk
15606149,Wood,Germany,Female,66,571,111577.01,1,1,0,0.7119,1,Critical Risk
15671139,Brizendine,Spain,Male,39,694,107042.74,1,1,0,0.0781,0,Low Risk
15660429,Ch'in,Spain,Female,42,665,156371.61,2,1,1,0.1505,0,Low Risk
15571002,Yusupov,France,Female,44,706,129605.99,1,0,0,0.4202,1,High Risk
15631681,Jibunoh,Spain,Female,43,807,0.0,2,1,0,0.0336,0,Low Risk
15731522,Ts'ui,Spain,Female,67,771,0.0,2,1,0,0.0271,0,Low Risk
15619529,Ndukaku,Spain,Male,27,531,132576.25,1,0,0,0.0811,0,Low Risk
15628034,Wilder,France,Female,37,629,129101.3,1,1,0,0.1842,0,Low Risk
15686164,Maclean,Germany,Female,31,850,108822.4,1,1,0,0.0684,0,Low Risk
15582797,Ch'iu,Spain,Male,35,685,137948.51,1,0,0,0.1949,0,Low Risk
15753831,Cox,Spain,Male,32,642,100433.8,1,1,0,0.0221,0,Low Risk
15731815,Nepean,Spain,Male,63,529,96134.11,3,0,1,1.0,1,Critical Risk
15580956,McNess,Germany,Female,43,683,115888.04,1,1,1,0.6259,1,High Risk
15602084,Coles,France,Female,42,663,124626.07,1,1,0,0.2394,0,Moderate Risk
15589805,Benson,France,Female,34,563,139810.34,1,1,0,0.1425,0,Low Risk
15720893,Gilbert,Spain,Female,34,637,0.0,2,0,0,0.0254,0,Low Risk
15641009,Wilhelm,France,Male,37,544,84496.71,1,0,0,0.0609,0,Low Risk
15605926,Sinclair,Germany,Male,70,649,116854.71,2,1,0,0.1452,0,Low Risk
15805955,L?,France,Female,48,638,138333.03,1,1,0,0.4155,1,High Risk
15801488,Buckner,France,Male,25,723,0.0,2,1,0,0.0062,0,Low Risk
15605918,Padovesi,Germany,Male,43,635,78992.75,2,0,0,0.0492,0,Low Risk
15779711,Gray,Spain,Female,38,750,97257.41,2,1,0,0.0592,0,Low Risk
15705620,Lu,France,Male,34,730,122453.37,2,0,0,0.0426,0,Low Risk
15685357,Wright,Spain,Female,36,750,112940.07,1,1,0,0.0581,0,Low Risk
15570060,Palerma,France,Female,43,586,132558.26,1,0,1,0.5366,1,High Risk
15582616,Y?an,France,Female,38,520,0.0,2,0,0,0.0542,0,Low Risk
15799515,Wei,France,Female,48,652,133297.24,1,0,0,0.7778,1,Critical Risk
15642937,Padovesi,France,Female,46,550,0.0,2,0,0,0.2343,0,Moderate Risk
15624729,Tsao,France,Male,27,594,197041.8,1,0,0,0.0556,0,Low Risk
15566156,Franklin,Germany,Female,44,749,71497.79,2,0,0,0.1145,0,Low Risk
15792360,Clark,France,Male,32,668,0.0,2,1,0,0.0,0,Low Risk
15807008,McGregor,Germany,Female,35,614,128100.28,1,0,1,0.6836,1,Critical Risk
15704770,Pan,France,Male,25,773,124532.78,2,1,0,0.0,0,Low Risk
15756475,Kenniff,Germany,Male,31,551,82293.82,2,1,0,0.0124,0,Low Risk
15655339,Spencer,France,Male,36,566,142120.91,1,0,0,0.1305,0,Low Risk
15613749,Lees,Spain,Male,34,569,151839.26,1,0,1,0.1934,0,Low Risk
15664521,David,Spain,Male,31,659,149620.88,2,1,0,0.0124,0,Low Risk
15681206,Hsing,France,Female,49,722,168197.66,1,0,1,0.9292,1,Critical Risk
15745527,Burke,France,Male,37,655,93147.0,2,0,0,0.0477,0,Low Risk
15806926,Watson,France,Female,35,615,97440.02,2,1,0,0.0585,0,Low Risk
15724563,Hawkins,Germany,Female,42,752,65046.08,2,1,0,0.0572,0,Low Risk
15782899,Ginn,Spain,Female,28,661,95357.49,1,0,0,0.0815,0,Low Risk
15623521,Sozonov,Spain,Male,43,838,123105.88,2,0,0,0.1584,0,Low Risk
15810218,Sun,Spain,Male,29,610,0.0,3,1,0,0.4495,1,High Risk
15645621,Hunter,Spain,Male,44,811,0.0,2,1,0,0.0062,0,Low Risk
15608114,Manfrin,Spain,Male,62,587,121286.27,1,1,0,0.1359,0,Low Risk
15659557,Artamonova,Germany,Female,28,811,167738.82,2,1,0,0.0239,0,Low Risk
15787772,Hansen,France,Female,38,759,104091.29,1,0,0,0.1263,0,Low Risk
15691111,Pai,Germany,Female,42,648,121980.56,2,0,0,0.2721,0,Moderate Risk
15592089,Larsen,France,Female,43,788,0.0,2,1,0,0.1128,0,Low Risk
15633897,Owen,Germany,Male,39,725,50880.98,2,1,0,0.0248,0,Low Risk
15701301,Murphy,France,Female,42,646,175159.9,2,0,1,0.418,1,High Risk
15723685,Ekechukwu,Germany,Female,26,601,105514.69,2,0,0,0.0821,0,Low Risk
15701602,Ayers,Germany,Male,52,521,116497.31,3,0,1,1.0,1,Critical Risk
15739189,Johnson,Spain,Female,33,561,0.0,2,0,0,0.0281,0,Low Risk
15573086,Millar,France,Male,42,564,99824.45,1,1,0,0.0684,0,Low Risk
15569050,Farrell,France,Male,45,444,0.0,1,0,1,0.7896,1,Critical Risk
15750765,Sanders,Spain,Male,71,650,0.0,1,1,0,0.0846,0,Low Risk
15799811,Herrera,France,Male,40,724,0.0,1,0,1,0.2869,1,Moderate Risk
15698442,Eberechukwu,Spain,Male,35,719,122964.88,1,1,0,0.0609,0,Low Risk
15655274,Bardin,France,Female,29,548,0.0,2,1,0,0.0124,0,Low Risk
15603594,Nwankwo,Spain,Male,24,635,0.0,2,1,0,0.0062,0,Low Risk
15585961,Talbot,Spain,Female,43,496,0.0,2,1,0,0.0281,0,Low Risk
15686936,McGregor,France,Female,37,676,89634.69,1,1,1,0.2199,0,Moderate Risk
15770424,Onyeorulu,Germany,Male,40,541,95710.11,2,0,0,0.1139,0,Low Risk
15587451,Goold,Germany,Male,41,778,139706.31,1,0,0,0.7423,1,Critical Risk
15602010,Zikoranaudodimma,Germany,Female,45,850,103909.86,1,0,1,0.8024,1,Critical Risk
15600583,Garner,France,Male,31,633,0.0,1,0,0,0.13,0,Low Risk
15654673,Onyinyechukwuka,France,Male,49,625,173434.9,1,0,1,0.835,1,Critical Risk
15717164,Genovese,Spain,Male,32,485,102238.01,2,1,0,0.0062,0,Low Risk
15765014,Mai,France,Female,48,547,179380.74,2,1,0,0.5377,1,High Risk
15682639,Marshall,France,Male,32,642,0.0,2,1,0,0.0062,0,Low Risk
15729279,Naylor,France,Female,25,718,108691.95,1,0,0,0.1419,0,Low Risk
15759805,Pinto,France,Female,32,582,0.0,2,0,0,0.0274,0,Low Risk
15767864,Fulton,France,Male,33,628,0.0,2,0,0,0.0124,0,Low Risk
15769948,Palerma,Germany,Male,35,737,133377.8,1,1,0,0.2031,0,Moderate Risk
15686345,McCaffrey,Spain,Male,34,828,0.0,2,1,0,0.0,0,Low Risk
15688071,Collins,Spain,Male,53,609,0.0,1,1,0,0.313,1,Moderate Risk
15681174,Zuev,France,Male,39,730,116537.6,1,0,0,0.1719,0,Low Risk
15667521,Crawford,France,Female,22,631,0.0,2,0,0,0.0124,0,Low Risk
15750243,Genovese,Spain,Male,40,830,0.0,2,1,0,0.0101,0,Low Risk
15695475,Maclean,France,Male,29,645,130131.08,2,1,0,0.0062,0,Low Risk
15689176,Fabro,France,Male,46,663,0.0,2,1,0,0.0475,0,Low Risk
15652955,Price,Spain,Male,30,678,0.0,1,0,0,0.2527,0,Moderate Risk
15668958,Chatfield,France,Male,30,521,107316.09,1,0,0,0.0576,0,Low Risk
15631054,Volkova,France,Female,24,625,0.0,2,1,0,0.0159,0,Low Risk
15581479,Archer,France,Male,30,523,83181.29,1,1,0,0.0282,0,Low Risk
15577478,Ch'iu,France,Female,72,714,0.0,1,1,0,0.074,0,Low Risk
15780870,McKay,Spain,Male,67,580,153946.14,1,1,0,0.0433,0,Low Risk
15692317,Craig,France,Male,30,722,0.0,2,0,0,0.0124,0,Low Risk
15593969,Abramovich,Spain,Female,39,630,135483.17,1,0,1,0.4101,1,High Risk
15570417,Chien,France,Male,35,579,0.0,2,0,0,0.0,0,Low Risk
15779059,Timms,France,Female,38,670,119624.54,2,1,0,0.0896,0,Low Risk
15785980,Williford,Spain,Male,34,588,121132.26,2,0,0,0.0609,0,Low Risk
15644200,Hamilton,Spain,Female,42,807,0.0,1,0,1,0.6429,1,High Risk
15793949,Cheng,France,Female,48,726,0.0,1,0,1,0.9677,1,Critical Risk
15645103,Su,Germany,Male,25,812,54817.55,1,0,0,0.1,0,Low Risk
15705860,McKenzie,Germany,Male,40,631,107949.45,1,0,1,0.7157,1,Critical Risk
15623828,Akobundu,France,Male,30,682,0.0,1,1,0,0.1314,0,Low Risk
15715003,Ko,Spain,Female,49,625,80816.45,1,1,0,0.2868,1,Moderate Risk
15623471,Marcelo,Germany,Male,38,607,98205.77,1,0,0,0.4997,1,High Risk
15798348,Chukwuebuka,Spain,Female,50,600,94684.27,1,1,0,0.2523,0,Moderate Risk
15743016,MacDonald,Spain,Female,22,602,141604.76,1,0,0,0.1205,0,Low Risk
15769499,Lampungmeiua,Spain,Female,74,545,0.0,2,1,0,0.0062,0,Low Risk
15798521,Tai,Spain,Male,33,675,0.0,2,0,0,0.0124,0,Low Risk
15706534,Enyinnaya,France,Female,47,581,122949.14,1,0,1,0.8654,1,Critical Risk
15706186,McKenzie,Germany,Male,33,640,81677.22,2,0,0,0.0254,0,Low Risk
15812197,Kline,France,Male,38,850,80293.98,1,0,0,0.0595,0,Low Risk
15650933,Ma,Spain,Female,48,490,155413.06,1,0,0,0.5935,1,High Risk
15692991,Wood,Spain,Female,38,710,0.0,2,1,0,0.0282,0,Low Risk
15631189,Riggs,Germany,Male,38,613,67111.65,1,0,1,0.2738,1,Moderate Risk
15762198,Capon,France,Male,34,812,103818.43,1,1,0,0.0542,0,Low Risk
15699598,Smith,France,Female,20,723,0.0,2,1,0,0.0124,0,Low Risk
15692744,Davison,France,Male,36,512,152169.12,2,0,1,0.0343,0,Low Risk
15688963,Ingram,France,Female,52,731,0.0,1,1,1,0.843,1,Critical Risk
15599131,Dilke,Germany,Male,26,650,214346.96,2,0,0,0.1168,0,Low Risk
15680303,Gibson,France,Male,57,594,0.0,1,0,1,0.9753,1,Critical Risk
15628674,Iadanza,France,Male,40,844,113348.14,1,0,1,0.2523,0,Moderate Risk
15648075,Hebert,Germany,Female,47,686,170935.94,1,0,1,0.9092,1,Critical Risk
15586970,Pinto,Germany,Male,52,695,103023.26,1,1,0,0.6759,1,Critical Risk
15625698,Dumetochukwu,Spain,Female,23,624,0.0,2,1,0,0.0062,0,Low Risk
15790497,Ross,Spain,Male,37,503,0.0,2,0,0,0.0254,0,Low Risk
15682618,Jamieson,France,Female,31,535,111855.04,2,1,0,0.0343,0,Low Risk
15762937,Chiganu,Germany,Female,32,743,140348.56,2,1,0,0.0669,0,Low Risk
15750929,Burgess,Spain,Male,39,702,0.0,2,0,0,0.0352,0,Low Risk
15729832,Cheng,France,Male,29,658,145512.84,1,0,0,0.0684,0,Low Risk
15633650,Woods,Germany,Female,41,677,146720.98,2,1,0,0.0729,0,Low Risk
15748856,Liang,France,Male,32,664,107209.73,1,1,0,0.0144,0,Low Risk
15589195,Bluett,Germany,Female,38,766,130933.74,1,1,0,0.3513,1,Moderate Risk
15699911,Chapman,Spain,Female,35,461,0.0,1,0,0,0.298,1,Moderate Risk
15663438,Andrejew,Spain,Male,36,688,89772.3,1,0,1,0.2045,0,Moderate Risk
15692583,Udobata,France,Female,32,678,0.0,2,0,0,0.0336,0,Low Risk
15591257,Ejimofor,France,Male,24,796,0.0,2,0,0,0.0062,0,Low Risk
15646513,Spyer,France,Male,42,803,0.0,1,0,1,0.5905,1,High Risk
15708063,Walker,France,Male,36,712,100749.5,3,0,1,0.901,1,Critical Risk
15696098,Palermo,France,Female,31,498,0.0,2,0,0,0.0316,0,Low Risk
15645517,Philip,Spain,Male,22,850,0.0,2,1,0,0.0,0,Low Risk
15649744,Fallaci,France,Female,51,628,123981.31,2,1,0,0.4323,1,High Risk
15604304,Perry,Germany,Female,34,539,91622.42,1,1,0,0.2793,1,Moderate Risk
15784092,Henderson,France,Male,36,732,126195.81,1,1,0,0.0592,0,Low Risk
15585198,Bergamaschi,France,Male,41,715,94267.9,1,1,1,0.1584,0,Low Risk
15624347,Fokine,France,Male,40,651,0.0,2,1,0,0.0159,0,Low Risk
15621687,Mackay,France,Male,34,813,0.0,2,0,0,0.0124,0,Low Risk
15689081,Wu,France,Male,29,692,0.0,1,0,1,0.1904,0,Low Risk
15813168,Maslova,Germany,Female,39,756,100717.85,3,1,1,0.9736,1,Critical Risk
15604295,Wei,France,Male,36,543,0.0,2,0,0,0.0254,0,Low Risk
15724127,McLean,France,Female,26,790,141581.71,2,0,0,0.0449,0,Low Risk
15673055,Sung,Spain,Male,38,494,0.0,2,1,0,0.0,0,Low Risk
15768201,Paterson,France,Female,39,850,148586.64,1,1,0,0.0628,0,Low Risk
15782219,Fanucci,Spain,Male,29,703,0.0,2,0,0,0.0062,0,Low Risk
15746410,Thompson,Spain,Male,38,432,0.0,2,0,0,0.0251,0,Low Risk
15780144,Tisdall,Germany,Female,32,512,123403.85,2,0,0,0.1045,0,Low Risk
15590476,Onochie,France,Male,28,589,0.0,2,0,0,0.0124,0,Low Risk
15624293,Mironova,France,Female,46,514,106511.85,1,0,0,0.7383,1,Critical Risk
15618182,Ndubueze,France,Female,38,678,0.0,2,0,0,0.0426,0,Low Risk
15660316,Stephenson,Germany,Female,34,420,135549.9,1,0,1,0.4525,1,High Risk
15678886,Golubev,Germany,Male,38,679,110555.37,2,0,0,0.2206,0,Moderate Risk
15616330,Liao,France,Male,31,595,0.0,2,0,0,0.0124,0,Low Risk
15592229,Mullan,France,Female,52,713,185891.54,1,1,1,0.5545,1,High Risk
15798424,Glover,Germany,Male,59,833,130854.59,1,1,1,0.86,1,Critical Risk
15714750,Northey,France,Female,42,690,92578.14,2,0,0,0.1539,0,Low Risk
15648800,Paterson,Germany,Female,21,731,132312.06,1,0,1,0.5254,1,High Risk
15626147,Maclean,France,Female,62,608,144976.5,1,0,1,0.9736,1,Critical Risk
15626608,Howarde,Spain,Male,48,479,87070.23,1,1,0,0.2017,0,Moderate Risk
15723250,Teng,France,Male,42,519,0.0,2,1,0,0.0325,0,Low Risk
15592583,Colman,France,Female,47,731,115414.19,3,0,1,1.0,1,Critical Risk
15759381,Johnson,Spain,Male,61,617,91070.43,1,1,0,0.1223,0,Low Risk
15585241,Butcher,Spain,Male,29,756,117412.19,2,0,0,0.0311,0,Low Risk
15589358,Stanley,Germany,Male,31,848,90018.45,2,0,0,0.0062,0,Low Risk
15672704,Jackson,France,Female,24,809,0.0,2,0,0,0.0159,0,Low Risk
15789955,Hu,Germany,Male,56,698,112414.81,2,0,1,0.9542,1,Critical Risk
15596800,Hill,Germany,Male,33,779,158456.76,1,1,1,0.0319,0,Low Risk
15627305,Pan,Spain,Male,35,606,0.0,1,0,1,0.3047,1,Moderate Risk
15645316,Han,Germany,Female,58,612,149641.53,1,1,0,0.6712,1,Critical Risk
15593973,Wilkie,Spain,Female,33,663,122528.18,1,0,0,0.1108,0,Low Risk
15647301,Bray,Germany,Female,45,549,143734.01,2,1,0,0.1988,0,Low Risk
15750258,Ann,France,Female,32,675,155663.31,1,0,0,0.1579,0,Low Risk
15685309,Souter,France,Female,35,669,0.0,1,1,1,0.1919,0,Low Risk
15628205,Greco,Germany,Female,34,571,101736.66,1,1,0,0.1497,0,Low Risk
15733974,Mao,Spain,Male,37,500,125822.21,1,0,0,0.1187,0,Low Risk
15762110,Anderson,France,Male,37,628,0.0,2,1,0,0.0124,0,Low Risk
15706899,Ma,France,Male,34,559,0.0,2,1,0,0.0062,0,Low Risk
15732660,Black,France,Female,27,769,0.0,1,1,0,0.0953,0,Low Risk
15656121,Medvedeva,Germany,Male,31,733,157791.07,2,0,0,0.0482,0,Low Risk
15614220,Benson,France,Male,22,750,0.0,2,1,0,0.0,0,Low Risk
15645269,Duncan,France,Female,42,583,0.0,2,0,0,0.0609,0,Low Risk
15698510,Onwudiwe,Germany,Male,42,468,181627.14,2,0,0,0.1066,0,Low Risk
15569247,Mitchell,Spain,Female,57,727,109679.72,1,1,0,0.2466,0,Moderate Risk
15566251,Ferrari,France,Female,37,618,96652.86,1,0,1,0.231,0,Moderate Risk
15716134,Russo,France,Male,40,617,190008.32,2,1,0,0.0609,0,Low Risk
15763625,Hazon,Spain,Male,41,793,0.0,2,0,0,0.0336,0,Low Risk
15605965,Henderson,France,Male,43,630,0.0,2,1,0,0.0302,0,Low Risk
15694821,Hardy,Germany,Male,43,765,148962.76,1,1,1,0.384,1,Moderate Risk
15601688,Piccio,France,Male,28,546,0.0,1,0,0,0.1465,0,Low Risk
15575581,Dickson,Germany,Female,30,614,131344.52,2,0,0,0.0873,0,Low Risk
15671209,Holden,Germany,Female,29,593,101713.84,3,0,0,0.8556,1,Critical Risk
15616529,Hsieh,Spain,Male,34,613,0.0,1,1,0,0.0959,0,Low Risk
15773906,Doherty,France,Male,38,655,0.0,2,0,0,0.0254,0,Low Risk
15722993,Page,France,Female,27,700,137963.07,1,0,0,0.0995,0,Low Risk
15752463,Samuel,Spain,Female,29,826,129938.07,1,1,0,0.0592,0,Low Risk
15589754,Malloy,Germany,Male,45,652,151421.44,1,1,0,0.4173,1,High Risk
15669899,Fitts,Germany,Female,45,755,135643.0,1,0,1,0.9589,1,Critical Risk
15766887,Iadanza,Spain,Male,39,538,122773.5,2,1,0,0.0359,0,Low Risk
15768006,Wu,France,Male,34,729,152303.8,1,0,0,0.0684,0,Low Risk
15741295,Yefimova,France,Male,49,615,0.0,2,1,0,0.0581,0,Low Risk
15811327,Pan,Spain,Male,54,700,79415.67,1,1,0,0.4131,1,High Risk
15690007,Ts'ui,Germany,Female,58,434,125801.03,2,0,1,0.9195,1,Critical Risk
15690664,Liang,Spain,Male,37,729,0.0,2,0,0,0.0289,0,Low Risk
15719348,Tsao,France,Male,35,513,0.0,1,0,1,0.2484,0,Moderate Risk
15781802,Abramov,France,Male,41,755,104817.41,1,0,1,0.2665,0,Moderate Risk
15752731,Millar,France,Female,30,615,0.0,1,0,0,0.183,0,Low Risk
15600997,Demuth,Germany,Female,32,747,67495.04,2,1,0,0.0343,0,Low Risk
15750776,Genovese,France,Female,36,850,164850.54,1,1,0,0.0289,0,Low Risk
15723907,Lawless,Germany,Female,49,712,154776.42,2,0,0,0.2622,0,Moderate Risk
15633419,Brooks,Germany,Female,28,622,143124.63,2,0,0,0.0609,0,Low Risk
15702430,Ignatyeva,France,Female,35,548,0.0,1,1,0,0.1947,0,Low Risk
15710456,Balmain,France,Female,27,607,0.0,2,0,0,0.0254,0,Low Risk
15650351,Millar,France,Female,38,653,102133.38,1,1,0,0.1516,0,Low Risk
15590820,Ecuyer,Spain,Male,26,699,79932.41,1,0,0,0.0896,0,Low Risk
15640454,Parkhill,Germany,Male,40,693,120711.73,1,0,1,0.7558,1,Critical Risk
15697789,Li Fonti,Germany,Female,43,647,122717.53,2,1,0,0.215,0,Moderate Risk
15808182,Beneventi,Spain,Female,36,478,92363.3,2,0,0,0.0585,0,Low Risk
15588670,Despeissis,Spain,Female,40,705,203715.15,1,0,1,0.9054,1,Critical Risk
15721292,Atkins,Spain,Male,39,719,0.0,2,0,0,0.0282,0,Low Risk
15604217,Williams,France,Male,34,726,0.0,2,0,0,0.0124,0,Low Risk
15651369,Wright,France,Male,21,626,0.0,2,0,0,0.0101,0,Low Risk
15782454,Hancock,France,Male,49,552,0.0,1,1,1,0.6176,1,High Risk
15814032,Hsieh,Germany,Female,31,807,93460.47,2,0,0,0.0322,0,Low Risk
15570326,Wilkins,France,Male,34,621,0.0,2,1,0,0.0062,0,Low Risk
15624428,Longo,Germany,Female,24,651,40224.7,1,1,0,0.1048,0,Low Risk
15755638,Mancini,France,Female,43,673,168069.73,1,1,1,0.3185,1,Moderate Risk
15600992,Madukaego,France,Male,36,652,0.0,2,1,0,0.0062,0,Low Risk
15755649,Winter-Irving,Germany,Male,47,584,130538.77,1,0,0,0.9386,1,Critical Risk
15795228,Stewart,France,Male,37,756,132623.6,1,1,0,0.0592,0,Low Risk
15589257,Grant,France,Female,35,670,103465.02,2,1,0,0.0585,0,Low Risk
15719302,Brennan,France,Female,50,765,126547.8,1,1,1,0.5828,1,High Risk
15639882,She,France,Male,30,528,128262.72,2,0,0,0.0359,0,Low Risk
15791279,Murray,France,Male,40,701,169742.64,1,1,1,0.1831,0,Low Risk
15636935,Rischbieth,France,Female,29,797,0.0,2,1,0,0.0062,0,Low Risk
15686909,Lung,Germany,Male,27,639,150795.81,1,1,0,0.0661,0,Low Risk
15589572,Otutodilichukwu,Spain,Female,61,785,129855.72,2,0,1,0.8775,1,Critical Risk
15779947,Thomas,Spain,Female,28,363,146098.43,3,0,1,0.9869,1,Critical Risk
15573769,Fiorentini,France,Female,24,764,0.0,2,0,0,0.0159,0,Low Risk
15578866,Hughes,France,Female,43,676,0.0,1,1,0,0.3569,1,Moderate Risk
15739131,Whitworth,Germany,Male,28,718,65643.3,1,0,0,0.1199,0,Low Risk
15813444,McIntosh,Spain,Female,34,590,0.0,2,0,0,0.0359,0,Low Risk
15678058,Ayers,France,Male,38,584,104584.16,1,0,0,0.1539,0,Low Risk
15769169,Trentino,France,Male,41,645,0.0,1,1,0,0.2523,0,Moderate Risk
15804602,Boyd,Germany,Male,30,772,99785.28,2,0,0,0.0303,0,Low Risk
15651052,McMasters,Germany,Male,46,399,127655.22,1,0,1,0.9869,1,Critical Risk
15724334,Alekseyeva,France,Male,22,529,0.0,1,0,0,0.1608,0,Low Risk
15569451,Miller,France,Male,35,463,101257.16,1,1,0,0.0419,0,Low Risk
15650098,Baranova,France,Female,40,630,0.0,2,1,0,0.0419,0,Low Risk
15724307,Mitchell,France,Male,76,780,121313.88,1,1,0,0.0101,0,Low Risk
15599268,Yobachi,Spain,Male,32,584,0.0,2,0,0,0.0124,0,Low Risk
15594864,Huang,Germany,Male,30,752,81523.38,1,1,0,0.0684,0,Low Risk
15616451,Genovese,France,Female,47,697,128252.66,1,1,0,0.5184,1,High Risk
15715667,Sorokina,France,Female,32,850,0.0,2,0,0,0.0124,0,Low Risk
15658969,Gray,France,Male,51,711,0.0,3,0,1,0.9494,1,Critical Risk
15738174,Ervin,France,Female,32,452,0.0,2,1,0,0.0136,0,Low Risk
15813590,Vance,Spain,Male,42,610,0.0,2,0,1,0.0426,0,Low Risk
15624229,Noble,France,Female,22,694,0.0,2,1,0,0.0101,0,Low Risk
15674148,Milanesi,Spain,Male,33,579,0.0,1,0,1,0.353,1,Moderate Risk
15625080,Parkin,Spain,Female,54,745,0.0,1,0,1,0.9826,1,Critical Risk
15682528,Cremonesi,France,Male,33,572,0.0,1,1,0,0.1402,0,Low Risk
15696900,Burns,Germany,Male,29,505,145541.56,2,1,0,0.0159,0,Low Risk
15730038,Docherty,France,Female,23,706,0.0,1,0,1,0.2807,1,Moderate Risk
15812272,Ugonna,Germany,Male,44,693,124601.58,2,1,1,0.1103,0,Low Risk
15654654,L?,Germany,Female,33,725,115182.84,2,1,0,0.0711,0,Low Risk
15697625,Bevan,France,Male,37,791,163789.49,2,0,0,0.0504,0,Low Risk
15616280,Hsia,France,Male,46,536,65733.41,1,0,0,0.6373,1,High Risk
15654229,O'Neill,Spain,Male,47,699,0.0,2,1,0,0.0426,0,Low Risk
15628298,Johnstone,Spain,Female,47,500,128486.11,1,0,0,0.7621,1,Critical Risk
15733387,Pham,Spain,Female,53,707,109663.47,1,1,0,0.3383,1,Moderate Risk
15775572,Bergamaschi,Germany,Female,42,531,88324.31,2,0,0,0.2299,0,Moderate Risk
15613844,Murphy,France,Female,28,557,146445.24,2,0,0,0.0588,0,Low Risk
15578515,Osinachi,France,Female,38,659,0.0,2,0,0,0.0566,0,Low Risk
15607598,Muravyov,Spain,Female,31,575,0.0,2,1,0,0.0124,0,Low Risk
15742480,Igwebuike,Germany,Male,36,775,109949.05,2,1,0,0.0426,0,Low Risk
15749482,Zack,Spain,Male,30,772,78653.05,1,0,0,0.0542,0,Low Risk
15607537,Crawford,Germany,Male,46,587,107850.82,1,0,1,0.9725,1,Critical Risk
15575410,Chidiegwu,Germany,Female,39,667,83765.35,2,0,0,0.1584,0,Low Risk
15684865,Lucchesi,France,Female,66,771,143773.07,1,1,0,0.1593,0,Low Risk
15600700,Pan,Germany,Male,63,523,116227.27,1,1,0,0.5764,1,High Risk
15774155,Trevisani,Germany,Male,33,662,103471.52,1,1,0,0.0896,0,Low Risk
15634267,Yudin,France,Male,42,717,0.0,2,0,0,0.0426,0,Low Risk
15619626,Wade,France,Male,24,746,137492.35,2,1,0,0.0179,0,Low Risk
15660422,Chung,France,Male,28,569,0.0,2,0,0,0.0124,0,Low Risk
15617934,Septimus,France,Male,36,579,129829.59,1,1,0,0.0568,0,Low Risk
15760774,Hargraves,France,Female,21,519,146329.57,2,1,0,0.0221,0,Low Risk
15813132,Chukwukadibia,Germany,Male,30,696,114027.7,1,1,0,0.1327,0,Low Risk
15593331,Sidorov,Germany,Male,25,693,146580.69,1,1,0,0.121,0,Low Risk
15616709,Bunton,Germany,Female,38,587,132122.42,2,0,0,0.328,1,Moderate Risk
15658052,Cameron,France,Female,44,626,81553.93,1,0,1,0.4355,1,High Risk
15721189,Kung,France,Female,66,666,0.0,2,1,0,0.0359,0,Low Risk
15711288,Hay,France,Male,24,512,0.0,2,0,0,0.0,0,Low Risk
15770030,Conti,Spain,Female,28,689,0.0,2,1,0,0.0101,0,Low Risk
15803681,Sims,France,Female,26,803,0.0,2,1,0,0.0101,0,Low Risk
15702789,Carter,Germany,Male,32,548,175214.71,1,1,0,0.0644,0,Low Risk
15814930,McGregor,Germany,Female,40,588,125534.51,1,0,1,0.7509,1,Critical Risk
15658306,Lo,France,Male,68,693,97705.99,1,1,0,0.0679,0,Low Risk
15699523,Chu,Germany,Female,55,499,126817.65,2,0,0,0.9184,1,Critical Risk
15610383,Dumetolisa,France,Female,46,628,46870.43,4,0,1,1.0,1,Critical Risk
15615032,Peng,Spain,Male,46,624,0.0,2,1,0,0.0279,0,Low Risk
15781989,Drake-Brockman,France,Male,42,733,120094.93,1,0,0,0.3195,1,Moderate Risk
15647402,Wan,France,Female,38,628,0.0,2,1,0,0.0403,0,Low Risk
15740494,Cameron,France,Female,33,633,0.0,2,0,0,0.0465,0,Low Risk
15701265,Tretiakov,Germany,Female,36,559,104356.94,2,1,0,0.0585,0,Low Risk
15743532,Ball,Germany,Male,27,704,147004.34,1,0,1,0.366,1,Moderate Risk
15794870,Sal,Germany,Male,38,744,73023.17,2,0,0,0.0609,0,Low Risk
15747591,Chung,Spain,Female,40,665,173432.55,1,1,0,0.1923,0,Low Risk
15726557,Lai,France,Female,42,638,165679.92,1,0,0,0.3523,1,Moderate Risk
15732199,Gether,Spain,Male,31,837,104678.62,1,1,0,0.0363,0,Low Risk
15662291,Davidson,France,Female,55,534,116973.26,3,0,1,1.0,1,Critical Risk
15749050,Justice,France,Female,36,548,0.0,1,0,0,0.4007,1,High Risk
15781586,Osonduagwuike,Germany,Male,38,837,126732.85,1,1,0,0.1772,0,Low Risk
15617078,Ewing,France,Female,44,658,148481.09,1,0,0,0.4979,1,High Risk
15723339,Chin,France,Female,38,554,137654.05,2,1,0,0.0896,0,Low Risk
15671322,Chiang,Germany,Male,30,724,115315.04,1,0,0,0.3885,1,Moderate Risk
15793854,Ahmed,France,Male,42,723,99095.73,1,1,0,0.0689,0,Low Risk
15756539,Marshall,Germany,Female,39,585,165610.41,2,0,0,0.1067,0,Low Risk
15612064,Tsou,France,Male,33,474,0.0,2,0,1,0.0124,0,Low Risk
15625916,Chien,Spain,Male,32,562,161628.66,1,0,0,0.1553,0,Low Risk
15683195,Ubanwa,France,Male,32,719,146605.27,1,1,0,0.0359,0,Low Risk
15690182,Kapustin,Germany,Male,37,635,113488.68,1,0,1,0.5856,1,High Risk
15721719,Calabresi,France,Male,42,743,77002.2,2,1,0,0.0426,0,Low Risk
15641690,Hsiao,Spain,Male,67,681,0.0,2,1,0,0.0449,0,Low Risk
15634896,Grant,France,Female,39,521,0.0,2,1,0,0.0359,0,Low Risk
15671590,H?,Spain,Male,25,741,0.0,2,1,0,0.0062,0,Low Risk
15779182,Chia,Spain,Male,46,790,182364.53,1,0,1,0.8239,1,Critical Risk
15778287,Ugoji,France,Male,35,622,0.0,2,1,0,0.0101,0,Low Risk
15609510,Gregory,France,Male,45,669,149364.58,1,1,0,0.3047,1,Moderate Risk
15742229,Mackay,France,Male,59,583,127450.14,1,1,0,0.3595,1,Moderate Risk
15658532,Nnamutaezinwa,Spain,Female,63,520,162278.32,1,1,0,0.1107,0,Low Risk
15590993,Findlay,Spain,Male,37,579,152212.88,2,0,0,0.0592,0,Low Risk
15565701,Ferri,Spain,Female,39,698,161993.89,1,0,0,0.3024,1,Moderate Risk
15597239,Ku,Spain,Male,39,548,131468.44,1,0,0,0.3133,1,Moderate Risk
15688880,Amechi,Germany,Male,40,672,102980.44,1,0,1,0.3831,1,Moderate Risk
15813917,Kirk,Germany,Male,31,653,143321.97,1,0,0,0.3523,1,Moderate Risk
15679611,Andrews,Spain,Female,37,734,130404.92,1,0,0,0.1661,0,Low Risk
15636589,Murray,France,Female,41,794,0.0,2,1,0,0.0343,0,Low Risk
15687752,Griffin,France,Male,30,641,87505.47,2,1,0,0.0101,0,Low Risk
15584363,Longstaff,France,Male,30,824,133634.02,1,1,0,0.0101,0,Low Risk
15737748,McWilliam,Spain,Female,33,534,151233.62,1,0,0,0.0644,0,Low Risk
15803365,Coffee,Spain,Male,55,653,70263.83,1,1,0,0.3716,1,Moderate Risk
15793247,Hancock,France,Male,34,498,0.0,2,1,0,0.0062,0,Low Risk
15572360,Clark,France,Male,30,683,57657.49,1,0,0,0.0179,0,Low Risk
15795166,Creswell,Germany,Male,42,618,153572.31,2,1,0,0.0542,0,Low Risk
15724620,Dodds,France,Male,37,538,134752.08,1,0,0,0.1584,0,Low Risk
15800856,Ewen,Spain,Male,34,643,83132.09,1,1,0,0.0452,0,Low Risk
15671097,Carter,France,Female,31,428,0.0,2,0,0,0.0254,0,Low Risk
15683930,Ch'iu,Germany,Female,32,593,134096.53,2,0,1,0.1305,0,Low Risk
15749004,Tsao,France,Female,31,718,118100.59,2,0,0,0.0609,0,Low Risk
15800434,Burgess,Germany,Male,52,811,76915.4,1,0,1,0.8508,1,Critical Risk
15709117,Fanucci,Spain,Female,46,823,81576.75,1,1,1,0.2303,0,Moderate Risk
15638806,Blackburn,Spain,Male,49,645,0.0,2,0,0,0.1012,0,Low Risk
15662294,Bennett,France,Male,33,710,118327.17,2,1,0,0.0101,0,Low Risk
15690079,Boniwell,Spain,Male,30,591,124857.69,2,0,0,0.0572,0,Low Risk
15759317,Vasilieva,Germany,Female,27,748,90971.85,1,1,0,0.1419,0,Low Risk
15750497,Longo,France,Female,37,850,153147.75,1,1,0,0.0559,0,Low Risk
15596181,Kwemto,France,Male,38,542,65942.26,1,1,1,0.0593,0,Low Risk
15576602,Lawrence,France,Male,38,809,0.0,2,1,0,0.0062,0,Low Risk
15644833,Duncan,France,Male,54,675,0.0,1,0,1,0.9753,1,Critical Risk
15734634,Bocharova,Spain,Female,27,607,100912.19,1,0,0,0.1374,0,Low Risk
15808689,Morres,France,Female,31,850,0.0,2,1,0,0.0101,0,Low Risk
15720702,Shih,France,Male,37,789,0.0,1,0,1,0.2777,1,Moderate Risk
15665077,Vogel,France,Female,43,598,0.0,3,1,1,0.9072,1,Critical Risk
15763612,T'an,Germany,Male,41,756,124439.49,2,1,0,0.0802,0,Low Risk
15596493,Wisdom,France,Female,47,687,0.0,2,1,0,0.1034,0,Low Risk
15704483,Lorenzo,France,Male,40,724,0.0,2,0,0,0.0298,0,Low Risk
15598846,Shahan,France,Female,44,700,58781.76,1,0,0,0.4638,1,High Risk
15629244,Bryant,Spain,Male,50,635,159453.64,2,0,1,0.6124,1,High Risk
15765537,Liang,Germany,Male,26,687,142721.52,1,1,0,0.0724,0,Low Risk
15729975,Chidozie,France,Female,46,613,167795.6,1,1,0,0.3856,1,Moderate Risk
15682773,Hayward,France,Female,38,781,128345.69,2,0,0,0.104,0,Low Risk
15688007,Liu,Spain,Male,20,703,165260.98,1,1,0,0.0426,0,Low Risk
15574331,Alexeeva,Germany,Female,62,593,118233.81,1,1,1,0.8592,1,Critical Risk
15645572,Calabresi,France,Female,40,743,0.0,1,0,1,0.6701,1,Critical Risk
15742854,Lettiere,Spain,Female,46,640,0.0,2,0,0,0.2342,0,Moderate Risk
15575417,Chou,Germany,Male,37,849,143452.74,2,1,0,0.0505,0,Low Risk
15796721,Nnamutaezinwa,France,Male,38,778,145018.49,2,1,0,0.0336,0,Low Risk
15734942,Nnamutaezinwa,Germany,Female,38,539,82407.51,1,0,0,0.4581,1,High Risk
15664772,Greece,Germany,Male,28,489,79460.98,2,1,0,0.0062,0,Low Risk
15576683,Yin,Spain,Female,43,568,0.0,1,0,1,0.7136,1,Critical Risk
15682563,Larionova,Spain,Male,38,618,126473.99,1,0,0,0.2299,0,Moderate Risk
15650889,Golubev,Germany,Female,30,710,133537.1,2,0,0,0.0993,0,Low Risk
15612108,Norman,France,Male,52,625,164978.01,1,1,0,0.3195,1,Moderate Risk
15761132,Capon,Spain,Male,46,682,128029.72,1,1,0,0.1,0,Low Risk
15645511,Chukwudi,Spain,Male,43,727,97403.18,1,1,1,0.0554,0,Low Risk
15609824,Fedorov,France,Female,41,794,176845.41,3,0,1,0.9924,1,Critical Risk
15640268,Avdeeva,Spain,Male,71,652,0.0,1,1,0,0.1524,0,Low Risk
15645778,Reid,Spain,Male,42,670,81589.04,1,0,0,0.348,1,Moderate Risk
15691104,Kennedy,Germany,Female,40,460,119507.58,2,0,1,0.2426,0,Moderate Risk
15714567,Chan,Spain,Female,26,568,0.0,2,0,0,0.0166,0,Low Risk
15777826,Wofford,France,Male,30,643,94443.77,1,1,0,0.0542,0,Low Risk
15668445,Mai,France,Male,37,521,0.0,2,1,0,0.0124,0,Low Risk
15576162,King,France,Male,32,615,92199.84,1,1,0,0.0062,0,Low Risk
15778135,T'ao,Spain,Male,43,575,0.0,1,0,0,0.5264,1,High Risk
15613141,Hsu,France,Female,41,717,135756.96,1,1,0,0.1934,0,Low Risk
15635435,White,France,Female,54,648,120633.42,1,0,1,0.9436,1,Critical Risk
15596552,Stephens,Germany,Male,48,535,134542.73,1,1,1,0.6815,1,Critical Risk
15623644,Frolov,Spain,Male,29,626,0.0,2,0,0,0.0101,0,Low Risk
15683403,Lombardi,Spain,Male,52,611,0.0,1,1,1,0.6429,1,High Risk
15615029,Munro,Spain,Male,39,734,0.0,1,1,0,0.1616,0,Low Risk
15769005,Hayward,France,Male,49,709,154344.49,2,1,0,0.1305,0,Low Risk
15746326,Fields,France,Male,43,591,0.0,2,1,0,0.0248,0,Low Risk
15722364,Onwumelu,France,Male,43,664,189026.53,2,1,0,0.0861,0,Low Risk
15704954,Suffolk,France,Male,37,431,120764.08,1,1,0,0.0462,0,Low Risk
15694409,Tsao,Germany,Female,22,647,97975.82,2,1,0,0.0343,0,Low Risk
15754068,Judd,France,Male,32,578,0.0,2,1,0,0.0062,0,Low Risk
15683841,Hamilton,Germany,Male,41,555,113270.2,2,1,0,0.0815,0,Low Risk
15789095,T'ang,Spain,Male,30,775,0.0,2,1,0,0.0062,0,Low Risk
15719958,Degtyarev,Germany,Male,39,850,124548.99,2,1,0,0.0359,0,Low Risk
15689514,Kang,France,Male,43,625,201696.07,1,0,1,0.7657,1,Critical Risk
15621353,Hudson,Spain,Female,37,645,0.0,2,0,0,0.0477,0,Low Risk
15627232,Jibunoh,Germany,Male,44,608,114203.47,1,1,1,0.5112,1,High Risk
15745843,Kinlaw,Spain,Female,31,689,0.0,2,1,0,0.0251,0,Low Risk
15722902,Chizuoke,Germany,Male,50,652,125437.64,1,1,1,0.7805,1,Critical Risk
15791767,Lucciano,France,Female,26,769,0.0,2,0,0,0.0259,0,Low Risk
15792722,Omeokachie,France,Female,43,611,64897.75,1,0,0,0.5477,1,High Risk
15723006,Gorbunova,France,Male,38,489,0.0,2,1,0,0.0195,0,Low Risk
15771942,Tikhonov,Germany,Female,46,528,135555.66,1,0,1,0.9736,1,Critical Risk
15774738,Campa,France,Male,44,632,107764.75,1,0,0,0.268,0,Moderate Risk
15574004,Mancini,France,Female,27,429,117307.44,2,1,0,0.0241,0,Low Risk
15587233,Donoghue,France,Male,41,457,73700.12,3,1,1,0.9736,1,Critical Risk
15808228,Tuan,Spain,Female,44,768,60603.4,1,1,0,0.2936,1,Moderate Risk
15682834,Johnstone,Spain,Female,35,715,40169.88,2,1,0,0.0124,0,Low Risk
15571752,Romani,Germany,Female,32,668,92041.87,1,1,0,0.1128,0,Low Risk
15743067,Fuller,Germany,Male,26,625,130483.95,1,0,0,0.3185,1,Moderate Risk
15714466,Baxter,France,Female,41,846,0.0,3,0,1,0.5575,1,High Risk
15617982,Pirozzi,Spain,Female,42,661,0.0,2,0,0,0.0609,0,Low Risk
15696637,Sung,France,Female,23,571,151097.28,1,1,0,0.0455,0,Low Risk
15690647,Rogers,Spain,Female,46,582,67563.31,1,0,1,0.7,1,Critical Risk
15672756,Mills,France,Female,35,716,112808.18,1,1,0,0.0896,0,Low Risk
15704586,Osonduagwuike,France,Female,42,758,0.0,2,1,0,0.0426,0,Low Risk
15674526,Byrne,France,Male,66,725,86459.8,1,1,0,0.1133,0,Low Risk
15775295,McIntyre,France,Female,40,630,118633.08,1,1,1,0.1868,0,Low Risk
15684196,Aitken,France,Female,55,627,159441.27,1,0,1,0.9621,1,Critical Risk
15727281,Macintyre,France,Female,27,653,0.0,2,0,0,0.0316,0,Low Risk
15787835,Simpson,Germany,Female,38,775,125212.65,2,1,1,0.1861,0,Low Risk
15730540,Simpson,Spain,Male,45,794,88656.37,2,0,0,0.262,0,Moderate Risk
15646276,Metcalfe,France,Female,32,831,146033.62,1,0,0,0.1236,0,Low Risk
15582180,Lees,France,Male,29,561,120268.13,1,1,0,0.0426,0,Low Risk
15697095,Zetticci,Spain,Male,46,705,0.0,2,0,0,0.0896,0,Low Risk
15748797,Dale,Spain,Female,33,636,0.0,1,0,1,0.4276,1,High Risk
15754796,Byrne,Germany,Female,46,487,135070.58,2,1,1,0.3328,1,Moderate Risk
15628947,Praed,France,Female,38,693,0.0,2,0,1,0.0538,0,Low Risk
15775546,Laurens,Spain,Female,29,517,0.0,2,0,0,0.026,0,Low Risk
15670481,Woods,France,Female,27,684,122550.05,2,1,0,0.0581,0,Low Risk
15619029,Bykov,Spain,Female,43,620,0.0,2,0,0,0.0609,0,Low Risk
15613282,Vorobyova,France,Male,29,757,130306.49,1,0,0,0.0649,0,Low Risk
15721487,Pirogova,France,Female,27,739,0.0,1,1,0,0.1162,0,Low Risk
15797276,Sturt,Spain,Female,41,662,90350.77,1,0,1,0.3752,1,Moderate Risk
15612494,Panicucci,France,Female,44,359,128747.69,1,0,1,0.883,1,Critical Risk
15629617,Cook,Spain,Male,23,572,126873.52,1,1,0,0.0426,0,Low Risk
15600821,Hardy,France,Male,69,721,108424.19,1,1,0,0.0632,0,Low Risk
15579062,Chu,France,Male,32,707,0.0,2,0,0,0.0101,0,Low Risk
15814268,Franklin,France,Female,40,444,84350.07,1,0,0,0.4131,1,High Risk
15710164,P'eng,France,Female,73,523,0.0,2,0,1,0.2878,1,Moderate Risk
15693904,Chiang,Germany,Female,30,685,84958.6,2,1,0,0.0124,0,Low Risk
15588986,Grant,Germany,Female,29,673,99097.36,1,1,0,0.2085,0,Moderate Risk
15797733,Udobata,Germany,Male,30,503,136622.55,2,0,0,0.0433,0,Low Risk
15620507,Siciliani,Germany,Female,30,485,156771.68,1,1,0,0.0896,0,Low Risk
15685150,Evans,Germany,Male,28,799,167658.33,2,1,0,0.0039,0,Low Risk
15667651,Young,Spain,Female,33,585,0.0,2,0,0,0.0281,0,Low Risk
15774166,Mitchell,Germany,Female,24,607,109483.54,2,1,0,0.0585,0,Low Risk
15649280,Lucchese,Germany,Female,40,521,134504.78,1,0,0,0.8448,1,Critical Risk
15705657,Hewitt,France,Female,44,535,114427.86,1,1,0,0.2721,0,Moderate Risk
15753969,K'ung,Spain,Male,45,724,83888.54,1,1,0,0.1319,0,Low Risk
15742378,Swaim,Germany,Male,32,520,110029.77,1,0,0,0.4391,1,High Risk
15794874,Quinones,Spain,Male,41,696,127523.75,1,1,0,0.063,0,Low Risk
15589221,Kennedy,Germany,Male,30,657,139762.13,2,1,0,0.029,0,Low Risk
15596671,Endrizzi,Spain,Female,42,603,91611.12,1,0,1,0.4924,1,High Risk
15583668,Ludowici,France,Female,42,726,109471.79,1,1,0,0.3047,1,Moderate Risk
15710206,Larson,France,Female,39,591,150500.64,1,0,0,0.351,1,Moderate Risk
15799966,Chigolum,Germany,Female,59,792,101609.77,1,0,1,0.9946,1,Critical Risk
15794560,Maclean,France,Male,57,550,0.0,1,1,0,0.5779,1,High Risk
15626485,Lu,France,Female,26,601,78892.23,1,1,0,0.0452,0,Low Risk
15703143,Tuan,France,Female,29,820,82344.84,1,1,0,0.0475,0,Low Risk
15809772,Glover,France,Male,48,667,0.0,1,0,0,0.8592,1,Critical Risk
15687959,Landman,Spain,Female,44,573,0.0,1,1,0,0.2728,1,Moderate Risk
15585282,Trevisano,France,Male,62,755,127706.33,2,1,0,0.2354,0,Moderate Risk
15714993,Longo,France,Female,41,552,124349.34,1,0,0,0.5395,1,High Risk
15596021,K?,Spain,Male,44,598,0.0,2,0,0,0.0604,0,Low Risk
15646615,Muir,Germany,Male,28,576,119336.29,2,1,0,0.0274,0,Low Risk
15742632,Alexeyeva,France,Female,31,670,0.0,1,1,0,0.1104,0,Low Risk
15574068,Norman,Germany,Male,56,504,104217.3,1,0,1,0.9813,1,Critical Risk
15806967,Simmons,France,Female,65,778,0.0,1,1,0,0.2729,1,Moderate Risk
15796334,Chukwualuka,Germany,Male,39,558,144757.02,1,0,1,0.7382,1,Critical Risk
15688713,McCall,Spain,Male,44,627,0.0,1,1,0,0.2521,0,Moderate Risk
15796179,Moore,France,Male,43,683,0.0,1,0,0,0.5395,1,High Risk
15598751,Ingram,France,Female,43,556,0.0,3,0,1,0.9677,1,Critical Risk
15703019,Okeke,France,Female,38,583,0.0,2,1,0,0.0832,0,Low Risk
15646302,Shao,France,Female,24,705,100169.51,1,0,0,0.0781,0,Low Risk
15680855,Iloabuchi,France,Male,33,637,145731.83,1,1,0,0.0399,0,Low Risk
15697311,Nebechukwu,Spain,Male,56,697,110802.03,1,1,1,0.2868,1,Moderate Risk
15585367,Diribe,Germany,Female,46,555,120392.99,1,0,1,0.9736,1,Critical Risk
15726556,Macgroarty,Germany,Female,26,594,135067.52,2,0,0,0.0943,0,Low Risk
15676242,Artemova,Spain,Male,31,632,136556.44,1,0,1,0.1485,0,Low Risk
15684198,McDonald,France,Female,38,551,0.0,2,1,0,0.0907,0,Low Risk
15774882,Mazzanti,France,Female,35,687,99587.43,1,1,1,0.077,0,Low Risk
15714227,Kelly,France,Female,53,672,0.0,1,1,0,0.6998,1,Critical Risk
15608653,Davison,Spain,Female,34,521,70731.07,1,1,1,0.0567,0,Low Risk
15784280,Reilly,Germany,Male,35,686,109342.82,2,1,0,0.0538,0,Low Risk
15789546,Ojiofor,Spain,Male,28,639,0.0,2,0,0,0.0062,0,Low Risk
15590320,Shelton,France,Male,66,850,0.0,2,1,0,0.0254,0,Low Risk
15678385,Lange,France,Male,25,465,78247.31,2,1,0,0.0062,0,Low Risk
15571778,Trentini,France,Female,55,817,117561.49,1,0,1,0.9191,1,Critical Risk
15657085,Gardiner,France,Male,23,578,88980.32,1,1,0,0.0219,0,Low Risk
15640627,Wan,Spain,Male,34,611,0.0,2,0,0,0.0254,0,Low Risk
15566211,Hsu,Germany,Female,41,616,103560.57,1,0,1,0.7044,1,Critical Risk
15669293,Hovell,France,Male,37,517,113308.84,1,1,0,0.0644,0,Low Risk
15595067,Zhirov,Spain,Female,40,637,0.0,2,1,0,0.0305,0,Low Risk
15753566,Espinosa,France,Female,32,806,63763.49,1,0,0,0.1608,0,Low Risk
15650391,Wallace,France,Female,29,633,169988.35,1,0,0,0.0661,0,Low Risk
15681843,Barbour,Germany,Female,35,624,180303.24,2,0,0,0.0668,0,Low Risk
15814846,Ozerova,France,Male,52,691,0.0,1,0,1,0.9736,1,Critical Risk
15670374,Wright,Germany,Female,49,819,120656.86,4,0,1,1.0,1,Critical Risk
15762332,Ulyanova,Germany,Female,31,568,61592.14,2,1,0,0.0159,0,Low Risk
15700223,Steiner,France,Male,48,806,164701.68,1,1,0,0.2742,1,Moderate Risk
15729956,Akabueze,Spain,Female,26,726,80780.16,1,1,0,0.0419,0,Low Risk
15594862,Aleksandrova,France,Male,36,552,0.0,2,0,0,0.0274,0,Low Risk
15598782,Pinto,Germany,Female,30,755,154221.37,2,1,0,0.026,0,Low Risk
15745080,Griffiths,France,Male,26,634,0.0,1,0,0,0.0821,0,Low Risk
15703399,McNeil,France,Female,26,756,101641.14,2,1,0,0.0419,0,Low Risk
15732175,Bruno,France,Male,37,776,0.0,1,1,0,0.0822,0,Low Risk
15630725,Johnson,France,Female,45,649,92786.66,1,0,1,0.856,1,Critical Risk
15640260,Okorie,Germany,Male,32,595,131081.66,2,1,0,0.0359,0,Low Risk
15716822,Moen,France,Male,30,646,98014.74,1,1,0,0.0446,0,Low Risk
15583748,McGuigan,Spain,Male,38,592,0.0,2,0,0,0.0281,0,Low Risk
15605968,Fancher,France,Male,26,574,97460.1,1,1,0,0.0251,0,Low Risk
15790683,Matthews,France,Male,36,850,104077.19,2,1,0,0.0062,0,Low Risk
15607713,Kaeppel,Spain,Female,29,850,0.0,2,1,0,0.0,0,Low Risk
15700212,Shih,France,Female,46,475,0.0,2,0,1,0.3846,1,Moderate Risk
15626710,Yudina,France,Female,39,642,0.0,1,1,0,0.3195,1,Moderate Risk
15716491,Akabueze,Spain,Female,51,710,93656.95,1,1,1,0.6124,1,High Risk
15625824,Kornilova,Spain,Male,30,596,121345.88,4,0,1,0.9764,1,Critical Risk
15617705,Ozioma,France,Female,39,609,141675.23,1,1,0,0.259,0,Moderate Risk
15761976,Su,Spain,Female,31,797,0.0,2,0,0,0.0124,0,Low Risk
15634891,Jamison,Germany,Female,43,504,102365.49,1,0,1,0.686,1,Critical Risk
15744517,Esposito,Spain,Male,50,735,0.0,1,0,1,0.9666,1,Critical Risk
15686963,Hardiman,Spain,Female,30,680,0.0,1,0,0,0.3383,1,Moderate Risk
15808189,Woodard,France,Male,52,449,0.0,2,1,0,0.1067,0,Low Risk
15580845,Chienezie,Germany,Male,57,685,101868.51,1,1,0,0.7019,1,Critical Risk
15799156,Okwuadigbo,Spain,Male,38,569,0.0,2,0,0,0.0282,0,Low Risk
15694296,Chineze,France,Male,35,631,112392.45,2,0,0,0.0476,0,Low Risk
15677049,O'Brien,Germany,Female,25,595,106570.34,2,1,0,0.0536,0,Low Risk
15583595,Tao,France,Female,28,461,0.0,1,1,0,0.0604,0,Low Risk
15590146,Mao,France,Male,50,630,81947.76,1,1,1,0.4924,1,High Risk
15801548,Buckland,France,Female,31,661,144162.3,2,1,0,0.0359,0,Low Risk
15660833,Flannery,Germany,Male,39,796,86350.87,2,0,0,0.0449,0,Low Risk
15762277,Jamieson,France,Male,47,710,158623.14,1,0,1,0.6216,1,High Risk
15791302,Swift,France,Male,32,741,0.0,2,0,0,0.0124,0,Low Risk
15798975,Doherty,Germany,Male,48,606,132403.56,1,0,1,0.9589,1,Critical Risk
15599956,Payne,France,Male,27,747,0.0,2,0,0,0.0124,0,Low Risk
15577274,Genovese,Germany,Female,43,549,134985.66,1,0,0,0.8058,1,Critical Risk
15701200,Lucciano,France,Male,36,576,0.0,2,1,0,0.0124,0,Low Risk
15638149,Rowley,France,Male,37,528,103772.45,1,0,0,0.1958,0,Low Risk
15786199,Hsing,France,Male,33,535,133040.32,1,1,0,0.0545,0,Low Risk
15701765,Vincent,Spain,Female,37,575,0.0,2,0,0,0.0297,0,Low Risk
15586974,Pearce,France,Male,39,656,0.0,2,1,0,0.0509,0,Low Risk
15729040,Lamb,France,Male,42,440,0.0,2,0,0,0.0397,0,Low Risk
15788676,Riley,Spain,Male,38,539,71460.67,2,1,0,0.0159,0,Low Risk
15602497,Honore,Spain,Male,39,850,133214.13,1,1,0,0.0707,0,Low Risk
15701333,Blackburn,France,Female,37,646,96558.66,1,0,0,0.2491,0,Moderate Risk
15812071,Endrizzi,France,Male,54,744,93806.31,2,1,0,0.2531,0,Moderate Risk
15634375,Duncan,Spain,Female,36,710,0.0,2,0,0,0.0281,0,Low Risk
15738267,Macarthur,France,Female,64,544,124043.8,1,1,1,0.3235,1,Moderate Risk
15786800,Gould,Germany,Male,52,723,131694.97,1,1,1,0.8077,1,Critical Risk
15591130,Medvedev,Spain,Female,29,507,0.0,2,1,0,0.0062,0,Low Risk
15720662,Sholes,France,Female,35,787,106266.8,1,1,0,0.0862,0,Low Risk
15751531,Shaw,Spain,Male,41,598,0.0,2,1,0,0.0136,0,Low Risk
15653595,Ts'ai,France,Male,51,796,0.0,2,1,0,0.0593,0,Low Risk
15568360,Rolon,Spain,Female,41,569,139840.36,1,1,0,0.1496,0,Low Risk
15781210,Reid,France,Male,34,711,0.0,2,0,0,0.0124,0,Low Risk
15668058,Chinwendu,Germany,Male,35,661,124098.54,1,0,0,0.5856,1,High Risk
15597131,Fu,France,Male,32,415,145807.59,1,1,0,0.0179,0,Low Risk
15697283,Mackenzie,Spain,Male,23,578,0.0,2,0,0,0.0101,0,Low Risk
15640953,Bligh,France,Female,26,611,107508.93,2,1,0,0.0419,0,Low Risk
15715031,Davidson,France,Female,28,600,0.0,2,1,0,0.0124,0,Low Risk
15589660,Lamble,Germany,Female,32,661,145980.23,1,1,0,0.1471,0,Low Risk
15769818,Moore,France,Female,37,850,212778.2,1,1,0,0.3404,1,Moderate Risk
15782736,Jose,Germany,Female,47,573,152522.47,1,1,1,0.6722,1,Critical Risk
15614818,Trevisani,Spain,Female,33,764,168964.77,1,1,0,0.0707,0,Low Risk
15794014,Schofield,France,Female,34,838,0.0,2,0,0,0.0274,0,Low Risk
15732448,Stewart,France,Female,28,821,0.0,1,1,0,0.0609,0,Low Risk
15723411,Jamieson,Spain,Female,36,607,98266.3,1,1,0,0.0649,0,Low Risk
15797686,Howard,France,Male,38,558,113000.92,1,1,0,0.0792,0,Low Risk
15605950,Onwuamaeze,Germany,Male,23,530,137060.88,2,1,0,0.0254,0,Low Risk
15812497,D'Albertis,Germany,Male,37,654,112146.12,1,0,0,0.5856,1,High Risk
15690678,Brooks,France,Female,33,530,129307.32,1,1,0,0.1351,0,Low Risk
15747677,Gordon,Spain,Male,69,656,163975.09,1,1,0,0.0482,0,Low Risk
15618926,Nwachukwu,Spain,Male,43,520,0.0,2,1,0,0.0101,0,Low Risk
15673908,Chinweike,Germany,Female,42,602,158414.85,1,1,0,0.3495,1,Moderate Risk
15727944,Simpkinson,Germany,Female,48,701,92072.68,1,1,0,0.8512,1,Critical Risk
15807294,Walker,Spain,Female,30,653,88243.29,2,1,0,0.0343,0,Low Risk
15618581,Diribe,Spain,Male,25,668,0.0,2,1,0,0.0,0,Low Risk
15584364,Trentini,France,Male,48,652,59486.31,1,0,1,0.8264,1,Critical Risk
15599552,Conway,Spain,Female,54,639,0.0,2,1,0,0.0661,0,Low Risk
15749177,Maslow,Spain,Female,52,730,0.0,2,1,0,0.1305,0,Low Risk
15718779,Clark,France,Male,34,780,0.0,1,1,0,0.0592,0,Low Risk
15568106,L?,France,Female,38,592,119278.01,2,1,0,0.0682,0,Low Risk
15779481,Swadling,France,Male,34,628,158741.43,2,1,0,0.0179,0,Low Risk
15709994,Gallo,France,Female,40,658,140596.95,1,1,1,0.2729,1,Moderate Risk
15772777,Onyemachukwu,Spain,Female,29,850,0.0,2,1,0,0.0,0,Low Risk
15706815,Samoylova,Germany,Male,37,515,90432.92,1,1,1,0.1934,0,Low Risk
15618018,Dickson,France,Female,35,571,104783.81,2,1,0,0.0638,0,Low Risk
15671032,He,Germany,Male,42,760,77992.97,2,1,0,0.0465,0,Low Risk
15634281,P'an,Germany,Female,43,720,110822.9,1,0,0,0.7729,1,Critical Risk
15766374,Leak,Germany,Male,42,632,119624.6,2,1,0,0.0592,0,Low Risk
15600991,Artemieva,Germany,Male,31,694,109052.59,2,1,1,0.0542,0,Low Risk
15777576,Frost,Spain,Female,40,559,139129.44,1,1,0,0.1388,0,Low Risk
15742613,Warner,Germany,Female,42,773,152324.66,2,0,0,0.221,0,Moderate Risk
15649523,Kennedy,France,Male,38,581,0.0,2,0,0,0.0251,0,Low Risk
15651063,Ifeatu,Germany,Female,37,524,127480.58,2,0,0,0.3716,1,Moderate Risk
15683124,Evans,France,Male,53,713,115029.4,1,0,1,0.8976,1,Critical Risk
15618314,Chu,France,Male,40,676,114005.78,1,1,0,0.0609,0,Low Risk
15670823,Hsueh,Germany,Female,42,651,116646.76,1,0,1,0.8941,1,Critical Risk
15607133,Shih,Spain,Female,49,717,110864.38,2,1,1,0.3765,1,Moderate Risk
15615012,Fan,France,Male,23,594,156267.59,1,0,0,0.0977,0,Low Risk
15725141,Whiddon,France,Female,44,716,109528.28,1,0,1,0.5215,1,High Risk
15623560,Onyekachukwu,France,Female,35,668,102482.76,1,1,0,0.1327,0,Low Risk
15693018,Ermakova,Germany,Male,23,678,115563.71,1,1,0,0.055,0,Low Risk
15636756,Marino,France,Male,23,545,0.0,2,0,0,0.0124,0,Low Risk
15647474,Niu,France,Female,40,613,95624.36,2,1,0,0.0856,0,Low Risk
15576714,Manna,Spain,Female,21,687,0.0,2,1,0,0.0062,0,Low Risk
15585047,Onyemere,France,Male,28,715,160376.61,1,0,0,0.0419,0,Low Risk
15743976,Archer,Germany,Male,41,618,37702.79,1,1,0,0.249,0,Moderate Risk
15793881,Mitchell,France,Female,35,721,118273.83,1,1,0,0.1115,0,Low Risk
15576517,Everingham,Germany,Female,34,445,131082.17,2,1,0,0.0426,0,Low Risk
15631072,Huie,France,Male,38,690,94456.0,2,1,0,0.0352,0,Low Risk
15730394,Crowther,France,Female,43,709,0.0,2,0,1,0.132,0,Low Risk
15631460,Swift,Spain,Female,42,671,0.0,2,1,0,0.0419,0,Low Risk
15692002,Skelton,France,Male,33,538,93791.38,1,1,0,0.0516,0,Low Risk
15595282,White,France,Female,33,735,0.0,2,0,0,0.0471,0,Low Risk
15789548,Giordano,France,Female,37,592,0.0,2,1,0,0.0289,0,Low Risk
15758035,Bateson,France,Male,61,747,155973.13,1,1,0,0.3374,1,Moderate Risk
15617518,Hu,Germany,Male,36,675,89409.95,1,1,0,0.1806,0,Low Risk
15651802,Day,Spain,Female,39,632,97854.37,2,0,0,0.1368,0,Low Risk
15631813,Beneventi,France,Male,39,621,0.0,2,1,0,0.0159,0,Low Risk
15729668,Elizabeth,Spain,Male,29,521,60280.62,1,0,0,0.1516,0,Low Risk
15741728,Atkins,Spain,Male,36,591,135216.8,1,1,0,0.0572,0,Low Risk
15576676,Serrano,Germany,Female,28,706,124923.35,2,1,0,0.0585,0,Low Risk
15711378,Willis,France,Male,38,677,0.0,2,0,0,0.0274,0,Low Risk
15765520,Stevenson,Germany,Male,27,769,188614.07,1,0,0,0.2202,0,Moderate Risk
15656726,Ch'ien,France,Male,32,771,62321.62,1,1,0,0.0359,0,Low Risk
15647842,Cunningham,Germany,Female,48,601,120782.7,1,0,1,0.9736,1,Critical Risk
15719309,Stephens,France,Female,42,670,115961.58,2,1,0,0.1199,0,Low Risk
15748718,Gordon,France,Male,28,517,115062.61,1,0,0,0.0649,0,Low Risk
15594404,Bevan,France,Female,49,834,160602.25,2,0,0,0.511,1,High Risk
15751158,Mashman,France,Female,42,571,108825.34,3,0,1,0.9826,1,Critical Risk
15593470,Tu,Germany,Female,36,576,166287.85,1,1,0,0.2036,0,Moderate Risk
15695129,Milanesi,France,Female,31,718,152663.77,1,1,0,0.0388,0,Low Risk
15640865,Romano,Germany,Female,31,636,80844.69,2,1,0,0.0316,0,Low Risk
15714080,Goliwe,Germany,Female,40,566,97001.36,2,0,0,0.2466,0,Moderate Risk
15648721,Hsueh,France,Male,64,711,0.0,2,1,0,0.0101,0,Low Risk
15801466,Gray,France,Female,39,574,122524.61,2,0,0,0.1553,0,Low Risk
15750248,Wright,France,Female,35,619,132292.63,1,0,0,0.2401,0,Moderate Risk
15758726,Chiemeka,France,Female,24,588,0.0,2,1,0,0.0308,0,Low Risk
15781553,Chung,Germany,Female,49,760,91502.99,1,0,1,0.9736,1,Critical Risk
15649121,Pinto,France,Male,52,665,0.0,1,0,1,0.9677,1,Critical Risk
15674811,Kellway,Germany,Male,29,739,59385.98,2,1,0,0.0101,0,Low Risk
15646037,Sopuluchi,France,Male,77,641,0.0,3,1,0,0.2464,0,Moderate Risk
15722578,Spitzer,Germany,Female,21,685,97956.5,1,1,0,0.1623,0,Low Risk
15665695,Potter,France,Female,49,594,0.0,2,1,0,0.13,0,Low Risk
15801062,Matthews,Spain,Female,40,557,0.0,2,1,0,0.0305,0,Low Risk
15662955,Nicholls,France,Male,27,697,141223.68,2,0,0,0.0365,0,Low Risk
15770309,McDonald,France,Male,18,656,151762.74,1,1,0,0.0274,0,Low Risk
15657386,Fiorentini,Germany,Male,43,712,141749.74,2,1,0,0.0669,0,Low Risk
15777797,Kovalyova,Spain,Male,38,689,75075.14,1,1,1,0.0565,0,Low Risk
15783955,Miah,France,Female,25,697,165686.11,2,0,0,0.0592,0,Low Risk
15804516,Builder,France,Male,38,589,0.0,1,0,0,0.2807,1,Moderate Risk
15681758,Baddeley,Spain,Female,25,525,0.0,2,0,0,0.0159,0,Low Risk
15630321,Hu,France,Male,44,680,0.0,2,0,0,0.0426,0,Low Risk
15588248,Hs?,France,Female,28,617,0.0,2,1,1,0.0325,0,Low Risk
15591932,Ford,France,Male,32,680,92961.61,1,0,0,0.078,0,Low Risk
15810347,Todd,Spain,Female,30,662,0.0,2,1,0,0.0101,0,Low Risk
15595303,Johnston,Germany,Male,46,736,130812.91,1,1,1,0.5908,1,High Risk
15634950,Obiajulu,Germany,Male,57,657,107174.58,1,1,1,0.7944,1,Critical Risk
15685372,Azubuike,Spain,Male,54,350,152677.48,1,1,1,0.6764,1,Critical Risk
15745827,Padovesi,France,Male,30,617,132005.77,1,0,0,0.074,0,Low Risk
15755868,Farmer,France,Male,35,562,0.0,1,0,0,0.199,0,Low Risk
15735222,Ignatieff,Spain,Female,23,705,0.0,2,1,0,0.0101,0,Low Risk
15604804,Lu,France,Female,33,516,127305.5,1,1,0,0.0592,0,Low Risk
15718944,Artemiev,France,Female,37,573,0.0,2,0,0,0.0365,0,Low Risk
15678626,Okonkwo,Spain,Female,31,538,0.0,2,0,0,0.0359,0,Low Risk
15571550,Dore,France,Male,39,699,0.0,1,0,0,0.3195,1,Moderate Risk
15723053,T'ang,Germany,Male,32,504,170291.22,2,1,0,0.0062,0,Low Risk
15661528,Ashbolt,Spain,Male,47,583,102562.23,1,0,0,0.6259,1,High Risk
15754177,Bazarova,Spain,Male,53,712,111061.01,2,0,0,0.6662,1,Critical Risk
15683544,Buccho,Spain,Male,62,626,0.0,1,1,0,0.3388,1,Moderate Risk
15708048,Burn,France,Female,34,631,124379.14,1,0,0,0.1914,0,Low Risk
15701109,Andreyev,France,Female,37,663,0.0,1,1,0,0.2807,1,Moderate Risk
15600110,Endrizzi,Germany,Female,41,506,57745.76,1,0,0,0.463,1,High Risk
15651533,Brown,Germany,Female,50,570,129293.74,1,0,1,0.9902,1,Critical Risk
15777904,Nock,France,Female,45,703,0.0,2,1,0,0.0609,0,Low Risk
15655574,Okeke,Germany,Female,40,698,150777.1,1,0,0,0.5914,1,High Risk
15569423,Cunningham,Spain,Male,41,731,0.0,2,0,0,0.0359,0,Low Risk
15718106,Kelley,France,Male,34,625,0.0,2,0,0,0.0101,0,Low Risk
15585067,Wilson,Spain,Male,31,634,108632.48,1,1,1,0.038,0,Low Risk
15675501,Woods,France,Male,59,616,153861.1,1,1,0,0.3195,1,Moderate Risk
15633233,McFarland,France,Male,56,500,100374.58,1,0,1,0.9519,1,Critical Risk
15667134,Cisneros,France,Male,32,446,0.0,2,0,0,0.0097,0,Low Risk
15659105,Borchgrevink,France,Female,47,669,61196.54,1,0,0,0.8065,1,Critical Risk
15575409,Rozhkova,Germany,Male,31,581,116891.72,1,0,0,0.3995,1,Moderate Risk
15752342,Bradley,Germany,Female,54,704,133656.91,3,0,1,1.0,1,Critical Risk
15654851,Obialo,France,Male,44,748,92911.52,1,1,0,0.0953,0,Low Risk
15741429,Hudson,Spain,Female,31,680,119825.75,2,1,0,0.0403,0,Low Risk
15682356,Veltri,France,Female,37,655,111852.84,2,0,0,0.082,0,Low Risk
15806447,Mazzanti,Germany,Male,32,690,106683.52,2,1,0,0.0397,0,Low Risk
15800229,Thorpe,Germany,Male,40,695,139022.24,1,1,0,0.2724,1,Moderate Risk
15663441,Golibe,Germany,Female,40,700,148571.07,1,0,1,0.5972,1,High Risk
15791991,Udinesi,France,Male,52,773,0.0,1,1,0,0.7514,1,Critical Risk
15775082,Stewart,France,Male,42,749,129776.72,2,1,0,0.0572,0,Low Risk
15579706,Curtis,France,Female,46,611,0.0,1,0,1,0.9386,1,Critical Risk
15718247,Hayden,Spain,Female,46,606,0.0,2,1,0,0.0475,0,Low Risk
15755722,H?,France,Male,24,554,0.0,1,0,0,0.0776,0,Low Risk
15582259,Campbell,France,Female,37,567,0.0,2,1,0,0.0281,0,Low Risk
15716994,Green,Spain,Male,24,559,114739.92,1,0,1,0.1854,0,Low Risk
15586880,P'eng,Germany,Male,41,594,122545.65,2,1,0,0.0953,0,Low Risk
15713854,Cremonesi,France,Female,37,513,0.0,2,0,0,0.0482,0,Low Risk
15780835,Liang,Germany,Female,26,652,131908.35,1,1,0,0.1642,0,Low Risk
15675896,Gough,Germany,Female,42,680,105722.69,1,1,1,0.5905,1,High Risk
15658459,Bates,Spain,Male,33,784,0.0,2,0,0,0.0101,0,Low Risk
15658057,Padovesi,Spain,Female,44,812,0.0,3,0,1,0.8945,1,Critical Risk
15801767,Yin,Spain,Female,40,784,0.0,2,0,0,0.0541,0,Low Risk
15569178,Kharlamov,France,Female,18,570,82767.42,1,0,0,0.0787,0,Low Risk
15731478,Nicholls,France,Female,42,712,87842.98,1,0,0,0.3516,1,Moderate Risk
15811236,Burns,Spain,Male,39,705,133261.13,1,1,0,0.0609,0,Low Risk
15746749,Fleming,Spain,Female,32,681,0.0,2,1,0,0.0159,0,Low Risk
15662758,Watson,France,Male,41,620,97925.11,1,0,0,0.1539,0,Low Risk
15709387,Obiajulu,France,Male,52,711,0.0,1,1,0,0.5966,1,High Risk
15572093,Han,France,Female,24,613,140453.91,1,0,0,0.1021,0,Low Risk
15713826,Ferguson,Germany,Female,20,613,117356.19,1,0,1,0.3321,1,Moderate Risk
15570205,Tao,Spain,Male,36,682,0.0,2,1,0,0.0062,0,Low Risk
15589348,Le Grand,Spain,Male,37,850,137204.77,1,1,0,0.0359,0,Low Risk
15804610,Valdez,France,Female,41,601,0.0,2,1,0,0.0585,0,Low Risk
15700854,Cunningham,Spain,Male,35,595,0.0,1,0,1,0.2746,1,Moderate Risk
15758836,Godfrey,Spain,Male,36,675,54098.18,2,1,0,0.0254,0,Low Risk
15772933,Mai,Spain,Male,31,591,0.0,1,1,0,0.0661,0,Low Risk
15809006,Walker,France,Male,23,602,113758.48,2,0,0,0.0352,0,Low Risk
15689612,Pirozzi,Spain,Female,34,554,0.0,1,1,0,0.1154,0,Low Risk
15744614,Feng,France,Male,37,541,118636.92,1,1,0,0.0565,0,Low Risk
15704250,Akabueze,France,Male,34,506,0.0,2,0,0,0.0101,0,Low Risk
15700255,Robson,Germany,Male,44,814,95488.82,2,0,0,0.1022,0,Low Risk
15669410,Yevdokimova,France,Male,30,683,110829.52,2,0,0,0.0305,0,Low Risk
15807595,Ijendu,Germany,Male,51,485,144244.59,2,0,0,0.6455,1,High Risk
15664523,Colombo,Germany,Female,31,696,122021.92,2,0,0,0.1471,0,Low Risk
15642833,Akubundu,France,Female,30,608,0.0,2,0,0,0.0336,0,Low Risk
15605279,Francis,France,Male,50,792,0.0,4,1,1,0.9605,1,Critical Risk
15713644,Marshall,Spain,Male,22,686,0.0,2,0,0,0.0124,0,Low Risk
15750466,Rhodes,Germany,Male,42,790,85839.62,1,0,0,0.2827,1,Moderate Risk
15739054,Y?,France,Female,29,654,96974.97,1,1,0,0.0855,0,Low Risk
15612771,Bell,France,Male,35,452,148172.44,1,1,0,0.0359,0,Low Risk
15788483,Kerr,Spain,Male,38,719,0.0,1,0,0,0.3789,1,Moderate Risk
15732832,Jideofor,France,Female,40,707,0.0,2,0,0,0.0592,0,Low Risk
15772892,Robertson,France,Female,49,699,0.0,1,0,0,0.9411,1,Critical Risk
15713843,Kao,Spain,Male,30,850,0.0,2,1,0,0.0,0,Low Risk
15567993,Palmer,Spain,Male,28,828,134766.85,1,0,0,0.0883,0,Low Risk
15617603,Mackay,Germany,Male,30,850,123210.56,2,1,0,0.0219,0,Low Risk
15744983,Burgmann,Spain,Male,47,712,139887.01,1,1,0,0.1497,0,Low Risk
15630419,Davis,France,Male,44,634,149961.11,1,0,0,0.367,1,Moderate Risk
15738828,Milano,Germany,Male,45,730,152880.97,1,0,0,0.7697,1,Critical Risk
15778025,Dellucci,Germany,Male,43,685,108589.47,2,1,0,0.0649,0,Low Risk
15799479,Coles,Spain,Male,33,809,0.0,1,1,0,0.0452,0,Low Risk
15684269,Gray,Spain,Female,35,707,56674.48,1,0,1,0.283,1,Moderate Risk
15762745,Macvitie,Spain,Male,32,648,0.0,1,0,0,0.2006,0,Moderate Risk
15746970,Townsend,Spain,Female,57,760,0.0,2,1,0,0.0896,0,Low Risk
15725024,Pope,Germany,Female,33,805,105663.56,2,1,0,0.0563,0,Low Risk
15592116,Jensen,France,Female,39,585,0.0,2,0,0,0.0281,0,Low Risk
15624391,Thomson,Spain,Female,30,595,100683.54,1,1,0,0.0896,0,Low Risk
15567422,Chiazagomekpele,France,Male,42,630,0.0,2,0,0,0.0426,0,Low Risk
15612627,Ozuluonye,Germany,Male,29,627,139541.58,2,0,0,0.0632,0,Low Risk
15574879,Wright,Germany,Female,37,631,121801.72,2,1,0,0.1305,0,Low Risk
15745107,Lung,Germany,Male,38,776,112281.7,1,1,0,0.3236,1,Moderate Risk
15734491,Lombardo,Spain,Female,36,676,0.0,2,1,0,0.0124,0,Low Risk
15675320,Leonard,Spain,Female,40,758,93499.82,2,0,0,0.1471,0,Low Risk
15643824,Johnston,France,Male,33,637,132255.99,2,1,0,0.0144,0,Low Risk
15643438,P'eng,France,Male,20,850,0.0,2,0,0,0.0,0,Low Risk
15721730,Amechi,Spain,Female,44,601,0.0,2,0,0,0.0609,0,Low Risk
15680727,Fang,France,Male,49,735,121973.28,1,0,0,0.7359,1,Critical Risk
15752508,Docherty,Germany,Male,32,614,99462.8,2,1,0,0.0254,0,Low Risk
15808846,Horton,Germany,Female,21,672,165878.76,2,1,0,0.0254,0,Low Risk
15727251,Vincent,France,Male,30,642,117494.27,1,0,0,0.0609,0,Low Risk
15663489,Onio,Germany,Female,29,633,138577.34,1,0,0,0.1985,0,Low Risk
15683677,Schiavone,Spain,Male,39,769,0.0,1,1,0,0.0822,0,Low Risk
15596414,Chandler,Spain,Male,41,796,107525.07,1,0,0,0.2903,1,Moderate Risk
15730639,Fiorentino,France,Male,23,715,139224.92,2,0,0,0.0352,0,Low Risk
15672132,Butusov,France,Female,42,695,121453.63,1,0,0,0.4002,1,High Risk
15742638,Wang,France,Female,25,747,0.0,2,1,0,0.0124,0,Low Risk
15578603,Alexeieva,Germany,Female,54,584,77354.37,1,0,1,0.9798,1,Critical Risk
15726088,Vinogradova,France,Male,40,476,0.0,1,1,0,0.1706,0,Low Risk
15682533,Hughes,France,Female,39,850,79259.99,1,1,0,0.1314,0,Low Risk
15772995,Ts'ao,France,Male,30,529,116295.29,1,0,0,0.0609,0,Low Risk
15765694,Bage,Spain,Female,59,584,0.0,1,1,1,0.7759,1,Critical Risk
15659486,Yudina,Germany,Male,34,586,74309.81,1,0,0,0.1978,0,Low Risk
15568963,Naquin,Germany,Male,34,674,152797.9,1,0,1,0.261,0,Moderate Risk
15703820,Endrizzi,France,Male,42,552,133701.07,2,0,1,0.1854,0,Low Risk
15569410,Tang,Germany,Female,33,601,114430.18,2,1,0,0.074,0,Low Risk
15632256,Schroeder,France,Male,29,541,127504.57,1,0,0,0.0569,0,Low Risk
15724466,Swearingen,Germany,Female,41,744,84113.41,1,0,0,0.404,1,High Risk
15777639,McGregor,Spain,Female,23,595,101126.66,2,0,0,0.0241,0,Low Risk
15802501,Onyeorulu,Germany,Male,33,724,103564.83,2,0,0,0.0914,0,Low Risk
15778410,Clarke,Spain,Female,52,533,0.0,1,1,1,0.7694,1,Critical Risk
15670702,Smith,France,Male,37,618,168178.21,2,1,0,0.0365,0,Low Risk
15704763,Kozlova,Germany,Female,39,523,143903.11,1,1,1,0.561,1,High Risk
15645544,Nekrasov,Germany,Female,30,642,129753.69,1,0,0,0.5218,1,High Risk
15757646,Olague,France,Male,35,584,0.0,2,0,0,0.0241,0,Low Risk
15701121,Holt,France,Male,38,521,110641.18,1,1,1,0.1259,0,Low Risk
15796313,Olsen,France,Female,36,662,166909.2,2,0,1,0.1305,0,Low Risk
15815660,Mazzi,France,Female,34,758,154139.45,1,1,0,0.0582,0,Low Risk
15602844,Niu,France,Male,38,717,97459.06,1,0,0,0.1553,0,Low Risk
15636238,Graham,France,Male,40,611,0.0,2,1,0,0.0221,0,Low Risk
15770101,Millar,Germany,Male,43,766,112088.04,2,1,0,0.1471,0,Low Risk
15645543,Bell,France,Female,34,636,0.0,2,1,0,0.0259,0,Low Risk
15596397,Kelly,France,Female,48,814,0.0,2,1,0,0.0716,0,Low Risk
15770525,T'an,Spain,Male,28,760,141038.57,2,0,0,0.0365,0,Low Risk
15684267,Davila,Germany,Male,39,607,84468.67,2,1,0,0.0433,0,Low Risk
15689980,Willis,Spain,Female,36,725,118520.26,1,0,1,0.2807,1,Moderate Risk
15633260,Dumetochukwu,France,Male,37,600,142663.46,1,1,0,0.0588,0,Low Risk
15756471,Giles,Germany,Male,27,656,118627.16,2,1,0,0.0426,0,Low Risk
15721303,O'Meara,Spain,Male,34,640,137523.02,1,0,0,0.0861,0,Low Risk
15802256,Yao,France,Male,28,439,110976.23,2,0,0,0.0336,0,Low Risk
15725664,Wallace,France,Female,38,549,107283.4,1,0,0,0.3235,1,Moderate Risk
15674851,T'ien,France,Male,38,622,0.0,2,0,0,0.0159,0,Low Risk
15701946,Ndubueze,France,Male,34,715,124314.45,1,0,0,0.0661,0,Low Risk
15748947,Chukwuraenye,France,Female,41,657,95858.37,1,1,0,0.1654,0,Low Risk
15673342,K'ung,France,Male,36,703,0.0,2,0,0,0.0219,0,Low Risk
15601008,Stevenson,France,Male,33,802,0.0,2,0,0,0.0124,0,Low Risk
15771636,Marshall,Spain,Female,36,793,0.0,1,0,0,0.2718,0,Moderate Risk
15642002,Hayward,France,Female,35,554,117707.18,2,0,1,0.0671,0,Low Risk
15693381,Tipton,Spain,Male,38,533,135289.33,2,1,0,0.052,0,Low Risk
15607691,Gibson,France,Male,36,658,174060.46,1,1,0,0.0776,0,Low Risk
15589380,Fraser,Germany,Male,40,713,114446.84,2,1,0,0.0821,0,Low Risk
15603846,Fang,Spain,Male,37,711,0.0,2,0,1,0.0274,0,Low Risk
15753549,Dubinina,France,Male,25,669,157848.53,1,0,1,0.0423,0,Low Risk
15725355,Morey,France,Female,43,439,0.0,1,1,0,0.4522,1,High Risk
15773017,Todd,Spain,Female,37,763,0.0,2,1,0,0.0289,0,Low Risk
15625641,Forbes,Germany,Female,74,697,108071.36,2,1,0,0.0536,0,Low Risk
15776467,De Salis,Spain,Female,35,702,14262.8,2,0,0,0.0542,0,Low Risk
15746451,Barry,Spain,Male,41,686,102749.72,1,1,0,0.0604,0,Low Risk
15777922,Afamefuna,Spain,Male,36,629,161757.87,2,1,0,0.0316,0,Low Risk
15606841,Ibbott,France,Male,38,823,0.0,2,0,0,0.0159,0,Low Risk
15757648,Marshall,Germany,Female,35,683,95698.79,1,1,0,0.4252,1,High Risk
15677173,Law,France,Male,37,555,124969.13,1,0,0,0.1579,0,Low Risk
15764170,Pinto,Germany,Male,44,647,93960.35,1,0,1,0.587,1,High Risk
15610446,Chinedum,France,Female,51,714,88308.87,3,0,1,1.0,1,Critical Risk
15612776,McKay,Spain,Female,39,850,0.0,2,1,0,0.0124,0,Low Risk
15794122,Otutodilinna,France,Female,59,713,0.0,2,1,0,0.1471,0,Low Risk
15774931,She,France,Male,30,452,112935.87,1,1,0,0.0257,0,Low Risk
15779247,Pai,Spain,Female,24,683,98567.1,1,0,0,0.0994,0,Low Risk
15707078,Kruglov,France,Female,26,577,180530.51,1,0,0,0.1165,0,Low Risk
15605263,Chin,France,Male,33,552,140931.57,1,1,0,0.0446,0,Low Risk
15607381,King,Germany,Female,31,769,148913.72,2,0,0,0.0701,0,Low Risk
15683471,Hansen,France,Male,38,691,0.0,2,0,0,0.0274,0,Low Risk
15605037,Ting,France,Female,49,818,0.0,1,1,1,0.7864,1,Critical Risk
15576085,Stone,France,Male,41,739,0.0,2,0,0,0.0336,0,Low Risk
15770435,McLean,France,Female,50,639,115335.32,2,1,0,0.3734,1,Moderate Risk
15592994,Zikoranachidimma,France,Female,65,651,0.0,2,1,0,0.0442,0,Low Risk
15624068,Fu,France,Female,26,779,0.0,2,1,0,0.0241,0,Low Risk
15595221,Trevisano,Germany,Female,33,850,134678.13,1,0,0,0.2885,1,Moderate Risk
15637131,Fallaci,France,Male,38,829,0.0,2,0,0,0.0251,0,Low Risk
15613471,Wiley,Germany,Male,31,579,90547.48,2,1,0,0.0219,0,Low Risk
15583499,Chiagoziem,France,Male,32,510,103324.78,1,1,0,0.0159,0,Low Risk
15752816,Murray,France,Male,29,531,114590.58,1,0,0,0.0572,0,Low Risk
15804075,Chuang,Germany,Female,36,628,91286.51,1,0,0,0.4176,1,High Risk
15800517,Huang,Spain,Male,32,633,163340.12,2,1,0,0.0159,0,Low Risk
15712319,Chukwukere,Spain,Male,45,714,150900.29,2,1,0,0.0993,0,Low Risk
15797389,Hsia,Spain,Male,23,604,124577.33,1,1,0,0.0136,0,Low Risk
15621432,Lee,Spain,Male,35,630,0.0,2,0,0,0.0101,0,Low Risk
15779390,Theus,Spain,Female,31,850,91292.7,1,1,0,0.0365,0,Low Risk
15711219,Jennings,Germany,Female,57,788,93716.72,1,1,1,0.856,1,Critical Risk
15770498,Parker,France,Female,37,798,111723.08,1,1,0,0.0701,0,Low Risk
15678727,Tan,Germany,Male,45,770,110765.68,1,0,1,0.9666,1,Critical Risk
15573893,Barry,Germany,Male,25,569,173459.45,2,1,0,0.0124,0,Low Risk
15740104,Tuan,Spain,Female,22,425,169649.73,2,1,1,0.0322,0,Low Risk
15792649,Patterson,Spain,Female,31,547,0.0,2,0,0,0.0159,0,Low Risk
15605275,Ofodile,Germany,Male,45,725,116917.07,1,0,1,0.9621,1,Critical Risk
15572467,Chandler,France,Male,37,506,0.0,2,1,0,0.0062,0,Low Risk
15738219,Nash,France,Female,36,632,0.0,2,1,0,0.0322,0,Low Risk
15600710,Atkinson,France,Male,22,620,0.0,1,0,0,0.0896,0,Low Risk
15804394,Brenan,Germany,Male,32,663,130627.66,1,0,1,0.4421,1,High Risk
15694188,Obidimkpa,Spain,Female,46,700,56580.95,2,1,0,0.1539,0,Low Risk
15583718,Terry,Germany,Male,38,696,142316.14,1,1,0,0.3274,1,Moderate Risk
15802478,Spring,Spain,Male,31,767,0.0,2,1,0,0.0,0,Low Risk
15619343,Mahmood,France,Male,56,561,152759.0,2,0,1,0.7791,1,Critical Risk
15758813,Campbell,Germany,Male,39,350,109733.2,2,0,1,0.7374,1,Critical Risk
15761374,Bellucci,France,Male,54,706,117444.51,1,1,0,0.3195,1,Moderate Risk
15569209,Amaechi,Spain,Female,34,464,76001.57,1,1,0,0.0684,0,Low Risk
15788539,Foxall,France,Female,34,501,107747.57,1,0,0,0.104,0,Low Risk
15747222,Bentley,Spain,Female,35,745,0.0,2,1,0,0.0124,0,Low Risk
15769346,Baird,France,Female,36,587,134997.49,2,0,0,0.0684,0,Low Risk
15699634,Howard,France,Female,48,667,0.0,2,1,0,0.1067,0,Low Risk
15589076,Henry,France,Male,36,737,0.0,1,1,1,0.1971,0,Low Risk
15812338,Sopuluchukwu,Spain,Female,30,485,0.0,1,0,0,0.1231,0,Low Risk
15758845,Rocher,Spain,Female,37,590,64345.21,1,1,1,0.0711,0,Low Risk
15685844,White,Germany,Female,35,518,141665.63,1,1,0,0.2448,0,Moderate Risk
15583090,Komar,Spain,Female,29,581,0.0,2,0,0,0.0124,0,Low Risk
15587581,Russo,Germany,Female,33,785,136624.6,2,1,0,0.0701,0,Low Risk
15633640,Loewenthal,France,Female,52,799,161209.66,1,1,0,0.4494,1,High Risk
15573741,Aliyeva,Spain,Male,38,698,95010.92,1,1,0,0.0159,0,Low Risk
15633574,Montes,France,Female,41,730,167545.32,1,0,0,0.4457,1,High Risk
15711455,Kuo,Germany,Female,36,740,109044.6,1,0,1,0.5914,1,High Risk
15570601,Cheng,France,Female,47,785,122031.55,1,1,1,0.5828,1,High Risk
15690925,McIntosh,Spain,Female,29,527,27755.97,1,0,1,0.382,1,Moderate Risk
15709338,T'ao,France,Female,29,544,118560.55,1,1,0,0.0792,0,Low Risk
15780746,Tyndall,France,Male,61,705,0.0,2,1,0,0.0426,0,Low Risk
15681956,Bailey,France,Male,34,684,0.0,2,1,0,0.0101,0,Low Risk
15778190,Onyekaozulu,Spain,Female,28,639,97840.72,1,1,0,0.0492,0,Low Risk
15786852,Nwachukwu,Germany,Female,38,565,158651.29,2,1,0,0.0621,0,Low Risk
15726494,Romani,France,Male,44,481,175303.06,1,0,1,0.4312,1,High Risk
15641183,Chin,Spain,Male,25,731,96950.21,1,0,0,0.0442,0,Low Risk
15805312,Bellucci,France,Male,45,607,123859.6,1,1,0,0.2547,0,Moderate Risk
15636572,Christmas,France,Female,32,760,0.0,2,1,0,0.0124,0,Low Risk
15632575,Moore,France,Female,70,559,0.0,1,1,0,0.1746,0,Low Risk
15740164,Genovesi,France,Female,33,715,85227.84,1,1,0,0.0661,0,Low Risk
15574947,Cartwright,France,Male,36,656,97786.08,2,1,0,0.0179,0,Low Risk
15597909,Johnstone,Germany,Male,33,652,128135.99,1,0,0,0.43,1,High Risk
15782574,Warner,Spain,Male,33,624,0.0,2,0,0,0.0124,0,Low Risk
15734999,Stephenson,Spain,Male,36,634,85996.19,1,0,0,0.1305,0,Low Risk
15706593,Ellis,Spain,Female,50,850,0.0,2,1,0,0.0576,0,Low Risk
15766686,Nebechi,Germany,Female,39,659,104502.11,1,0,0,0.8143,1,Critical Risk
15590268,Chu,Spain,Male,35,529,95772.97,1,1,0,0.0588,0,Low Risk
15763055,Onuchukwu,Spain,Male,31,572,98108.79,1,1,0,0.0592,0,Low Risk
15664754,Steele,Germany,Male,39,640,131607.28,4,1,1,0.9739,1,Critical Risk
15643630,Quaife,Spain,Male,55,770,63127.41,2,0,1,0.6569,1,Critical Risk
15641043,Scott,Spain,Male,35,648,0.0,2,1,0,0.0062,0,Low Risk
15768095,Yeh,France,Male,31,579,0.0,1,1,0,0.074,0,Low Risk
15811314,Y?,Germany,Female,36,589,140355.56,2,0,0,0.2743,1,Moderate Risk
15669922,Conti,Spain,Female,36,530,0.0,2,1,0,0.0254,0,Low Risk
15707114,Holder,France,Male,30,831,0.0,2,1,0,0.0,0,Low Risk
15670602,Burgess,Germany,Male,24,790,107418.27,1,1,0,0.1471,0,Low Risk
15713479,Ozuluonye,France,Male,35,656,0.0,2,0,0,0.0062,0,Low Risk
15663830,De Luca,Spain,Male,32,563,0.0,2,1,0,0.0004,0,Low Risk
15566958,Li Fonti,Spain,Male,39,667,167557.12,1,1,0,0.0475,0,Low Risk
15680918,Freeman,Spain,Male,34,613,117300.02,1,0,0,0.1803,0,Low Risk
15663921,Pisani,France,Male,60,429,0.0,2,1,0,0.0717,0,Low Risk
15716324,Ignatieff,France,Female,23,665,143672.9,1,1,0,0.0645,0,Low Risk
15796969,Lahti,France,Male,33,731,0.0,2,1,0,0.0062,0,Low Risk
15574783,Perkins,France,Female,37,584,0.0,2,1,0,0.0343,0,Low Risk
15773487,Conway,Germany,Female,31,634,76798.92,1,0,0,0.1273,0,Low Risk
15802486,Hayes,France,Male,34,488,0.0,2,1,0,0.0062,0,Low Risk
15783398,Rizzo,Spain,Female,49,535,115309.75,1,0,0,0.7558,1,Critical Risk
15649418,Krylov,France,Female,29,776,178171.04,2,1,0,0.0604,0,Low Risk
15604588,Li Fonti,Spain,Female,38,850,0.0,2,1,0,0.0124,0,Low Risk
15735428,Talbot,Spain,Female,37,673,0.0,2,0,0,0.0307,0,Low Risk
15629078,Matthias,Germany,Female,45,850,127258.79,1,1,1,0.5452,1,High Risk
15806880,Boyle,Spain,Female,30,627,0.0,1,1,0,0.132,0,Low Risk
15754999,Ch'eng,France,Female,33,570,0.0,1,1,0,0.1429,0,Low Risk
15781034,Mason,Spain,Male,67,796,0.0,2,1,0,0.0254,0,Low Risk
15622017,Bruno,Spain,Female,33,773,0.0,1,1,0,0.073,0,Low Risk
15705885,Smeaton,Spain,Male,36,752,0.0,2,1,0,0.0062,0,Low Risk
15677382,Miller,Spain,Female,69,625,107569.96,1,1,0,0.1045,0,Low Risk
15566843,Gotch,Germany,Male,20,535,134874.4,1,1,0,0.1167,0,Low Risk
15608387,Fu,France,Female,29,786,0.0,2,0,0,0.0274,0,Low Risk
15810786,O'Toole,France,Female,67,620,0.0,2,1,0,0.0282,0,Low Risk
15626983,Ledford,Spain,Female,48,605,0.0,2,1,0,0.0476,0,Low Risk
15773605,Iadanza,Spain,Female,32,670,0.0,2,0,0,0.0289,0,Low Risk
15811261,Alaniz,Spain,Male,42,617,70105.87,1,1,0,0.0994,0,Low Risk
15590606,Saunders,France,Male,41,595,0.0,2,0,0,0.0298,0,Low Risk
15576644,Lin,Germany,Female,29,687,78939.15,1,0,1,0.2821,1,Moderate Risk
15750264,Pinto,Germany,Male,30,757,105128.85,2,1,0,0.0274,0,Low Risk
15741554,Streeter,Spain,Male,31,746,113836.27,1,1,0,0.0475,0,Low Risk
15769051,Shaw,Spain,Male,25,503,0.0,1,1,0,0.0492,0,Low Risk
15812198,Chen,Germany,Male,48,543,100900.5,1,0,1,0.9573,1,Critical Risk
15699772,Barclay,Germany,Female,40,428,129248.11,2,0,1,0.2715,0,Moderate Risk
15744105,Kodilinyechukwu,France,Female,28,768,109118.05,2,1,0,0.0343,0,Low Risk
15739858,Otitodilichukwu,France,Male,56,618,0.0,1,1,1,0.5828,1,High Risk
15723720,McKenzie,France,Female,31,591,0.0,2,1,0,0.0124,0,Low Risk
15638355,Woods,France,Female,35,658,126397.66,1,0,1,0.2995,1,Moderate Risk
15805637,Hsing,France,Male,36,625,108546.16,3,0,1,0.9869,1,Critical Risk
15629575,Wheare,France,Male,36,717,148061.89,1,0,1,0.1388,0,Low Risk
15586243,Yobachi,France,Male,44,667,122277.87,1,1,0,0.1049,0,Low Risk
15757931,Fang,France,Male,24,804,0.0,2,0,0,0.0062,0,Low Risk
15716023,Pearson,France,Male,31,693,0.0,2,1,0,0.0062,0,Low Risk
15647782,Brown,Germany,Male,36,729,152899.24,2,0,0,0.0711,0,Low Risk
15716609,L?,Germany,Male,54,484,134388.11,1,0,1,0.9798,1,Critical Risk
15623791,Padovesi,Spain,Female,40,632,109740.62,1,0,0,0.4931,1,High Risk
15627262,Soto,Germany,Male,23,536,92366.72,2,0,0,0.0274,0,Low Risk
15652693,Greco,France,Female,26,573,129109.02,1,0,1,0.1799,0,Low Risk
15586993,Giordano,Spain,Female,56,655,0.0,2,1,0,0.0671,0,Low Risk
15815560,Bogle,Germany,Male,74,666,105102.5,1,1,0,0.052,0,Low Risk
15584930,Grimmett,Germany,Male,30,726,111375.32,2,0,0,0.0482,0,Low Risk
15799031,Ayers,France,Male,39,523,0.0,2,0,0,0.0124,0,Low Risk
15810457,Miller,Germany,Female,33,728,150412.14,2,0,0,0.1264,0,Low Risk
15697879,Webb,France,Male,30,701,156660.72,2,0,0,0.0289,0,Low Risk
15594902,Lombardi,France,Male,38,518,90957.81,1,1,0,0.0684,0,Low Risk
15799710,Wei,France,Male,37,739,104960.46,1,1,0,0.0576,0,Low Risk
15659651,Ross,Germany,Female,31,531,117052.82,1,0,1,0.4421,1,High Risk
15645956,Jideofor,Spain,Male,44,452,88915.85,1,0,0,0.2087,0,Moderate Risk
15651713,King,France,Male,45,684,148071.39,1,0,0,0.6382,1,High Risk
15737265,Nwokeocha,Germany,Male,39,728,152182.83,1,0,0,0.5136,1,High Risk
15687310,Humphries,Spain,Male,39,783,0.0,2,0,0,0.0282,0,Low Risk
15607347,Olisaemeka,France,Male,22,734,130056.23,1,0,1,0.0914,0,Low Risk
15698321,Yobanna,Germany,Male,34,648,95039.73,2,1,0,0.0352,0,Low Risk
15657812,Ch'iu,France,Male,52,688,0.0,2,1,0,0.0792,0,Low Risk
15569187,Fleming,Spain,Male,35,680,0.0,2,0,0,0.0159,0,Low Risk
15681562,Trevisan,France,Female,43,516,112773.73,2,1,0,0.1457,0,Low Risk
15615456,Aleksandrova,France,Female,37,680,123806.28,1,0,1,0.2128,0,Moderate Risk
15589793,Onwuamaeze,France,Male,53,604,144453.75,1,0,1,0.9184,1,Critical Risk
15781884,Knox,Germany,Male,27,624,94667.29,2,1,0,0.0124,0,Low Risk
15675190,Chia,France,Male,21,623,0.0,2,1,0,0.0159,0,Low Risk
15600734,Townsend,Spain,Male,51,624,174397.21,2,1,0,0.1991,0,Low Risk
15779176,Dike,Germany,Female,58,565,108888.24,3,1,1,1.0,1,Critical Risk
15605286,Moyes,France,Male,55,565,118803.35,2,1,1,0.268,0,Moderate Risk
15674922,Beavers,France,Male,54,710,171137.62,1,1,1,0.4829,1,High Risk
15737506,Tretiakova,France,Male,42,645,0.0,1,0,0,0.6281,1,High Risk
15780514,Fuller,France,Male,33,707,136678.52,1,0,0,0.078,0,Low Risk
15623647,Dellucci,Spain,Female,36,655,135515.76,1,0,0,0.2419,0,Moderate Risk
15668472,Ritchie,Spain,Female,24,705,177799.83,2,0,0,0.2106,0,Moderate Risk
15692416,Aikenhead,Spain,Female,52,358,143542.36,3,0,1,1.0,1,Critical Risk
15771139,Douglas,Germany,Male,34,578,147487.23,2,0,0,0.1108,0,Low Risk
15738318,Kung,France,Female,40,800,97764.41,1,0,1,0.2859,1,Moderate Risk
15772243,MacDonald,France,Female,33,612,0.0,1,0,1,0.388,1,Moderate Risk
15638463,Okwudilichukwu,Germany,Female,48,681,139480.18,1,1,0,0.7541,1,Critical Risk
15598088,Ni,Spain,Male,25,559,0.0,2,1,0,0.0,0,Low Risk
15693468,Simmons,Spain,Female,39,488,140553.46,1,0,0,0.1661,0,Low Risk
15671930,H?,France,Female,36,717,0.0,2,1,0,0.0343,0,Low Risk
15762268,Hancock,France,Female,41,666,141162.08,1,0,0,0.3911,1,Moderate Risk
15780954,Cran,Spain,Male,26,582,65848.36,2,0,0,0.0343,0,Low Risk
15700174,McKay,Spain,Female,30,733,83319.28,1,0,0,0.0689,0,Low Risk
15635728,P'an,France,Male,41,693,0.0,2,0,0,0.0336,0,Low Risk
15679283,Parkhill,France,Female,33,694,129731.64,2,0,0,0.0855,0,Low Risk
15591386,Golubova,France,Female,35,622,0.0,2,0,0,0.0343,0,Low Risk
15694192,Nwankwo,Spain,Female,38,598,0.0,2,0,0,0.055,0,Low Risk
15585901,Johnson,Spain,Male,35,717,0.0,3,0,1,0.7399,1,Critical Risk
15792329,Mao,Germany,Male,37,494,107106.33,2,0,0,0.1523,0,Low Risk
15635597,Echezonachukwu,France,Male,33,644,0.0,2,1,0,0.0101,0,Low Risk
15775880,McElyea,France,Female,30,554,0.0,2,1,0,0.0159,0,Low Risk
15630913,Rosas,Spain,Female,69,476,105303.73,1,1,0,0.2088,0,Moderate Risk
15756680,Phillips,France,Male,28,667,165798.1,1,0,0,0.1101,0,Low Risk
15587913,Palerma,Spain,Female,40,748,0.0,2,0,0,0.0609,0,Low Risk
15737605,Morris,Spain,Female,45,531,126495.57,2,1,0,0.2523,0,Moderate Risk
15627876,Pavlova,Spain,Female,47,719,116393.59,1,0,1,0.7778,1,Critical Risk
15772601,Lu,Germany,Female,41,845,81733.74,2,0,0,0.0108,0,Low Risk
15758606,Yamamoto,France,Male,54,738,0.0,1,1,1,0.7606,1,Critical Risk
15657107,Angelo,Spain,Female,46,563,106171.68,1,0,1,0.7815,1,Critical Risk
15622454,Zaitsev,Spain,Male,28,695,96020.86,1,1,0,0.0305,0,Low Risk
15775803,Cawker,Spain,Male,41,841,0.0,2,1,0,0.0062,0,Low Risk
15570859,Froggatt,Germany,Male,36,626,181671.16,2,1,0,0.0159,0,Low Risk
15748381,Gorbunov,France,Female,29,613,185709.28,2,1,0,0.0609,0,Low Risk
15787189,Tai,Germany,Male,60,824,134250.17,3,0,1,1.0,1,Critical Risk
15666055,Rowe,France,Female,49,705,0.0,1,0,1,0.958,1,Critical Risk
15617648,Mikkelsen,France,Female,44,584,95671.75,2,1,0,0.0953,0,Low Risk
15755678,Kovalyov,France,Male,62,534,0.0,2,0,1,0.3315,1,Moderate Risk
15624781,Mbanefo,France,Female,34,672,142151.75,2,1,0,0.0436,0,Low Risk
15779497,Ts'ai,France,Male,43,603,127823.93,1,1,0,0.1685,0,Low Risk
15567399,Enderby,Germany,Male,43,633,144164.29,1,1,0,0.395,1,Moderate Risk
15613656,Lombardi,France,Male,58,842,63492.94,1,1,0,0.2995,1,Moderate Risk
15734311,Hamilton,France,Female,27,661,0.0,2,1,0,0.0159,0,Low Risk
15657214,Hsia,France,Male,74,601,0.0,2,1,0,0.0062,0,Low Risk
15799350,Mao,France,Male,41,632,106134.46,1,1,0,0.0609,0,Low Risk
15729970,Ugochukwu,Germany,Male,29,684,127269.75,1,1,0,0.1534,0,Low Risk
15725835,West,Germany,Female,32,785,124493.03,2,1,1,0.0569,0,Low Risk
15745543,Hughes,France,Male,39,687,0.0,2,0,0,0.0274,0,Low Risk
15727384,Chukwuemeka,Germany,Female,43,705,146547.78,1,1,1,0.5609,1,High Risk
15666916,Lira,France,Male,43,639,99610.92,2,0,0,0.074,0,Low Risk
15732917,Li,Germany,Male,46,729,117837.43,1,0,1,0.9386,1,Critical Risk
15612050,Castiglione,Spain,Female,48,556,168522.37,1,1,0,0.317,1,Moderate Risk
15726267,Paterson,France,Male,32,570,117337.54,2,1,0,0.0159,0,Low Risk
15780124,Blair,France,Male,74,841,108131.53,1,1,0,0.0159,0,Low Risk
15742238,Dellucci,Germany,Male,35,705,136496.12,2,0,0,0.13,0,Low Risk
15679024,Udinesi,France,Male,32,553,116324.53,1,0,0,0.0649,0,Low Risk
15715297,Yuan,Germany,Female,40,779,75470.23,1,1,0,0.2658,0,Moderate Risk
15633612,Yuryeva,France,Male,28,696,172646.82,1,1,0,0.0588,0,Low Risk
15602929,Wilson,Spain,Female,37,728,0.0,1,0,0,0.2651,0,Moderate Risk
15696703,Dean,Germany,Male,27,691,160358.68,2,0,0,0.0336,0,Low Risk
15756668,Ross,France,Male,30,706,98415.37,1,1,0,0.0359,0,Low Risk
15565779,Kent,Germany,Female,30,627,57809.32,1,0,0,0.2258,0,Moderate Risk
15795519,Vasiliev,Germany,Female,18,716,128743.8,1,0,0,0.2568,0,Moderate Risk
15761477,Golibe,Germany,Male,24,501,130806.42,2,0,0,0.0565,0,Low Risk
15731890,Chukwukere,France,Male,41,601,123971.16,1,1,0,0.1539,0,Low Risk
15633043,Fedorova,Spain,Female,39,545,0.0,1,0,1,0.5575,1,High Risk
15752953,Chien,France,Male,45,634,0.0,2,0,0,0.0609,0,Low Risk
15603088,Rossi,Spain,Female,23,451,0.0,2,1,0,0.0062,0,Low Risk
15606613,Samson,France,Female,59,655,0.0,1,0,1,0.9902,1,Critical Risk
15635939,Fenton,France,Female,39,458,0.0,2,0,0,0.0609,0,Low Risk
15666043,Mackey,France,Male,33,520,156297.58,2,1,0,0.0274,0,Low Risk
15746190,Payton,Spain,Female,28,624,0.0,2,1,0,0.0124,0,Low Risk
15591357,Cowger,France,Male,51,765,123372.3,1,1,0,0.4115,1,High Risk
15658716,Banks,Germany,Female,37,667,92171.35,3,0,1,0.9409,1,Critical Risk
15679909,Pugliesi,Spain,Male,41,665,0.0,2,0,0,0.0433,0,Low Risk
15634262,Fantin,Germany,Male,34,709,148375.19,2,1,0,0.0428,0,Low Risk
15799825,Bentley,France,Female,44,583,0.0,2,1,0,0.046,0,Low Risk
15756875,Freeman,Spain,Male,34,782,147422.44,1,1,0,0.0569,0,Low Risk
15678146,Wong,Spain,Female,24,668,173962.32,1,0,1,0.3429,1,Moderate Risk
15710743,Onwuamaeze,France,Male,47,621,0.0,1,1,1,0.4414,1,High Risk
15595831,Shen,Germany,Female,64,579,145215.43,1,1,0,0.4884,1,High Risk
15626684,Huang,France,Female,38,547,167539.97,1,1,0,0.1955,0,Low Risk
15709846,Yeh,France,Female,39,840,94968.97,1,0,0,0.2222,0,Moderate Risk
15635459,Shih,Germany,Female,27,667,106116.5,2,0,0,0.0576,0,Low Risk
15642544,Henderson,France,Male,34,723,0.0,2,1,0,0.0062,0,Low Risk
15566494,Fang,France,Male,45,487,0.0,2,0,0,0.0711,0,Low Risk
15655238,Dellucci,France,Female,31,668,0.0,2,0,0,0.0159,0,Low Risk
15733429,Chou,Germany,Male,34,520,120018.86,2,1,0,0.0452,0,Low Risk
15814536,Conti,France,Male,37,549,112541.54,2,0,0,0.0365,0,Low Risk
15771702,Roberts,France,Female,35,567,166118.45,2,0,0,0.0855,0,Low Risk
15723008,Lo Duca,France,Female,45,720,102882.4,2,1,1,0.2305,0,Moderate Risk
15797160,Glover,France,Female,49,492,0.0,1,1,1,0.7204,1,Critical Risk
15792222,Johnstone,France,Female,37,712,106881.5,2,0,0,0.0901,0,Low Risk
15644765,Ashton,Germany,Male,26,689,120727.97,1,1,0,0.185,0,Low Risk
15610686,Melton,France,Male,63,850,169832.57,1,0,1,0.9353,1,Critical Risk
15730868,Marshall,France,Male,41,747,0.0,2,1,0,0.0101,0,Low Risk
15705991,Kenenna,Germany,Male,38,469,113599.42,1,0,0,0.6092,1,High Risk
15577078,Zakharov,Spain,Male,38,539,0.0,1,1,1,0.1374,0,Low Risk
15679550,Chukwualuka,France,Male,32,743,0.0,2,0,0,0.0159,0,Low Risk
15787655,Chu,France,Male,47,707,0.0,2,0,0,0.1368,0,Low Risk
15668081,Capon,Spain,Female,50,581,0.0,2,1,0,0.0695,0,Low Risk
15747980,Cattaneo,Spain,Male,38,737,146282.79,2,0,0,0.0392,0,Low Risk
15710295,Patrick,Germany,Female,38,445,119413.62,2,0,0,0.2779,1,Moderate Risk
15724443,Taylor,Germany,Female,29,703,122084.63,1,1,0,0.2166,0,Moderate Risk
15571305,Stephenson,Germany,Female,35,588,103060.63,1,0,1,0.5907,1,High Risk
15569503,Yeh,France,Male,44,765,0.0,2,1,0,0.0187,0,Low Risk
15581840,DeRose,France,Male,33,626,0.0,2,0,0,0.0251,0,Low Risk
15772262,Vavilov,Germany,Male,37,545,110483.86,1,1,0,0.3057,1,Moderate Risk
15767794,Browne,France,Male,31,744,120718.28,1,1,0,0.0365,0,Low Risk
15629338,Collingridge de Tourcey,Spain,Female,31,658,36566.96,1,0,1,0.4659,1,High Risk
15790379,Rowe,Germany,Male,28,629,108601.0,1,1,0,0.1642,0,Low Risk
15750684,Jibunoh,France,Female,42,719,0.0,1,0,1,0.7239,1,Critical Risk
15697214,Korovin,Spain,Female,36,686,0.0,2,1,0,0.0254,0,Low Risk
15711015,Hammonds,France,Male,36,743,0.0,2,1,0,0.0101,0,Low Risk
15573309,Ward,Spain,Female,48,626,0.0,2,1,0,0.0604,0,Low Risk
15805303,Olisanugo,Germany,Male,44,661,141136.62,1,0,1,0.7531,1,Critical Risk
15741385,Gallop,Germany,Male,45,710,108231.37,1,1,0,0.5997,1,High Risk
15780254,Gartrell,France,Male,40,654,0.0,1,0,1,0.5963,1,High Risk
15744843,K'ung,Spain,Female,34,569,144855.34,1,0,0,0.1186,0,Low Risk
15815626,Oluchi,France,Male,63,640,68432.45,2,1,1,0.0609,0,Low Risk
15784736,Jamieson,France,Male,45,562,136855.24,1,0,0,0.5661,1,High Risk
15813412,Barlow,France,Female,55,721,44020.89,1,0,1,0.9874,1,Critical Risk
15809143,White,Germany,Male,32,456,133060.63,1,1,0,0.0861,0,Low Risk
15617617,Stewart,Spain,Male,39,811,0.0,2,1,0,0.0062,0,Low Risk
15779738,Buccho,France,Male,24,534,0.0,1,1,0,0.0593,0,Low Risk
15668669,Benson,France,Female,36,423,97665.61,1,0,1,0.2115,0,Moderate Risk
15687477,Thompson,Germany,Male,28,594,185013.02,1,0,0,0.2376,0,Moderate Risk
15578908,Todd,Spain,Female,32,725,0.0,2,1,0,0.029,0,Low Risk
15687658,Burgin,France,Female,52,716,65971.61,2,0,1,0.7942,1,Critical Risk
15615020,Nnaife,Germany,Female,41,595,150463.11,2,1,0,0.1126,0,Low Risk
15608886,Okwudiliolisa,France,Female,33,679,0.0,2,0,0,0.0144,0,Low Risk
15602551,Johnson,Spain,Male,39,667,0.0,2,0,0,0.0336,0,Low Risk
15672945,Parkes,France,Female,37,661,136425.18,1,0,0,0.2558,0,Moderate Risk
15757408,Lo,Spain,Male,38,655,250898.09,3,1,1,0.9968,1,Critical Risk
15806132,Martin,France,Male,55,555,146798.81,1,1,0,0.3985,1,Moderate Risk
15813022,Kapustina,Spain,Male,70,531,0.0,2,0,0,0.2463,0,Moderate Risk
15673578,Page,Germany,Female,40,611,128486.91,2,0,0,0.3203,1,Moderate Risk
15757916,Amaechi,France,Female,38,600,0.0,2,1,0,0.0419,0,Low Risk
15689168,Munro,Spain,Male,37,531,143407.29,2,1,0,0.0336,0,Low Risk
15769216,Panicucci,France,Female,43,601,0.0,1,0,1,0.6417,1,High Risk
15593295,Greathouse,France,Male,57,548,76165.65,1,1,0,0.334,1,Moderate Risk
15804814,Ts'ui,France,Male,40,759,0.0,2,0,0,0.0352,0,Low Risk
15778934,Napolitani,Spain,Female,49,678,0.0,2,1,0,0.0856,0,Low Risk
15802351,Beers,Germany,Female,33,755,90560.3,2,1,0,0.0563,0,Low Risk
15630241,Tretyakova,France,Male,61,594,62391.22,1,1,0,0.3745,1,Moderate Risk
15719561,Lin,France,Male,42,768,0.0,3,0,0,0.5184,1,High Risk
15615096,Costa,France,Female,31,492,0.0,2,1,0,0.0062,0,Low Risk
15659931,Ibezimako,Germany,Female,55,637,123378.2,1,0,1,1.0,1,Critical Risk
15714586,Marcelo,Spain,Female,42,646,99836.47,1,1,0,0.1661,0,Low Risk
15634949,Hay,Germany,Male,74,593,161434.36,2,1,0,0.0,0,Low Risk
15589224,Moore,Spain,Male,41,596,0.0,2,1,0,0.0167,0,Low Risk
15795990,Lumholtz,Germany,Female,48,722,138311.76,1,1,1,0.7317,1,Critical Risk
15603216,Simpson,France,Male,25,642,0.0,2,0,0,0.0101,0,Low Risk
15631201,Hill,Spain,Female,28,472,0.0,2,0,0,0.0124,0,Low Risk
15686255,Mouzon,Germany,Male,35,738,101744.84,1,0,0,0.4308,1,High Risk
15746594,Wu,Spain,Male,33,732,0.0,1,0,0,0.188,0,Low Risk
15718893,Pirozzi,Germany,Female,54,404,125456.07,1,0,1,1.0,1,Critical Risk
15671609,Ibeabuchi,France,Male,44,701,0.0,2,0,0,0.0426,0,Low Risk
15652540,Garnsey,France,Male,31,683,0.0,2,1,0,0.0062,0,Low Risk
15774857,Synnot,France,Female,27,460,0.0,2,0,1,0.0167,0,Low Risk
15791836,Wildman,France,Male,29,690,0.0,2,0,0,0.0124,0,Low Risk
15651554,Anenechukwu,Germany,Female,54,618,118449.21,1,1,1,0.9016,1,Critical Risk
15583576,Tai,France,Male,30,671,0.0,1,1,0,0.0609,0,Low Risk
15732740,Plant,Spain,Female,32,765,178095.55,1,0,0,0.3769,1,Moderate Risk
15723320,Azubuike,Germany,Female,25,651,109175.14,2,0,0,0.13,0,Low Risk
15603851,Galkin,France,Male,32,704,127785.17,4,0,1,0.9312,1,Critical Risk
15777923,Johnston,France,Female,45,544,0.0,2,1,0,0.1305,0,Low Risk
15735719,Babbage,France,Female,40,790,0.0,2,1,0,0.0403,0,Low Risk
15703482,Walker,Germany,Male,34,710,134260.36,2,0,0,0.1637,0,Low Risk
15605835,Rice,France,Male,37,743,69143.91,2,1,0,0.0359,0,Low Risk
15664881,Norton,France,Male,34,702,100054.77,1,0,0,0.0842,0,Low Risk
15757568,Bogolyubov,France,Female,45,704,0.0,1,1,0,0.6524,1,Critical Risk
15792660,Gibbons,France,Male,38,614,116248.88,1,0,0,0.1049,0,Low Risk
15599722,Chia,Spain,Female,43,609,86053.52,2,1,1,0.1063,0,Low Risk
15726354,Smith,France,Female,32,688,123157.95,1,0,0,0.2299,0,Moderate Risk
15610355,Hunter,France,Male,44,713,63438.91,1,0,0,0.2953,1,Moderate Risk
15704284,Ekechukwu,Germany,Male,57,736,95295.39,1,0,1,0.9739,1,Critical Risk
15621893,Bellucci,France,Male,18,727,133550.67,1,1,0,0.0498,0,Low Risk
15588219,Ford,France,Female,38,850,106871.81,2,0,0,0.0689,0,Low Risk
15688619,Scott,Spain,Male,45,718,105266.32,2,1,0,0.0359,0,Low Risk
15765518,Gregson,France,Female,51,643,105229.53,1,0,1,0.9552,1,Critical Risk
15616931,Moore,France,Male,41,653,102768.42,1,0,0,0.2206,0,Moderate Risk
15758372,Wallace,France,Male,18,674,0.0,2,1,1,0.0101,0,Low Risk
15782591,Cook,France,Male,35,690,112689.95,1,0,0,0.1597,0,Low Risk
15612109,Speth,France,Male,38,819,122334.26,2,1,0,0.0274,0,Low Risk
15613712,Boag,Spain,Male,34,634,0.0,2,0,0,0.0159,0,Low Risk
15639322,Grave,Spain,Male,33,633,137847.41,2,0,0,0.0609,0,Low Risk
15594349,Streeten,France,Male,49,850,122486.47,1,1,0,0.2355,0,Moderate Risk
15574167,Fox,France,Male,33,665,101286.11,1,1,0,0.0365,0,Low Risk
15811842,Artemyeva,Spain,Male,26,630,0.0,2,1,0,0.0,0,Low Risk
15648794,Giordano,Spain,Male,57,836,101247.06,1,0,1,0.9184,1,Critical Risk
15771211,Perkins,France,Male,38,668,86977.96,1,1,0,0.0352,0,Low Risk
15588614,Walton,France,Male,57,753,0.0,1,0,1,0.9753,1,Critical Risk
15630698,Hay,France,Female,55,745,110123.59,1,1,1,0.6998,1,Critical Risk
15694200,Gardner,France,Male,36,693,178111.82,1,0,1,0.2522,0,Moderate Risk
15721426,Milne,Germany,Male,65,606,126306.64,3,0,1,1.0,1,Critical Risk
15725997,She,France,Female,35,660,100768.77,1,0,0,0.208,0,Moderate Risk
15762138,Hu,France,Male,42,608,0.0,2,0,0,0.0426,0,Low Risk
15750649,Uwakwe,France,Female,44,744,0.0,2,1,0,0.0565,0,Low Risk
15685706,Bird,France,Female,40,731,118991.79,1,1,0,0.2721,0,Moderate Risk
15641835,Anderson,France,Male,72,683,140997.26,1,1,0,0.0343,0,Low Risk
15586821,Bellew,France,Male,28,727,0.0,2,1,0,0.0,0,Low Risk
15569678,Cocci,Germany,Male,32,561,166824.59,1,0,0,0.2204,0,Moderate Risk
15793842,Krichauff,France,Female,34,700,76322.69,1,0,0,0.1773,0,Low Risk
15667554,Cameron,France,Male,35,605,0.0,2,1,0,0.0101,0,Low Risk
15794479,Becker,Spain,Male,77,767,149083.7,1,1,0,0.0062,0,Low Risk
15585041,Ainsworth,France,Male,33,511,0.0,2,1,0,0.0124,0,Low Risk
15780650,Biryukov,France,Male,40,667,0.0,1,1,0,0.1584,0,Low Risk
15780846,Redding,France,Male,33,787,126588.81,2,1,0,0.0101,0,Low Risk
15805260,Wood,Germany,Female,56,705,143249.67,1,0,1,0.9841,1,Critical Risk
15621629,Scott,Germany,Male,43,773,81844.91,2,1,0,0.0442,0,Low Risk
15662151,Gould,France,Male,40,554,0.0,1,1,0,0.3274,1,Moderate Risk
15747174,Hao,Germany,Male,58,526,190298.89,2,1,0,0.0856,0,Low Risk
15651585,Power,Germany,Male,35,661,117212.18,1,1,0,0.2158,0,Moderate Risk
15649738,White,France,Female,46,698,0.0,2,1,0,0.0856,0,Low Risk
15633108,Thorpe,France,Male,26,646,139848.17,1,0,0,0.1121,0,Low Risk
15769254,Tuan,Germany,Female,34,757,101861.36,2,0,0,0.1458,0,Low Risk
15704746,Inman,Spain,Male,35,699,167455.66,2,1,0,0.0159,0,Low Risk
15637644,Hanson,France,Female,24,667,0.0,2,1,0,0.0124,0,Low Risk
15609562,MacDonald,Spain,Female,43,774,116360.07,1,0,0,0.4524,1,High Risk
15787459,Parkes,Spain,Male,40,745,88466.82,1,0,0,0.1889,0,Low Risk
15762902,Stanley,France,Female,42,649,0.0,2,1,0,0.0565,0,Low Risk
15738605,Fischer,Germany,Female,46,634,123642.36,1,1,1,0.7991,1,Critical Risk
15724889,Chinweuba,Spain,Male,38,665,0.0,1,1,0,0.0994,0,Low Risk
15730735,Henning,France,Male,38,713,72286.84,2,1,0,0.0248,0,Low Risk
15689147,Ogochukwu,France,Female,40,652,0.0,2,0,0,0.0896,0,Low Risk
15730397,Narelle,Spain,Male,40,739,109681.61,1,1,0,0.0492,0,Low Risk
15762169,Bergman,Germany,Male,37,556,145018.64,2,0,1,0.2348,0,Moderate Risk
15589320,Sagese,Spain,Male,34,699,0.0,1,1,0,0.0492,0,Low Risk
15799211,Anenechi,Spain,Female,32,708,187487.63,1,1,0,0.1136,0,Low Risk
15798310,Palerma,France,Male,35,480,165692.91,1,1,0,0.0426,0,Low Risk
15609998,Okwudilichukwu,Germany,Female,59,700,137648.41,1,0,1,0.9934,1,Critical Risk
15583548,Harrison,Spain,Female,47,525,118560.0,1,0,1,0.7236,1,Critical Risk
15761763,Jamieson,France,Male,33,845,164385.53,1,0,0,0.0633,0,Low Risk
15764409,Goodman,France,Male,37,613,108286.5,1,1,0,0.0476,0,Low Risk
15710161,Ko,France,Female,34,850,0.0,2,1,0,0.0124,0,Low Risk
15735246,Norman,Spain,Female,58,798,0.0,2,0,1,0.5264,1,High Risk
15791700,Ugochukwutubelum,Germany,Male,47,773,118079.47,4,1,1,0.9925,1,Critical Risk
15670753,Uvarova,Spain,Male,35,614,127283.78,1,1,0,0.0609,0,Low Risk
15573876,Chia,Spain,Male,48,473,0.0,2,0,0,0.1537,0,Low Risk
15770174,Piazza,France,Male,29,762,141389.06,1,0,0,0.1369,0,Low Risk
15641114,Power,France,Male,37,701,130091.5,1,1,0,0.0565,0,Low Risk
15682435,P'eng,France,Male,35,600,143744.77,2,0,0,0.0572,0,Low Risk
15751788,Johnson,Spain,Male,28,850,97408.03,1,1,0,0.0062,0,Low Risk
15672598,Walker,Spain,Male,30,613,111927.45,1,1,0,0.0331,0,Low Risk
15762803,Innes,France,Male,31,509,0.0,2,0,0,0.0062,0,Low Risk
15812982,Francis,Spain,Male,38,509,0.0,1,0,0,0.2807,1,Moderate Risk
15597901,Chidozie,France,Male,34,609,0.0,1,1,0,0.0724,0,Low Risk
15731507,Mackenzie,France,Female,33,456,188285.68,1,0,0,0.1,0,Low Risk
15809826,Craigie,France,Female,46,728,109705.52,1,0,1,0.8153,1,Critical Risk
15764237,Manfrin,Spain,Male,33,663,0.0,2,0,0,0.0124,0,Low Risk
15769917,Onyekachi,Germany,Female,34,673,127122.79,3,1,0,0.8958,1,Critical Risk
15641850,Pethard,France,Male,40,717,98241.04,1,0,0,0.1674,0,Low Risk
15770974,Nwabugwu,Germany,Female,37,741,170840.08,2,0,0,0.1443,0,Low Risk
15803749,DeRose,Germany,Female,41,498,87541.06,2,1,1,0.1734,0,Low Risk
15684999,Ch'eng,France,Female,26,850,62610.96,2,1,0,0.0124,0,Low Risk
15770225,Padovesi,France,Male,36,493,0.0,2,1,0,0.0062,0,Low Risk
15627484,Obielumani,France,Female,47,686,113328.93,1,0,0,0.8239,1,Critical Risk
15610337,Stephens,Spain,Male,35,666,104832.49,1,0,0,0.1762,0,Low Risk
15752488,Emery,Spain,Female,31,733,102289.85,1,1,0,0.0426,0,Low Risk
15610056,Dufresne,Germany,Female,34,631,125227.82,2,1,0,0.1162,0,Low Risk
15806049,Lee,Germany,Female,49,714,140510.89,1,0,0,0.9736,1,Critical Risk
15736069,Hsing,Germany,Female,35,767,132253.22,1,0,1,0.6701,1,Critical Risk
15763662,Longo,Germany,Male,43,711,39043.29,2,1,0,0.0241,0,Low Risk
15615575,Vial,France,Male,34,722,0.0,2,1,0,0.0062,0,Low Risk
15691723,Chukwudi,Spain,Male,55,631,99685.06,1,0,0,0.939,1,Critical Risk
15774098,Grant,Germany,Male,38,701,125385.49,2,1,0,0.0609,0,Low Risk
15750808,Ma,Spain,Male,46,790,131365.37,2,1,0,0.0475,0,Low Risk
15744368,Sun,Spain,Male,58,633,98308.51,1,1,0,0.2359,0,Moderate Risk
15610594,Moss,France,Female,37,644,0.0,2,0,0,0.0542,0,Low Risk
15756125,Booth,Spain,Male,44,757,140856.16,2,0,0,0.1654,0,Low Risk
15623277,Ross,France,Female,30,696,0.0,2,1,0,0.0159,0,Low Risk
15795954,Ndukaku,France,Male,35,746,172274.01,1,0,0,0.1838,0,Low Risk
15671969,Pruneda,Spain,Male,36,649,0.0,2,0,0,0.0254,0,Low Risk
15791268,Neumann,Spain,Male,38,565,122447.76,1,0,0,0.1679,0,Low Risk
15713655,Calabrese,France,Female,38,720,0.0,2,1,1,0.1146,0,Low Risk
15633930,Yobachukwu,Spain,Female,56,648,157559.59,2,0,1,0.8791,1,Critical Risk
15712849,Tung,Germany,Male,41,632,126550.7,1,0,1,0.6565,1,Critical Risk
15639077,Marchesi,France,Female,30,622,158584.82,3,0,1,0.9667,1,Critical Risk
15808784,Hess,France,Male,28,835,163569.61,2,1,0,0.0062,0,Low Risk
15648577,Pickering,France,Female,31,493,0.0,1,1,1,0.1679,0,Low Risk
15670345,Mazzi,Germany,Female,33,785,127211.45,1,0,0,0.5802,1,High Risk
15633112,Madukaego,Germany,Male,42,681,118199.97,2,0,1,0.3195,1,Moderate Risk
15714397,Trentino,Germany,Female,30,621,101014.08,2,1,0,0.0537,0,Low Risk
15780038,Paterson,Spain,Male,38,756,119208.85,1,0,1,0.2877,1,Moderate Risk
15756305,Marchesi,France,Female,66,515,0.0,2,1,0,0.0426,0,Low Risk
15578799,Anayolisa,France,Female,58,625,53772.73,1,1,1,0.653,1,Critical Risk
15800326,Poole,Spain,Female,39,717,0.0,2,0,0,0.055,0,Low Risk
15785485,Zhou,Germany,Female,41,595,138878.81,1,1,0,0.5215,1,High Risk
15783958,Bates,Spain,Female,37,539,130922.81,2,0,0,0.0667,0,Low Risk
15727546,Olejuru,France,Male,35,762,0.0,2,1,0,0.0101,0,Low Risk
15739576,Bustard,Spain,Male,20,706,0.0,2,1,0,0.0,0,Low Risk
15631333,Wade,Spain,Female,25,677,130866.19,1,0,0,0.1205,0,Low Risk
15604782,Tan,Germany,Female,33,733,187257.94,1,1,0,0.1726,0,Low Risk
15589643,Ngozichukwuka,Spain,Female,41,684,0.0,1,1,0,0.243,0,Moderate Risk
15585533,Calabrese,France,Male,36,679,147733.64,1,1,0,0.1098,0,Low Risk
15681506,Lane,Spain,Male,43,478,0.0,2,1,0,0.0117,0,Low Risk
15630551,Forbes,France,Male,33,696,163139.27,1,1,0,0.0303,0,Low Risk
15698349,Davy,Spain,Female,35,686,0.0,2,1,0,0.0254,0,Low Risk
15776631,Ma,France,Female,36,466,119540.15,1,1,0,0.0781,0,Low Risk
15762216,Barrera,France,Female,41,686,129553.76,2,0,0,0.2092,0,Moderate Risk
15623927,Alexander,France,Male,55,576,0.0,2,1,0,0.0792,0,Low Risk
15681402,Ngozichukwuka,Germany,Female,61,763,66101.89,1,1,0,0.6691,1,Critical Risk
15586264,Murray,France,Male,43,572,140431.98,1,0,1,0.4169,1,High Risk
15594685,Hall,France,Female,49,757,0.0,2,0,0,0.3315,1,Moderate Risk
15812945,Padovesi,France,Female,29,582,0.0,1,1,0,0.0815,0,Low Risk
15734628,Lysaght,France,Female,35,623,0.0,2,0,0,0.0516,0,Low Risk
15629323,Kelechi,Germany,Female,37,617,116471.43,2,0,1,0.3383,1,Moderate Risk
15666823,Nebechi,France,Male,39,425,0.0,2,0,0,0.0274,0,Low Risk
15777553,Hanson,France,Female,56,659,123785.24,1,0,1,0.9621,1,Critical Risk
15613097,Kao,France,Female,33,605,0.0,2,1,0,0.0274,0,Low Risk
15622217,Tu,France,Female,38,538,88758.95,2,0,1,0.0822,0,Low Risk
15703588,Palerma,Germany,Male,25,665,153611.83,2,0,0,0.0471,0,Low Risk
15570835,Fallaci,Germany,Female,57,491,112044.72,1,1,1,0.8775,1,Critical Risk
15679299,Shen,Spain,Female,27,726,123826.07,1,1,0,0.0452,0,Low Risk
15808044,Ts'ui,France,Female,65,580,106804.26,3,0,1,1.0,1,Critical Risk
15579208,Chikezie,France,Female,48,550,0.0,2,1,0,0.0959,0,Low Risk
15684951,He,France,Female,59,542,68892.77,2,0,1,0.7812,1,Critical Risk
15667620,Dreyer,France,Female,43,732,0.0,2,0,0,0.0609,0,Low Risk
15582960,Short,France,Female,33,473,125827.43,1,1,0,0.1327,0,Low Risk
15590730,Hunt,Spain,Male,34,745,0.0,2,0,0,0.0124,0,Low Risk
15763747,Ricci,France,Male,36,732,0.0,2,1,0,0.0101,0,Low Risk
15778320,Teng,Germany,Female,40,848,148495.64,1,0,0,0.5483,1,High Risk
15642787,Ijendu,France,Male,37,572,133043.66,1,0,0,0.0792,0,Low Risk
15624633,Kibby,France,Male,45,702,74989.58,1,1,0,0.1788,0,Low Risk
15766765,Obiuto,Germany,Male,39,664,60263.23,1,0,0,0.3295,1,Moderate Risk
15783615,Ramos,Germany,Male,50,630,129370.91,4,1,1,1.0,1,Critical Risk
15640161,Calabrese,Germany,Male,44,618,157955.83,2,0,0,0.1128,0,Low Risk
15619889,Vasin,France,Male,26,556,0.0,1,0,0,0.2273,0,Moderate Risk
15579166,Munro,France,Female,30,619,70729.17,1,1,0,0.0833,0,Low Risk
15789097,Keeley,France,Male,48,644,0.0,2,1,1,0.0781,0,Low Risk
15674880,Archer,Spain,Male,50,658,0.0,2,0,0,0.2544,0,Moderate Risk
15778157,Murray,Spain,Male,27,598,90721.52,2,0,0,0.0336,0,Low Risk
15779064,Chidiegwu,France,Male,27,677,0.0,2,1,0,0.0,0,Low Risk
15801265,Tang,Spain,Female,45,689,57784.22,1,0,1,0.7878,1,Critical Risk
15589204,Farrar,France,Male,33,591,131765.72,1,0,0,0.0802,0,Low Risk
15664543,Shaw,France,Male,40,699,0.0,1,1,1,0.3195,1,Moderate Risk
15582714,Napolitani,Germany,Male,47,749,110022.74,1,1,1,0.7983,1,Critical Risk
15797595,Greenhalgh,France,Female,40,709,131569.63,1,1,0,0.1934,0,Low Risk
15614034,Martin,Germany,Male,61,607,164523.5,2,1,0,0.0802,0,Low Risk
15763171,Hu,Germany,Female,25,650,114330.95,1,1,0,0.249,0,Moderate Risk
15647266,Y?an,Spain,Female,45,651,135923.16,1,0,0,0.6225,1,High Risk
15757577,Odili,France,Female,61,676,0.0,2,1,0,0.1021,0,Low Risk
15736656,H?,France,Female,49,723,0.0,2,1,0,0.163,0,Low Risk
15635078,Chiemela,Spain,Male,45,714,124693.48,1,1,0,0.2054,0,Moderate Risk
15680141,Yuan,Spain,Female,35,759,147936.42,1,1,0,0.0609,0,Low Risk
15576945,Clements,France,Male,29,582,0.0,1,0,0,0.1465,0,Low Risk
15602034,Kolesnikov,France,Female,34,697,126558.92,1,0,0,0.1773,0,Low Risk
15732020,Rutherford,Germany,Male,57,610,106938.11,2,1,0,0.3624,1,Moderate Risk
15611029,Hsiung,Germany,Female,33,488,140002.35,1,0,0,0.3462,1,Moderate Risk
15621210,Angelo,Germany,Male,46,599,123444.72,1,1,1,0.7508,1,Critical Risk
15569222,Mendes,France,Male,32,781,147107.91,1,1,0,0.0508,0,Low Risk
15664639,McGregor,France,Male,19,645,128514.84,1,0,0,0.0609,0,Low Risk
15724223,Bronner,France,Female,55,545,0.0,1,0,1,0.9874,1,Critical Risk
15644621,Mironova,Germany,Female,40,597,106756.01,2,0,0,0.4176,1,High Risk
15756056,Ku,Spain,Female,28,561,0.0,2,0,0,0.0274,0,Low Risk
15700353,Evans,France,Female,37,662,0.0,2,0,0,0.0542,0,Low Risk
15624388,Henderson,Germany,Female,50,649,155393.32,1,1,1,0.7031,1,Critical Risk
15627212,Smith,France,Female,36,630,110414.48,1,1,0,0.1305,0,Low Risk
15648005,Russell,Spain,Male,33,672,0.0,2,1,0,0.0062,0,Low Risk
15681446,Sun,Germany,Female,37,636,157098.52,1,1,0,0.3057,1,Moderate Risk
15775888,McDonald,Germany,Female,38,593,85626.6,1,1,0,0.2868,1,Moderate Risk
15749019,Wong,Germany,Male,45,545,93796.42,2,1,0,0.1584,0,Low Risk
15709928,Niu,Spain,Female,41,567,0.0,2,0,0,0.0569,0,Low Risk
15784676,Fanucci,France,Male,51,583,125268.03,2,0,0,0.6657,1,Critical Risk
15748116,Zetticci,France,Female,29,681,148143.84,1,1,0,0.0609,0,Low Risk
15612193,Hsia,Spain,Male,29,762,115545.33,2,0,0,0.0419,0,Low Risk
15762984,McIntosh,Spain,Male,35,648,0.0,2,0,0,0.0124,0,Low Risk
15613713,Kozlova,France,Male,30,644,44928.88,1,1,0,0.0508,0,Low Risk
15664204,Meany,Spain,Male,29,706,0.0,2,1,0,0.0062,0,Low Risk
15639415,Thompson,France,Male,35,850,162442.35,1,0,0,0.0563,0,Low Risk
15806332,Le Gallienne,Spain,Female,39,484,0.0,2,1,0,0.0179,0,Low Risk
15614929,Cheng,Germany,Male,28,508,96213.82,2,0,0,0.0542,0,Low Risk
15695492,P'eng,France,Female,29,439,156569.43,1,0,0,0.0896,0,Low Risk
15635972,Lloyd,Spain,Male,36,484,0.0,2,0,0,0.0124,0,Low Risk
15616380,Wheeler,Spain,Female,37,803,0.0,2,0,0,0.0124,0,Low Risk
15581440,Christie,Germany,Female,48,724,110463.25,2,1,1,0.4837,1,High Risk
15654390,He,France,Male,33,640,154575.76,1,0,1,0.0989,0,Low Risk
15660688,King,Spain,Female,35,701,0.0,2,0,0,0.0343,0,Low Risk
15806307,Favors,France,Male,37,537,0.0,2,1,0,0.0124,0,Low Risk
15647975,Vida,Germany,Male,26,651,147037.32,1,0,0,0.2784,1,Moderate Risk
15595728,Thomas,Germany,Male,41,523,119276.31,1,0,1,0.653,1,Critical Risk
15735388,Wayn,France,Female,25,717,108664.85,2,0,0,0.0475,0,Low Risk
15788535,Tan,Spain,Male,44,593,0.0,1,0,0,0.587,1,High Risk
15765902,Gibson,Germany,Male,38,706,163034.82,2,1,0,0.0289,0,Low Risk
15642345,Y?,Germany,Female,49,714,93059.34,1,0,1,0.9666,1,Critical Risk
15641250,Calabresi,Spain,Male,38,794,179581.31,1,0,0,0.3236,1,Moderate Risk
15706163,Enyinnaya,Germany,Male,46,518,113625.93,1,0,1,0.9211,1,Critical Risk
15746708,Ritchie,Germany,Male,55,589,119961.48,1,0,1,0.9902,1,Critical Risk
15775203,Chia,France,Male,45,824,129209.48,1,0,0,0.4189,1,High Risk
15787907,Wang,Germany,Female,42,719,137227.04,3,0,1,0.9902,1,Critical Risk
15646764,Lorenzo,Germany,Female,58,617,119024.75,2,0,1,0.9567,1,Critical Risk
15678284,Pai,France,Male,35,651,74623.5,3,0,1,0.9267,1,Critical Risk
15726791,Nuttall,Spain,Female,45,637,157929.45,1,1,1,0.2849,1,Moderate Risk
15813144,Osborne,France,Female,26,554,92606.86,2,0,0,0.0305,0,Low Risk
15669342,Ferri,Germany,Male,35,731,127862.93,2,0,0,0.13,0,Low Risk
15710366,Hamilton,Spain,Female,42,569,0.0,1,1,1,0.3407,1,Moderate Risk
15614934,McEwan,Germany,Female,37,625,142711.81,1,0,0,0.6382,1,High Risk
15588701,Lai,France,Female,38,592,0.0,2,0,0,0.0482,0,Low Risk
15665438,Hs?,France,Male,43,669,163159.85,1,1,0,0.1205,0,Low Risk
15644896,Thompson,Germany,Male,32,663,108586.86,1,1,0,0.1935,0,Low Risk
15670205,Boyd,Germany,Female,41,518,110624.99,1,0,0,0.7274,1,Critical Risk
15635776,Trevisani,Germany,Female,43,686,154846.24,2,1,0,0.1259,0,Low Risk
15791053,Lucciano,Germany,Male,45,709,122917.71,1,1,1,0.6409,1,High Risk
15644005,Holman,France,Female,33,571,0.0,2,1,0,0.0254,0,Low Risk
15796343,Bazhenov,France,Female,31,707,82787.93,2,0,0,0.0365,0,Low Risk
15751057,Douglas,Germany,Male,32,701,102500.34,1,0,0,0.3257,1,Moderate Risk
15623430,Hill,France,Male,34,672,0.0,2,0,0,0.0187,0,Low Risk
15682600,Lo,Germany,Male,39,620,159492.79,1,0,1,0.6244,1,High Risk
15769312,Forbes,Spain,Male,48,557,0.0,2,1,0,0.027,0,Low Risk
15708212,Lin,Spain,Female,54,648,118241.02,1,0,1,0.9666,1,Critical Risk
15650258,Sinclair,France,Female,35,479,113090.4,1,0,0,0.1584,0,Low Risk
15604345,Kemp,France,Female,22,730,65763.57,1,1,0,0.0593,0,Low Risk
15578297,Ebelegbulam,Germany,Female,43,737,125537.38,1,0,1,0.8767,1,Critical Risk
15671789,Woods,France,Male,31,616,94263.91,2,0,0,0.0336,0,Low Risk
15726186,Genovese,Spain,Male,29,639,133434.57,2,0,0,0.0609,0,Low Risk
15764618,Tseng,Spain,Female,39,815,0.0,1,1,0,0.2015,0,Moderate Risk
15730738,Chiang,Spain,Male,31,786,0.0,2,1,0,0.0,0,Low Risk
15637650,Williams,France,Male,50,549,94748.76,2,1,0,0.1928,0,Low Risk
15606267,Wilson,France,Female,38,622,98640.74,1,1,0,0.1463,0,Low Risk
15625904,Wang,France,Male,26,624,74681.9,2,0,0,0.0062,0,Low Risk
15654463,Moore,France,Male,34,841,0.0,2,0,0,0.0101,0,Low Risk
15774151,Iadanza,Spain,Female,41,614,179915.85,1,0,1,0.6216,1,High Risk
15693259,Wallace,France,Male,30,676,128207.23,1,1,0,0.0298,0,Low Risk
15642468,Clark,France,Male,42,697,132739.26,2,0,0,0.1516,0,Low Risk
15758531,Y?,France,Female,40,732,0.0,2,0,0,0.1623,0,Low Risk
15728352,Yermakov,France,Male,27,623,120509.81,1,0,0,0.0724,0,Low Risk
15637240,Wei,France,Male,46,541,124547.13,2,0,0,0.3281,1,Moderate Risk
15595588,Chukwunonso,Spain,Female,39,773,0.0,2,1,0,0.0281,0,Low Risk
15778395,McIntyre,Germany,Male,34,762,88815.56,2,0,1,0.0576,0,Low Risk
15711825,Ts'ai,Spain,Female,35,655,82231.51,2,0,0,0.0593,0,Low Risk
15599251,Chung,Germany,Male,32,602,184715.86,2,0,0,0.0343,0,Low Risk
15570004,Tsou,France,Male,31,850,0.0,2,0,0,0.0062,0,Low Risk
15656912,Aitken,Spain,Male,51,649,0.0,1,1,0,0.5575,1,High Risk
15657342,Dawson,Germany,Male,28,850,147972.19,1,0,1,0.2756,1,Moderate Risk
15716284,Ward,France,Male,43,543,0.0,2,1,0,0.0394,0,Low Risk
15672374,Pai,France,Male,52,672,170008.84,1,0,1,0.9071,1,Critical Risk
15732476,Ifeanyichukwu,France,Female,27,600,0.0,2,1,0,0.0159,0,Low Risk
15747724,Briggs,Spain,Female,34,671,0.0,1,0,0,0.1919,0,Low Risk
15633877,Morrison,Spain,Female,42,706,95386.82,1,1,0,0.1063,0,Low Risk
15672516,Wall,Germany,Male,51,541,90373.28,2,0,0,0.5468,1,High Risk
15607827,Nebechukwu,Germany,Male,34,711,133467.77,2,1,0,0.0545,0,Low Risk
15751336,Yao,Spain,Male,30,630,0.0,2,1,0,0.0,0,Low Risk
15646539,Liao,France,Male,31,531,96288.26,1,0,0,0.0576,0,Low Risk
15756901,Ch'ang,France,Female,26,641,91547.84,2,1,0,0.0289,0,Low Risk
15809286,Burke,Germany,Male,37,631,138292.64,2,0,1,0.2039,0,Moderate Risk
15759021,Kay,France,Male,35,685,0.0,1,0,0,0.2473,0,Moderate Risk
15725039,McIntyre,Spain,Male,32,702,71667.74,1,1,0,0.0302,0,Low Risk
15579130,Chidiegwu,Germany,Female,43,708,118994.84,1,0,1,0.8592,1,Critical Risk
15754112,Musgrove,Spain,Male,55,653,0.0,2,1,0,0.0538,0,Low Risk
15735522,Boulger,Germany,Male,37,654,145610.07,2,0,0,0.0707,0,Low Risk
15613326,Gow,France,Female,33,596,138162.81,1,0,0,0.1305,0,Low Risk
15739502,Amaechi,Germany,Female,31,549,135020.21,2,1,0,0.0569,0,Low Risk
15670914,Robe,France,Male,38,754,0.0,2,0,0,0.0239,0,Low Risk
15604073,Bibi,Germany,Female,25,815,135161.67,1,1,0,0.2869,1,Moderate Risk
15806027,Niu,France,Female,52,556,0.0,1,0,1,0.9978,1,Critical Risk
15574886,Palerma,France,Male,32,706,94486.47,1,1,0,0.0538,0,Low Risk
15707120,Cocci,France,Male,46,850,117640.39,1,0,0,0.4972,1,High Risk
15800845,Artemieva,Spain,Female,33,732,111379.55,1,1,0,0.0609,0,Low Risk
15603914,Arcuri,France,Male,40,614,0.0,1,1,1,0.2397,0,Moderate Risk
15722765,Owen,Spain,Female,57,580,136820.99,1,1,0,0.3515,1,Moderate Risk
15783305,Franklin,France,Female,46,593,98752.51,1,0,0,0.726,1,Critical Risk
15574842,Lorenzo,Germany,Female,25,653,158266.42,3,1,0,0.2954,1,Moderate Risk
15607837,Muriel,France,Female,29,746,105599.67,1,1,0,0.0661,0,Low Risk
15714877,MacDevitt,France,Female,29,662,0.0,2,0,0,0.0403,0,Low Risk
15782941,Chijindum,France,Male,31,573,0.0,2,1,0,0.0062,0,Low Risk
15630167,Gibson,Spain,Female,39,684,139723.9,1,1,0,0.1351,0,Low Risk
15759038,Whitehead,France,Female,41,793,141806.46,1,0,0,0.2679,0,Moderate Risk
15661821,Johnstone,Germany,Female,49,798,132571.67,1,1,1,0.8722,1,Critical Risk
15728006,Endrizzi,France,Male,40,524,180516.9,1,0,0,0.4299,1,High Risk
15712176,Burke,France,Male,31,816,0.0,2,1,0,0.0,0,Low Risk
15689351,Johnson,Germany,Female,41,742,92805.72,1,1,1,0.4808,1,High Risk
15782247,Yeh,France,Male,22,540,0.0,3,1,1,0.5458,1,High Risk
15769064,Marshall,Germany,Male,39,537,135309.36,1,0,1,0.7132,1,Critical Risk
15718153,Kao,Spain,Female,74,759,128917.84,1,1,0,0.0166,0,Low Risk
15613189,Browne,France,Female,52,774,56580.93,1,0,1,0.9736,1,Critical Risk
15661734,Taylor,Germany,Male,42,608,131390.75,2,0,0,0.3383,1,Moderate Risk
15592645,Gibbons,Spain,Male,37,704,0.0,2,0,0,0.0218,0,Low Risk
15768387,Nott,France,Male,41,581,0.0,2,0,0,0.0352,0,Low Risk
15792525,Lei,Germany,Female,61,628,97361.66,1,1,1,0.8305,1,Critical Risk
15586976,Alexeeva,France,Female,42,566,0.0,1,0,1,0.783,1,Critical Risk
15790659,Sheets,Spain,Male,59,701,0.0,2,1,0,0.0585,0,Low Risk
15691446,Tokaryev,Spain,Male,29,735,0.0,2,1,0,0.0,0,Low Risk
15772632,Ts'ui,France,Female,34,680,0.0,2,0,0,0.0343,0,Low Risk
15706587,Johnston,France,Male,57,560,0.0,2,1,0,0.0724,0,Low Risk
15572461,Kung,Germany,Female,29,663,102714.65,2,0,0,0.0649,0,Low Risk
15654409,Unwin,France,Female,34,665,67816.72,1,1,0,0.1162,0,Low Risk
15568025,Hsueh,France,Male,51,758,81710.46,1,1,0,0.3235,1,Moderate Risk
15715769,Hao,France,Male,26,621,75237.54,1,1,0,0.0179,0,Low Risk
15667458,L?,Germany,Male,28,764,124023.18,1,0,0,0.2516,0,Moderate Risk
15567980,Frater,Germany,Female,46,537,100727.5,1,1,1,0.8312,1,Critical Risk
15679294,Brennan,France,Female,46,589,107238.85,2,0,0,0.5158,1,High Risk
15606507,Pisani,France,Male,24,555,0.0,2,0,0,0.0101,0,Low Risk
15578825,Golubev,France,Female,29,734,139994.66,1,0,0,0.1616,0,Low Risk
15619935,Vanmeter,Spain,Female,59,783,126224.87,1,1,0,0.1666,0,Low Risk
15636089,Hs?,Germany,Female,51,678,145751.03,1,0,1,0.9798,1,Critical Risk
15727490,Scott,France,Male,47,661,0.0,1,1,1,0.6259,1,High Risk
15591766,Crawford,Spain,Female,25,607,121166.89,1,1,0,0.0815,0,Low Risk
15641629,P'eng,Spain,Female,38,537,0.0,2,1,0,0.0336,0,Low Risk
15813303,Rearick,Spain,Male,88,513,0.0,2,1,0,0.0062,0,Low Risk
15756920,Genovesi,France,Male,63,576,70655.48,1,0,1,0.8446,1,Critical Risk
15726403,Glenny,Germany,Male,41,660,129901.21,1,0,1,0.856,1,Critical Risk
15592765,Marks,France,Male,40,637,125470.81,1,1,0,0.0901,0,Low Risk
15704442,Fleming,France,Female,53,672,169406.33,4,1,1,1.0,1,Critical Risk
15641136,Davison,France,Male,32,629,0.0,2,1,0,0.0062,0,Low Risk
15725818,Chibuzo,Germany,Male,40,583,107041.3,1,1,0,0.4245,1,High Risk
15612071,Wilson,Spain,Female,32,763,95153.77,1,1,0,0.0179,0,Low Risk
15719809,Endrizzi,Germany,Male,32,516,145166.09,2,0,0,0.052,0,Low Risk
15716518,Yuryeva,France,Female,27,617,0.0,2,0,0,0.0289,0,Low Risk
15742210,Ugochukwu,France,Male,38,700,65962.63,1,1,0,0.0426,0,Low Risk
15630617,Lo Duca,Germany,Male,36,727,140418.81,1,1,1,0.3006,1,Moderate Risk
15720838,Gallo,Spain,Female,31,689,139799.63,1,1,0,0.0843,0,Low Risk
15595537,Trout,Germany,Male,49,626,171787.84,2,0,0,0.4384,1,High Risk
15623196,Morley,France,Male,38,686,149238.97,1,1,0,0.0609,0,Low Risk
15679249,Chou,Germany,Female,57,351,163146.46,1,0,1,0.9991,1,Critical Risk
15693199,Shao,France,Female,37,739,0.0,2,0,1,0.0592,0,Low Risk
15661219,Trentino,France,Male,32,627,0.0,2,0,0,0.0159,0,Low Risk
15617136,Mazzanti,Germany,Female,38,451,61482.47,1,1,0,0.1433,0,Low Risk
15760294,Endrizzi,France,Female,41,512,145150.28,1,0,1,0.4284,1,High Risk
15652808,Monaldo,France,Female,41,774,126670.37,1,0,0,0.3836,1,Moderate Risk
15657139,Otutodilinna,France,Female,40,652,84390.8,2,1,0,0.0999,0,Low Risk
15803790,Allen,Germany,Male,37,638,89728.86,2,1,0,0.0426,0,Low Risk
15764105,Milne,France,Female,57,475,0.0,2,0,0,0.6806,1,Critical Risk
15672610,Somadina,Spain,Male,40,567,118628.8,1,0,0,0.2807,1,Moderate Risk
15766896,Chieloka,France,Male,37,750,0.0,2,0,0,0.0219,0,Low Risk
15587735,Chukwuebuka,France,Male,39,850,96863.13,1,1,0,0.0482,0,Low Risk
15659501,Chioke,France,Female,38,753,142263.45,1,1,0,0.1737,0,Low Risk
15745001,Kovalev,Spain,Female,36,683,0.0,2,0,0,0.0359,0,Low Risk
15651140,Doherty,France,Female,32,710,0.0,1,0,0,0.3203,1,Moderate Risk
15571148,Baranov,Spain,Female,21,645,0.0,2,0,0,0.0124,0,Low Risk
15776824,Rossi,France,Male,28,714,122724.37,1,1,0,0.0477,0,Low Risk
15633141,Robinson,Germany,Female,35,696,174902.26,1,0,0,0.419,1,High Risk
15764174,Bidencope,Spain,Female,26,612,0.0,2,1,0,0.0124,0,Low Risk
15778155,T'ien,Germany,Female,31,520,108914.17,1,1,1,0.35,1,Moderate Risk
15715920,De Bernales,Spain,Male,23,782,98052.66,1,1,0,0.0062,0,Low Risk
15671917,Wade,France,Male,46,666,123873.19,1,1,0,0.2868,1,Moderate Risk
15666548,Chung,Germany,Female,56,466,111920.13,3,0,1,1.0,1,Critical Risk
15625623,Stevenson,France,Female,45,567,0.0,2,1,0,0.1133,0,Low Risk
15748123,Chienezie,France,Male,20,613,0.0,2,1,0,0.0062,0,Low Risk
15648735,Cashin,France,Male,37,718,0.0,2,1,0,0.0,0,Low Risk
15634974,Seppelt,France,Female,37,614,75150.34,4,1,1,0.9946,1,Critical Risk
15713378,Brownless,France,Male,38,711,0.0,2,0,0,0.0536,0,Low Risk
15753370,McDonald,Germany,Female,38,691,114753.76,1,0,0,0.7271,1,Critical Risk
15782659,Mamelu,France,Male,32,527,0.0,1,0,0,0.1471,0,Low Risk
15583364,McGregor,France,Female,32,476,111871.93,1,0,0,0.1021,0,Low Risk
15625942,McDonald,Spain,Female,45,619,0.0,2,0,0,0.1516,0,Low Risk
15720284,Crawford,Germany,Female,37,607,135927.06,1,0,0,0.5972,1,High Risk
15679642,Feng,Spain,Male,44,695,0.0,2,1,0,0.0136,0,Low Risk
15628007,Genovese,France,Male,33,653,0.0,2,0,0,0.0062,0,Low Risk
15661974,Pirozzi,France,Male,46,677,57037.74,1,1,0,0.3038,1,Moderate Risk
15689341,Gibbs,France,Female,50,655,0.0,4,0,1,1.0,1,Critical Risk
15607993,Milne,France,Female,52,625,79468.96,1,1,0,0.5264,1,High Risk
15693267,Dickson,Germany,Female,34,679,121063.85,1,0,0,0.6621,1,Critical Risk
15769522,O'Connor,France,Male,51,734,118537.47,1,1,0,0.4518,1,High Risk
15755825,McGuirk,France,Male,39,666,0.0,2,0,0,0.0542,0,Low Risk
15598175,Toscani,Germany,Female,26,592,105082.07,2,0,0,0.1287,0,Low Risk
15744327,Ruth,France,Male,40,564,0.0,1,0,1,0.4638,1,High Risk
15798666,Hughes,France,Female,36,814,0.0,2,1,0,0.0246,0,Low Risk
15577064,Onyekaozulu,Germany,Male,36,592,104702.65,2,0,0,0.13,0,Low Risk
15759436,Aksenov,France,Female,50,758,95813.76,3,1,1,0.9946,1,Critical Risk
15690231,K'ung,Spain,Female,62,612,167026.61,2,1,0,0.1039,0,Low Risk
15751561,Meng,Germany,Male,61,498,102453.26,1,0,1,0.9677,1,Critical Risk
15739068,Nwoye,Germany,Male,25,638,148045.45,2,1,0,0.0219,0,Low Risk
15758056,Calabresi,France,Male,35,558,0.0,2,0,0,0.0101,0,Low Risk
15742269,Milano,France,Female,24,756,0.0,2,0,0,0.0274,0,Low Risk
15726490,Kirby,Spain,Male,52,782,0.0,1,1,1,0.5167,1,High Risk
15738411,Ho,France,Male,34,505,104498.79,1,1,0,0.0124,0,Low Risk
15727919,Chukwuemeka,Spain,Female,29,671,0.0,2,0,0,0.0239,0,Low Risk
15709396,Hale,France,Male,42,801,0.0,2,1,0,0.0097,0,Low Risk
15654106,K?,France,Male,26,604,149542.52,2,1,0,0.0062,0,Low Risk
15621653,Rice,France,Female,29,716,87946.39,1,1,0,0.0592,0,Low Risk
15598086,Brown,France,Female,45,624,68639.57,1,0,1,0.9009,1,Critical Risk
15752300,Sagese,Germany,Male,47,607,148826.32,1,1,0,0.5242,1,High Risk
15658693,Aksyonova,France,Female,60,827,0.0,2,1,0,0.1271,0,Low Risk
15631838,Findlay,France,Male,61,606,108166.09,2,1,0,0.1108,0,Low Risk
15803804,Walker,Germany,Female,35,717,103214.71,1,0,0,0.6577,1,Critical Risk
15578809,Hao,Germany,Male,40,651,134760.21,2,0,1,0.1955,0,Low Risk
15752026,Hammer,France,Male,58,691,0.0,1,1,1,0.7429,1,Critical Risk
15723706,Abbott,France,Female,33,573,90124.64,1,0,0,0.0901,0,Low Risk
15752838,Lucas,Spain,Male,38,723,0.0,2,1,0,0.0101,0,Low Risk
15569571,Davydova,Germany,Female,46,584,87361.02,2,0,1,0.5914,1,High Risk
15769703,West,Germany,Female,45,550,111257.59,1,0,1,0.9621,1,Critical Risk
15679770,Smith,France,Female,61,611,131583.59,4,1,1,1.0,1,Critical Risk
15791102,Mai,Germany,Male,41,549,95020.8,3,1,1,0.9677,1,Critical Risk
15655192,Fiorentino,Spain,Female,24,850,0.0,2,1,0,0.0,0,Low Risk
15709487,Freeman,Germany,Male,34,668,80242.37,2,0,0,0.0336,0,Low Risk
15687130,Nkemjika,France,Female,43,686,0.0,1,1,0,0.4405,1,High Risk
15755178,Ramos,France,Male,50,660,0.0,3,1,1,0.9523,1,Critical Risk
15634772,Mario,Spain,Female,59,682,122661.39,1,1,0,0.3526,1,Moderate Risk
15617197,Chien,France,Male,50,524,0.0,2,1,1,0.0701,0,Low Risk
15631240,Dubinina,France,Female,36,645,0.0,2,1,1,0.0322,0,Low Risk
15784301,Wang,France,Male,42,850,0.0,2,0,0,0.0274,0,Low Risk
15631310,Hsieh,France,Female,53,537,0.0,1,1,0,0.7623,1,Critical Risk
15756560,Moran,Spain,Female,46,599,81742.84,2,0,0,0.4152,1,High Risk
15732270,Hung,Spain,Male,71,727,0.0,1,1,1,0.1635,0,Low Risk
15739357,Moss,Spain,Male,30,756,145127.85,1,0,0,0.0671,0,Low Risk
15771540,Fedorova,France,Male,38,755,148912.44,1,0,0,0.1584,0,Low Risk
15567486,Li,Spain,Female,41,634,0.0,2,1,0,0.0359,0,Low Risk
15714634,Nebechi,France,Male,26,837,89900.24,2,0,0,0.0159,0,Low Risk
15727021,Obialo,Germany,Female,30,727,119027.28,2,1,0,0.0724,0,Low Risk
15650670,Bateson,Germany,Female,40,567,105222.86,2,0,0,0.2621,0,Moderate Risk
15711834,Long,Spain,Female,30,650,0.0,1,0,1,0.3203,1,Moderate Risk
15729763,Nelson,Spain,Male,34,655,116114.93,1,1,0,0.0419,0,Low Risk
15646566,Bell,France,Female,58,763,187911.55,1,1,0,0.6373,1,High Risk
15645463,Udinese,France,Female,27,843,0.0,2,1,0,0.0062,0,Low Risk
15672144,Mao,France,Female,38,667,144432.04,1,1,1,0.1893,0,Low Risk
15596088,Fanucci,France,Female,50,705,77065.9,2,1,0,0.4332,1,High Risk
15614878,Yeh,Germany,Female,29,660,180520.29,1,1,0,0.1374,0,Low Risk
15635240,Onuoha,France,Male,42,553,0.0,2,0,0,0.0241,0,Low Risk
15775905,Moore,Germany,Female,47,612,130024.87,1,1,1,0.8239,1,Critical Risk
15700657,Thornton,Germany,Female,40,641,110086.69,1,0,0,0.778,1,Critical Risk
15611905,Warlow-Davies,Spain,Female,31,513,174853.46,1,0,0,0.2547,0,Moderate Risk
15652527,Champion,France,Male,44,680,108724.98,1,1,0,0.1383,0,Low Risk
15785865,Mazzanti,France,Male,58,711,91285.13,2,1,0,0.1003,0,Low Risk
15645942,Macleod,Spain,Male,40,689,0.0,2,1,0,0.0101,0,Low Risk
15688691,Lei,Germany,Female,51,665,110610.41,2,1,1,0.5672,1,High Risk
15592736,Lucchese,Germany,Male,54,551,102994.04,1,0,1,0.9902,1,Critical Risk
15673529,Lombardo,Spain,Male,36,645,59893.85,2,0,0,0.0536,0,Low Risk
15724145,William,Germany,Male,29,616,149318.55,1,0,0,0.2499,0,Moderate Risk
15704629,Wright,France,Female,32,582,116409.55,1,1,0,0.0661,0,Low Risk
15597896,Ozoemena,Germany,Male,30,365,127760.07,1,0,1,0.7568,1,Critical Risk
15731790,Boyle,Germany,Female,38,697,132591.36,1,1,1,0.6124,1,High Risk
15634719,Chinwendu,France,Male,31,704,0.0,2,0,0,0.0219,0,Low Risk
15703205,Uwaezuoke,France,Female,46,656,113402.14,2,1,0,0.2815,1,Moderate Risk
15567333,Archambault,France,Female,31,712,0.0,2,0,0,0.0336,0,Low Risk
15754537,Ko,France,Male,40,748,0.0,1,0,0,0.2506,0,Moderate Risk
15612030,Udegbulam,France,Male,28,724,0.0,2,1,0,0.0062,0,Low Risk
15573242,Greene,France,Male,50,691,136953.47,1,1,0,0.1861,0,Low Risk
15601892,Hunter,France,Male,33,563,0.0,2,1,0,0.0124,0,Low Risk
15663885,Blinova,France,Male,32,741,0.0,1,1,0,0.1121,0,Low Risk
15701096,De Garis,France,Male,44,778,123863.64,1,0,0,0.3257,1,Moderate Risk
15710450,Okwudiliolisa,Spain,Male,22,848,120811.89,1,1,0,0.0136,0,Low Risk
15790846,Ts'ai,Germany,Male,38,634,148430.55,1,1,0,0.2312,0,Moderate Risk
15658956,Tuan,Germany,Male,40,505,47869.69,2,1,0,0.0186,0,Low Risk
15755223,Tseng,Germany,Male,53,692,150926.99,2,0,0,0.5898,1,High Risk
15787318,Holmwood,Germany,Female,47,537,103163.35,1,0,1,0.9666,1,Critical Risk
15737310,Thompson,France,Male,29,633,130206.28,1,0,0,0.0359,0,Low Risk
15763665,Y?,France,Female,28,833,136674.51,2,0,0,0.05,0,Low Risk
15668818,Chidubem,Spain,Female,40,592,200322.45,1,1,0,0.3588,1,Moderate Risk
15765812,Trevisani,Spain,Male,48,587,0.0,2,1,0,0.0362,0,Low Risk
15704844,Hsiung,Spain,Male,62,550,80927.56,1,1,0,0.1661,0,Low Risk
15744582,Randall,France,Female,24,680,0.0,3,0,1,0.7475,1,Critical Risk
15616700,Leach,Spain,Female,41,622,0.0,2,1,0,0.0403,0,Low Risk
15683521,Godfrey,Germany,Male,28,594,142574.71,2,0,0,0.1004,0,Low Risk
15583049,Wallace,Germany,Female,34,643,160426.07,1,1,0,0.1623,0,Low Risk
15643752,Wei,France,Male,25,540,116160.23,1,0,0,0.096,0,Low Risk
15620398,Mitchell,Spain,Female,34,635,98683.47,2,0,0,0.0661,0,Low Risk
15715707,Light,France,Male,32,657,118829.03,2,1,0,0.0159,0,Low Risk
15814209,Capon,France,Male,31,814,118870.92,1,0,0,0.0538,0,Low Risk
15733768,Hou,France,Male,32,600,0.0,1,1,0,0.0609,0,Low Risk
15755242,Rowe,France,Female,46,682,0.0,1,1,0,0.5963,1,High Risk
15729412,Holloway,France,Male,38,682,107192.38,1,1,0,0.0695,0,Low Risk
15746564,O'Sullivan,France,Male,42,566,108010.78,1,1,0,0.1351,0,Low Risk
15588446,Udinesi,Spain,Male,34,550,0.0,2,0,0,0.0124,0,Low Risk
15665221,Nwebube,France,Male,26,630,129837.72,2,1,0,0.0062,0,Low Risk
15640846,Chibueze,Germany,Female,58,546,106458.31,4,0,1,1.0,1,Critical Risk
15700209,Walker,France,Male,63,486,97009.15,1,1,0,0.0609,0,Low Risk
15658360,Gregory,Spain,Male,35,762,122929.42,2,0,0,0.0665,0,Low Risk
15602735,Kuo,Germany,Male,45,692,152296.83,4,1,1,0.9736,1,Critical Risk
15724834,Wilson,France,Female,30,498,0.0,2,0,0,0.0136,0,Low Risk
15800062,Lanford,Spain,Male,49,850,0.0,1,0,1,0.8215,1,Critical Risk
15685300,Meng,France,Male,35,603,128993.76,2,0,0,0.046,0,Low Risk
15760102,Yeh,France,Female,36,551,0.0,1,0,0,0.587,1,High Risk
15787026,Onwuatuegwu,Germany,Male,27,627,185267.45,2,1,0,0.0219,0,Low Risk
15653696,Goliwe,France,Female,28,515,0.0,2,0,0,0.0159,0,Low Risk
15788946,Anthony,Spain,Female,29,605,116805.82,1,0,0,0.1014,0,Low Risk
15600724,Scott,Germany,Male,29,567,129750.68,1,0,0,0.3989,1,Moderate Risk
15574324,Genovese,Germany,Female,29,568,129177.01,2,1,0,0.0482,0,Low Risk
15707144,Onyeorulu,Germany,Male,25,571,82506.72,2,0,0,0.0136,0,Low Risk
15775891,Myers,Germany,Male,48,634,107247.69,1,1,1,0.6259,1,High Risk
15711789,Davey,Spain,Female,42,768,0.0,1,0,1,0.653,1,Critical Risk
15600879,Parsons,Germany,Female,36,554,157780.93,2,0,0,0.0862,0,Low Risk
15681196,Chikere,France,Male,35,629,172170.36,1,1,0,0.0609,0,Low Risk
15716000,Hs?eh,Spain,Male,48,638,0.0,2,1,0,0.0241,0,Low Risk
15766776,Sal,France,Male,41,576,0.0,1,1,0,0.2387,0,Moderate Risk
15680278,Ts'ai,Spain,Female,42,661,75361.44,1,0,1,0.3961,1,Moderate Risk
15688637,Witt,France,Female,27,592,0.0,2,1,0,0.0159,0,Low Risk
15591179,Skelton,Spain,Male,30,702,0.0,2,1,0,0.0062,0,Low Risk
15677435,Kazantseva,France,Female,29,647,98263.46,2,0,0,0.0585,0,Low Risk
15698619,Bowhay,France,Male,43,593,0.0,2,1,0,0.0241,0,Low Risk
15581036,Beyer,Germany,Female,40,712,109308.79,2,0,1,0.3882,1,Moderate Risk
15622117,Fries,Spain,Female,31,625,0.0,2,0,0,0.0289,0,Low Risk
15599301,Tao,Germany,Female,28,538,164365.44,1,1,0,0.0995,0,Low Risk
15581548,Kaodilinakachukwu,Spain,Female,22,637,98800.0,1,0,0,0.1305,0,Low Risk
15586870,Ni,France,Male,27,632,193125.85,1,1,0,0.0729,0,Low Risk
15735263,Hsueh,France,Male,27,736,51522.75,1,1,0,0.1414,0,Low Risk
15765322,Connely,France,Male,23,755,84284.48,2,1,0,0.0101,0,Low Risk
15582944,Becker,Spain,Female,39,425,0.0,2,0,0,0.0426,0,Low Risk
15687162,Clayton,France,Male,51,461,119889.84,1,0,1,0.8375,1,Critical Risk
15644962,Connolly,France,Male,21,745,137910.45,1,1,0,0.0592,0,Low Risk
15612615,Graham,France,Female,37,616,0.0,2,0,0,0.0542,0,Low Risk
15813439,Ch'ien,France,Male,33,587,100116.82,1,0,0,0.0701,0,Low Risk
15604544,Manfrin,Germany,Male,40,850,166082.15,2,1,0,0.0297,0,Low Risk
15761348,Kuo,France,Female,38,601,0.0,2,0,0,0.0566,0,Low Risk
15785078,Fomin,Spain,Male,26,730,0.0,1,0,0,0.1651,0,Low Risk
15759874,Chamberlain,France,Male,44,532,148595.55,1,0,1,0.3195,1,Moderate Risk
15643658,Barber,Germany,Male,53,850,94078.97,2,0,0,0.5045,1,High Risk
15713267,Zimmer,Spain,Female,34,779,0.0,2,1,0,0.0159,0,Low Risk
15737782,Brazenor,France,Male,29,562,0.0,1,1,0,0.0588,0,Low Risk
15815490,Cocci,Germany,Male,40,670,164948.98,3,0,1,0.9342,1,Critical Risk
15679410,Caldwell,France,Female,62,729,140549.4,1,0,1,0.9677,1,Critical Risk
15756241,Yirawala,France,Female,44,767,152509.25,1,1,0,0.1688,0,Low Risk
15688409,Donaldson,France,Female,28,742,191864.51,1,0,1,0.3785,1,Moderate Risk
15742272,Ozerova,France,Female,44,669,96418.09,1,0,1,0.4851,1,High Risk
15717898,Bruce,Spain,Male,32,542,131945.94,1,1,0,0.0588,0,Low Risk
15769582,Kang,France,Male,29,586,0.0,2,1,0,0.0062,0,Low Risk
15635660,Rossi,Germany,Male,30,612,142910.15,1,0,1,0.3553,1,Moderate Risk
15576723,Ts'ai,France,Female,37,740,0.0,2,1,0,0.0289,0,Low Risk
15591577,Moran,France,Male,35,584,146311.58,1,1,0,0.0545,0,Low Risk
15582325,Jennings,France,Male,52,524,87894.26,1,0,1,0.9191,1,Critical Risk
15693947,Tokareva,France,Female,19,614,97445.49,2,0,0,0.0419,0,Low Risk
15760446,Pagnotto,France,Female,64,598,0.0,1,1,1,0.5262,1,High Risk
15611105,Castella,Spain,Male,35,799,0.0,2,1,0,0.0062,0,Low Risk
15630920,Du Cane,France,Male,34,724,154485.74,2,0,0,0.0281,0,Low Risk
15574910,Ferguson,France,Male,50,601,115625.07,1,0,0,0.8438,1,Critical Risk
15756472,Odinakachukwu,France,Male,25,804,108396.67,1,0,0,0.0593,0,Low Risk
15682890,Woronoff,Germany,Male,38,745,65095.41,2,1,0,0.0186,0,Low Risk
15641994,Meng,Germany,Male,43,667,103018.45,1,0,1,0.7585,1,Critical Risk
15733297,Sinclair,France,Female,38,518,84764.79,1,1,0,0.1451,0,Low Risk
15767793,Hsu,France,Female,38,819,0.0,2,0,0,0.1149,0,Low Risk
15725698,Panicucci,Spain,Female,35,520,115680.81,1,1,0,0.0701,0,Low Risk
15813532,Burns,France,Female,39,625,0.0,2,0,0,0.0542,0,Low Risk
15576760,Onodugoadiegbemma,Germany,Male,36,673,73088.06,2,0,0,0.0101,0,Low Risk
15732102,Darling,Germany,Female,27,656,150905.03,2,0,0,0.0569,0,Low Risk
15739046,Maggard,Spain,Female,23,850,143054.85,1,1,0,0.0409,0,Low Risk
15631927,Thomas,Spain,Female,28,574,0.0,2,0,0,0.0124,0,Low Risk
15672115,Lettiere,France,Male,60,679,0.0,2,1,0,0.0581,0,Low Risk
15618765,Ponomaryov,Germany,Female,42,530,99948.45,1,1,0,0.4516,1,High Risk
15679148,Oliver,France,Male,44,508,115451.05,2,0,0,0.0609,0,Low Risk
15728474,Chienezie,Germany,Male,32,558,108235.91,1,1,0,0.1636,0,Low Risk
15636999,Mao,France,Male,38,414,0.0,1,1,1,0.2093,0,Moderate Risk
15754261,Ho,Spain,Male,42,648,98795.61,2,0,0,0.1139,0,Low Risk
15629150,Lucchese,France,Female,37,721,0.0,2,0,0,0.0542,0,Low Risk
15736274,Prokhorova,France,Male,31,751,0.0,2,0,0,0.0101,0,Low Risk
15627697,Alekseyeva,France,Male,34,662,0.0,2,1,0,0.0062,0,Low Risk
15721585,Blacklock,Germany,Male,29,628,113146.98,2,1,0,0.0352,0,Low Risk
15639946,Sazonova,Germany,Female,39,597,162532.14,3,0,1,0.9736,1,Critical Risk
15792176,Henty,Spain,Female,40,698,92053.44,1,1,0,0.1471,0,Low Risk
15699450,Li,France,Male,48,723,0.0,2,1,0,0.0442,0,Low Risk
15729954,Azuka,France,Female,28,586,0.0,3,0,1,0.7535,1,Critical Risk
15600103,Alexander,Germany,Female,29,633,104944.1,1,1,0,0.2315,0,Moderate Risk
15786200,Brock,France,Male,31,564,0.0,2,0,0,0.0124,0,Low Risk
15797010,Shen,France,Female,31,649,0.0,2,0,0,0.0274,0,Low Risk
15670172,Padovesi,France,Female,30,622,107879.04,1,1,0,0.1351,0,Low Risk
15627352,Bulgakov,Germany,Male,46,459,110356.42,1,0,1,0.9236,1,Critical Risk
15622494,Mazzanti,France,Male,27,718,0.0,2,0,0,0.0,0,Low Risk
15585835,Lord,Spain,Female,34,655,109783.69,2,0,0,0.1305,0,Low Risk
15595071,Ramos,France,Male,22,696,149777.0,1,1,0,0.0186,0,Low Risk
15628203,Pai,France,Female,38,637,104339.56,1,0,0,0.2017,0,Moderate Risk
15667190,Yuan,Spain,Female,21,630,85818.18,1,1,0,0.0572,0,Low Risk
15780212,Mao,France,Male,37,592,212692.97,1,0,0,0.5467,1,High Risk
15766869,Uspenskaya,Germany,Male,37,634,89696.84,2,1,0,0.0117,0,Low Risk
15775741,Powell,France,Female,28,608,0.0,2,1,0,0.0221,0,Low Risk
15628170,Brown,Germany,Female,32,565,68067.24,1,0,0,0.1426,0,Low Risk
15701318,Poole,Spain,Male,67,763,148564.66,1,1,0,0.0707,0,Low Risk
15710928,McChesney,France,Female,55,665,136354.16,1,1,0,0.5184,1,High Risk
15682547,Lucchese,France,Male,38,649,122214.0,1,1,0,0.0609,0,Low Risk
15631170,Clements,France,Male,45,695,0.0,2,1,0,0.0305,0,Low Risk
15648702,Yuriev,Germany,Male,70,775,119684.88,2,1,0,0.0649,0,Low Risk
15783444,Endrizzi,France,Female,39,788,135139.33,1,1,0,0.1584,0,Low Risk
15809178,Pan,Germany,Female,42,569,146100.75,1,0,1,0.8489,1,Critical Risk
15806688,Manfrin,Spain,Female,56,726,123110.9,3,1,1,1.0,1,Critical Risk
15576824,Kennedy,Germany,Female,44,564,111760.4,3,1,1,0.9946,1,Critical Risk
15675422,Conway,France,Female,32,544,110728.39,1,1,0,0.0655,0,Low Risk
15681550,Lablanc,France,Female,41,614,121558.46,1,1,0,0.1545,0,Low Risk
15812628,Dodd,Germany,Female,38,453,120623.21,1,0,0,0.6259,1,High Risk
15597951,Muir,France,Female,58,471,114713.57,1,1,0,0.5963,1,High Risk
15807045,Milanesi,Germany,Female,37,829,103457.76,1,0,0,0.2296,0,Moderate Risk
15581748,Shen,Germany,Male,57,754,101134.87,2,1,0,0.2419,0,Moderate Risk
15770420,Dillon,Germany,Male,46,749,78136.36,2,1,0,0.0742,0,Low Risk
15608230,Hoelscher,France,Male,23,667,0.0,2,0,0,0.0101,0,Low Risk
15730339,Bell,Spain,Male,30,670,133446.34,1,0,0,0.066,0,Low Risk
15712584,Liao,France,Female,33,670,0.0,2,1,0,0.0251,0,Low Risk
15592816,Udokamma,Germany,Female,48,623,108076.33,1,0,1,0.9869,1,Critical Risk
15641480,Sinnett,France,Male,32,571,131354.25,1,0,0,0.1045,0,Low Risk
15708505,Palerma,Germany,Female,37,641,62974.64,2,1,0,0.0593,0,Low Risk
15791131,Chimaijem,Germany,Female,30,551,143340.44,1,0,0,0.3276,1,Moderate Risk
15618225,Porter,Germany,Male,36,741,116993.43,2,0,0,0.2088,0,Moderate Risk
15644724,Fan,France,Male,31,472,58662.92,2,1,0,0.0101,0,Low Risk
15662098,Palmer,Spain,Male,41,650,128808.65,3,0,1,0.9736,1,Critical Risk
15723894,Younger,France,Male,45,625,137555.44,1,0,0,0.4734,1,High Risk
15787699,Burke,Germany,Male,34,650,142393.11,1,1,0,0.265,0,Moderate Risk
15687738,Nwagugheuzo,France,Female,38,535,0.0,2,0,0,0.0671,0,Low Risk
15576126,Young,France,Female,41,649,125785.23,1,1,0,0.1987,0,Low Risk
15658889,Watson,France,Male,22,689,136444.25,1,0,1,0.154,0,Low Risk
15667046,Tseng,Spain,Male,38,694,121527.4,1,0,0,0.2266,0,Moderate Risk
15669957,Drake,Germany,Male,52,655,144696.75,1,1,0,0.7132,1,Critical Risk
15655794,Hanna,France,Male,36,620,0.0,2,1,0,0.0159,0,Low Risk
15599829,Padovesi,France,Female,35,577,0.0,2,1,0,0.0536,0,Low Risk
15753332,Loftus,Germany,Male,48,401,128140.17,1,0,1,0.9892,1,Critical Risk
15671124,Buccho,France,Male,25,599,120383.41,1,1,0,0.0471,0,Low Risk
15767474,Lorenzo,France,Female,57,481,0.0,3,1,1,0.9826,1,Critical Risk
15720671,Ibezimako,France,Male,42,704,129735.3,2,1,0,0.0609,0,Low Risk
15626787,Wei,Spain,Female,31,698,185078.26,1,0,1,0.4857,1,High Risk
15774491,Ross,France,Female,28,480,0.0,2,0,0,0.0101,0,Low Risk
15579647,Oluchukwu,France,Male,42,682,0.0,1,1,0,0.1719,0,Low Risk
15625522,Walker,Spain,Male,31,700,0.0,2,1,0,0.0,0,Low Risk
15765806,Wu,France,Male,29,492,144591.96,1,1,0,0.0159,0,Low Risk
15566708,Chidalu,France,Female,45,444,0.0,2,0,1,0.3195,1,Moderate Risk
15668347,Ingram,France,Male,36,624,0.0,2,0,0,0.0159,0,Low Risk
15575214,Ch'en,France,Male,37,709,0.0,1,0,0,0.3268,1,Moderate Risk
15591123,Iredale,Germany,Male,68,557,100194.44,1,1,0,0.2651,0,Moderate Risk
15573280,Gallagher,Germany,Male,50,646,145295.31,2,1,0,0.261,0,Moderate Risk
15589018,Padilla,Germany,Male,28,719,106070.29,2,1,0,0.0328,0,Low Risk
15654495,Potter,Germany,Female,47,706,120621.89,1,1,0,0.8283,1,Critical Risk
15597265,Mao,France,Male,38,660,0.0,2,1,0,0.0274,0,Low Risk
15733876,Schneider,France,Male,36,667,0.0,2,1,0,0.0136,0,Low Risk
15677217,Ibragimova,France,Male,30,705,0.0,1,1,0,0.0609,0,Low Risk
15747265,Huang,Germany,Female,27,598,171283.91,1,1,0,0.0873,0,Low Risk
15713379,Anderson,France,Male,26,669,0.0,2,1,0,0.0062,0,Low Risk
15730433,Nakayama,Germany,Female,38,580,128218.47,1,0,1,0.6862,1,Critical Risk
15693347,Gardener,France,Female,32,676,0.0,2,1,0,0.0159,0,Low Risk
15715465,Aksenova,Germany,Male,28,714,77776.39,1,0,0,0.0739,0,Low Risk
15680736,Milne,Germany,Female,72,597,124978.19,2,1,0,0.0593,0,Low Risk
15610765,Onwumelu,France,Male,29,559,0.0,2,0,0,0.0062,0,Low Risk
15650034,Kudryashova,France,Female,28,564,0.0,1,1,0,0.0901,0,Low Risk
15782468,Hart,Spain,Male,51,850,109799.55,2,1,1,0.1476,0,Low Risk
15685109,Teng,France,Male,39,689,0.0,2,0,0,0.0219,0,Low Risk
15776233,Kruglova,Germany,Female,61,758,125397.21,1,0,1,0.9978,1,Critical Risk
15761141,Palerma,Spain,Female,71,604,0.0,2,1,0,0.0297,0,Low Risk
15781702,Brookes,Germany,Male,38,733,111347.37,2,1,0,0.0632,0,Low Risk
15790235,Hsing,Spain,Male,40,778,104291.41,2,1,0,0.0289,0,Low Risk
15641416,Shaffer,Germany,Female,61,732,94867.18,2,1,1,0.4488,1,High Risk
15775234,Laurie,France,Male,24,646,0.0,2,0,0,0.0101,0,Low Risk
15659475,Chung,France,Female,33,597,135703.59,2,0,0,0.0592,0,Low Risk
15642202,Whitfield,Germany,Female,37,821,106453.53,2,1,0,0.1266,0,Low Risk
15771417,Thomas,France,Male,43,640,132412.38,1,0,1,0.2851,1,Moderate Risk
15585100,Rioux,Germany,Female,40,511,124401.6,1,0,1,0.7645,1,Critical Risk
15700487,Osonduagwuike,France,Male,46,805,118022.06,3,0,1,0.9764,1,Critical Risk
15726589,Matveyev,Germany,Male,39,540,82531.11,1,0,0,0.5,1,High Risk
15747503,Hayward,Spain,Male,44,705,184552.12,1,0,1,0.6454,1,High Risk
15595883,Nkemdirim,Germany,Male,39,540,127278.31,1,1,0,0.5393,1,High Risk
15663826,Brim,Spain,Female,66,532,0.0,1,1,0,0.3047,1,Moderate Risk
15742820,Trevisano,France,Female,45,535,0.0,2,1,0,0.1382,0,Low Risk
15624793,Soubeiran,Germany,Male,23,627,184244.86,1,0,0,0.1861,0,Low Risk
15597930,Wilson,France,Male,52,646,59669.43,1,0,1,0.9544,1,Critical Risk
15665110,Helena,France,Female,25,515,79543.59,1,1,0,0.0298,0,Low Risk
15770719,Duncan,France,Female,39,697,151553.19,1,1,0,0.1962,0,Low Risk
15731327,Hale,Germany,Male,27,652,166527.88,2,1,0,0.0062,0,Low Risk
15576044,Macdonald,Germany,Male,28,579,150329.15,1,0,0,0.2197,0,Moderate Risk
15775662,McKay,France,Male,43,760,121911.59,1,0,0,0.2089,0,Moderate Risk
15646817,Chiekwugo,France,Male,51,769,156773.78,2,0,0,0.625,1,High Risk
15596060,Skinner,Spain,Male,29,498,127864.26,1,1,0,0.0241,0,Low Risk
15723299,Sorokina,France,Male,53,774,113709.28,1,1,1,0.4485,1,High Risk
15636982,Weller,Germany,Female,43,705,79974.55,1,1,0,0.3917,1,Moderate Risk
15751175,Bess,France,Female,44,648,0.0,2,1,0,0.0419,0,Low Risk
15618936,MacDonald,France,Female,51,688,0.0,1,0,1,0.9813,1,Critical Risk
15787529,Gray,Spain,Male,38,592,0.0,1,0,1,0.3748,1,Moderate Risk
15780128,Ogbonnaya,France,Male,33,705,144427.96,2,0,0,0.0365,0,Low Risk
15615991,Udegbulam,France,Male,42,654,99263.09,1,1,0,0.0684,0,Low Risk
15757001,Mai,France,Female,32,624,79368.87,2,1,0,0.0403,0,Low Risk
15595388,Yeh,France,Female,30,594,0.0,2,1,0,0.0377,0,Low Risk
15699550,Babbage,Spain,Female,34,695,0.0,2,1,0,0.0159,0,Low Risk
15581620,Franklin,France,Male,28,597,0.0,3,1,0,0.3745,1,Moderate Risk
15600934,Randell,France,Female,52,758,125095.94,1,0,1,0.9649,1,Critical Risk
15738672,Paterson,Germany,Female,40,737,162485.8,2,0,0,0.1374,0,Low Risk
15721307,Pickering,Germany,Male,37,694,95668.82,2,0,0,0.0609,0,Low Risk
15619280,Uspensky,France,Male,25,683,0.0,2,0,0,0.0124,0,Low Risk
15768244,Macleod,Spain,Female,30,538,0.0,2,1,0,0.0101,0,Low Risk
15806837,Nnaife,France,Male,37,669,0.0,1,0,0,0.3274,1,Moderate Risk
15643496,Randolph,France,Female,34,730,74197.38,2,0,0,0.0609,0,Low Risk
15813916,Kudryashova,France,Female,31,622,89688.94,1,1,0,0.0609,0,Low Risk
15626385,George,Spain,Female,33,714,103121.33,2,1,0,0.0259,0,Low Risk
15603582,Robertson,Spain,Female,34,569,0.0,1,0,0,0.4136,1,High Risk
15764351,Yuryeva,Germany,Female,59,668,120170.07,1,1,0,0.8767,1,Critical Risk
15667938,Hurst,France,Male,32,628,149136.31,2,1,0,0.0101,0,Low Risk
15576360,Ch'iu,France,Male,40,600,141136.79,1,1,0,0.1061,0,Low Risk
15628813,King,France,Female,43,693,152341.55,1,0,0,0.4552,1,High Risk
15584190,Esposito,France,Male,36,704,120026.98,2,1,0,0.0282,0,Low Risk
15716449,Fraser,Spain,Male,33,527,132168.28,1,0,0,0.1273,0,Low Risk
15759913,Trentini,Germany,Male,43,553,85200.82,2,1,0,0.0492,0,Low Risk
15701555,Nicholls,Spain,Male,53,575,84903.33,2,1,0,0.2048,0,Moderate Risk
15758482,Montalvo,France,Female,32,626,0.0,2,0,0,0.0282,0,Low Risk
15758171,Tien,France,Male,20,582,0.0,1,1,0,0.0592,0,Low Risk
15680346,Chuang,Spain,Male,40,683,0.0,1,0,0,0.4254,1,High Risk
15649124,Fang,France,Male,30,850,121535.18,1,0,0,0.0399,0,Low Risk
15812917,Kosisochukwu,Spain,Male,35,653,116662.96,2,1,0,0.0403,0,Low Risk
15768455,Young,France,Male,60,679,0.0,2,1,0,0.0593,0,Low Risk
15703059,Scott,Germany,Female,49,549,124829.16,1,1,0,0.787,1,Critical Risk
15646196,Yeh,Spain,Female,36,850,155180.56,2,0,0,0.0547,0,Low Risk
15585451,Vigano,Germany,Female,32,558,108262.87,1,1,0,0.1998,0,Low Risk
15714057,Windradyne,Spain,Male,40,528,0.0,2,0,0,0.0359,0,Low Risk
15748473,Curnow,France,Male,38,801,0.0,2,0,0,0.0124,0,Low Risk
15785782,Ugonna,Spain,Male,48,513,0.0,1,1,1,0.4223,1,High Risk
15693233,De Neeve,Germany,Male,38,666,99812.88,2,1,0,0.0582,0,Low Risk
15757521,Ricci,France,Male,35,606,132164.26,1,1,0,0.0609,0,Low Risk
15812513,Nnaife,Germany,Male,45,599,103583.05,1,0,1,0.8098,1,Critical Risk
15674950,Ebelechukwu,Germany,Male,39,544,142406.43,2,0,0,0.1911,0,Low Risk
15678572,Keating,Spain,Male,38,529,99842.5,2,0,1,0.0873,0,Low Risk
15713608,Tuan,France,Female,41,850,0.0,2,1,0,0.0124,0,Low Risk
15579262,Shearston,France,Male,41,497,0.0,1,0,0,0.3195,1,Moderate Risk
15610426,Tien,France,Female,39,764,81042.42,1,1,0,0.2045,0,Moderate Risk
15776454,Hamilton,France,Female,48,603,0.0,1,0,1,0.9666,1,Critical Risk
15771483,Arnold,France,Male,40,609,0.0,2,1,0,0.0159,0,Low Risk
15648489,Ting,France,Male,53,487,199689.49,1,1,1,0.7352,1,Critical Risk
15646609,Chao,France,Male,33,748,142645.43,1,0,0,0.0449,0,Low Risk
15693203,Powell,Spain,Female,75,710,0.0,2,1,0,0.0,0,Low Risk
15813067,Williams,Germany,Female,45,432,110219.14,1,0,1,0.9666,1,Critical Risk
15769829,Cheng,Spain,Male,51,534,0.0,2,1,0,0.0724,0,Low Risk
15662434,Zhdanova,France,Male,25,607,0.0,2,0,0,0.0101,0,Low Risk
15773503,Tsai,Spain,Male,32,551,0.0,2,0,0,0.0124,0,Low Risk
15705890,Nebechukwu,France,Male,45,674,142072.02,1,0,0,0.6216,1,High Risk
15711398,Fetherstonhaugh,France,Female,25,525,0.0,2,0,0,0.0159,0,Low Risk
15752375,Ojiofor,Germany,Male,33,645,149564.61,1,0,0,0.2877,1,Moderate Risk
15659175,Severson,France,Female,43,755,0.0,2,0,0,0.0896,0,Low Risk
15597033,Speight,Germany,Male,37,708,153366.13,1,1,0,0.1743,0,Low Risk
15590228,Greenwalt,France,Male,21,715,76467.16,1,1,0,0.0413,0,Low Risk
15631848,Grover,France,Female,26,727,121508.28,1,1,0,0.0896,0,Low Risk
15654211,Milani,Spain,Female,27,559,0.0,1,1,0,0.0667,0,Low Risk
15707968,Akobundu,Spain,Male,36,545,73211.12,2,0,1,0.055,0,Low Risk
15594084,Anderson,France,Male,22,524,0.0,2,0,0,0.0101,0,Low Risk
15651093,Chien,France,Female,55,707,0.0,2,1,0,0.256,0,Moderate Risk
15798824,Kennedy,Spain,Male,38,671,92674.94,2,0,0,0.0926,0,Low Risk
15671591,Castiglione,Spain,Male,52,439,96196.24,4,0,1,0.9968,1,Critical Risk
15707189,Marshall,Germany,Female,36,667,114391.62,1,1,0,0.3704,1,Moderate Risk
15733581,Duncan,Germany,Male,32,831,80262.66,1,0,0,0.0791,0,Low Risk
15641640,Uspenskaya,Spain,Female,33,545,173331.52,1,0,0,0.2738,1,Moderate Risk
15585284,Thomson,Spain,Female,35,604,147285.52,1,1,0,0.0735,0,Low Risk
15617866,Calabrese,Spain,Male,67,657,119785.47,2,1,0,0.0592,0,Low Risk
15667751,Herrera,Spain,Female,36,487,140137.15,1,0,0,0.0987,0,Low Risk
15669411,Muse,Germany,Female,52,750,107467.56,1,0,1,0.9925,1,Critical Risk
15789425,Marsden,Germany,Female,37,694,98218.04,2,0,1,0.2323,0,Moderate Risk
15570943,Artemyeva,Germany,Female,35,711,133607.75,1,1,0,0.3523,1,Moderate Risk
15685829,McKay,France,Male,37,551,0.0,2,1,0,0.0124,0,Low Risk
15721917,Chuang,France,Female,38,559,95139.41,1,1,0,0.0883,0,Low Risk
15776047,Nicholls,France,Female,29,620,0.0,2,1,0,0.0316,0,Low Risk
15716024,Dennis,Spain,Male,42,660,0.0,2,0,0,0.0426,0,Low Risk
15675328,Knight,France,Female,37,449,0.0,2,0,0,0.0359,0,Low Risk
15604314,Webb,Germany,Female,26,703,97331.19,1,0,0,0.2475,0,Moderate Risk
15658339,Pugliesi,Germany,Male,37,795,139265.63,2,1,0,0.0124,0,Low Risk
15630402,Nebechukwu,France,Female,31,594,0.0,1,1,0,0.0604,0,Low Risk
15689616,Ward,Spain,Male,34,586,168094.01,1,0,0,0.1264,0,Low Risk
15774224,Nixon,Germany,Female,30,613,131563.88,2,0,0,0.1305,0,Low Risk
15701291,Chidubem,France,Male,44,601,0.0,2,0,0,0.0426,0,Low Risk
15719606,Rivers,France,Male,50,657,0.0,2,0,0,0.2558,0,Moderate Risk
15644119,Sochima,France,Male,31,531,0.0,1,1,0,0.0684,0,Low Risk
15646859,Heydon,Germany,Male,47,621,107363.29,1,1,0,0.6225,1,High Risk
15606836,Lombardo,France,Female,33,782,94493.03,1,1,0,0.0592,0,Low Risk
15664150,Holland,Germany,Female,29,528,170214.23,2,0,0,0.0588,0,Low Risk
15624510,Tien,France,Male,52,696,139781.06,1,0,1,0.9339,1,Critical Risk
15810944,Bryant,France,Female,35,586,0.0,2,0,0,0.0289,0,Low Risk
15668575,Hao,Spain,Female,26,626,148610.41,3,1,1,0.9171,1,Critical Risk
15603246,Genovesi,France,Male,73,498,170241.7,2,1,0,0.0178,0,Low Risk
15804002,Kovalev,France,Female,33,691,128306.83,1,1,0,0.0609,0,Low Risk
15728773,Hsieh,France,Female,47,568,0.0,2,1,0,0.0659,0,Low Risk
15598044,Debellis,France,Female,35,715,0.0,1,1,0,0.2715,0,Moderate Risk
15694829,Chibueze,Germany,Male,32,680,175454.0,1,1,0,0.0684,0,Low Risk
15600575,Padovano,Spain,Male,41,802,0.0,2,0,0,0.0336,0,Low Risk
15727311,Yen,France,Female,22,539,100885.93,2,1,0,0.0343,0,Low Risk
15570769,Kibble,France,Male,69,494,93320.8,1,1,0,0.0245,0,Low Risk
15606274,Lori,Germany,Male,38,594,63176.44,2,1,0,0.0426,0,Low Risk
15746139,Enemuo,France,Male,33,596,139451.67,1,0,0,0.066,0,Low Risk
15704987,Lu,France,Female,52,649,49113.75,1,0,0,0.9666,1,Critical Risk
15628972,Nebeolisa,Germany,Male,32,699,123906.22,3,1,1,0.8811,1,Critical Risk
15697686,Stewart,France,Female,40,787,0.0,2,1,0,0.0343,0,Low Risk
15733883,Ward,France,Male,28,604,0.0,2,0,0,0.0062,0,Low Risk
15617482,Milanesi,Germany,Female,52,489,131441.51,1,0,1,1.0,1,Critical Risk
15704583,Chikwado,France,Male,56,651,0.0,1,0,1,0.9677,1,Critical Risk
15621083,Douglas,France,Male,57,698,136325.48,2,1,1,0.1693,0,Low Risk
15649487,Sal,Germany,Female,38,578,113150.44,2,0,1,0.3739,1,Moderate Risk
15736760,Douglas,Spain,Female,42,538,0.0,1,0,0,0.6705,1,Critical Risk
15714658,Yates,France,Female,33,696,0.0,2,1,0,0.0254,0,Low Risk
15599081,Watt,Germany,Female,46,507,102785.16,1,1,0,0.6417,1,High Risk
15705113,P'an,Spain,Male,34,685,83264.28,1,0,0,0.0989,0,Low Risk
15631159,H?,Germany,Male,41,705,72252.64,2,1,0,0.0426,0,Low Risk
15792818,Perry,Germany,Female,29,499,148051.52,1,0,0,0.2318,0,Moderate Risk
15633531,Lavrov,France,Female,76,717,138489.66,1,1,0,0.0289,0,Low Risk
15744529,Chiekwugo,France,Male,63,510,0.0,2,1,0,0.0419,0,Low Risk
15669656,Macdonald,France,Male,32,632,111589.33,1,1,0,0.0609,0,Low Risk
15581198,Jenkins,Germany,Female,39,668,122104.79,1,0,1,0.7892,1,Critical Risk
15729054,Korovina,Germany,Male,32,744,96106.83,1,1,0,0.0729,0,Low Risk
15573452,Manning,Germany,Male,42,663,115930.87,1,0,0,0.7965,1,Critical Risk
15776733,Wilson,Germany,Female,37,638,124513.66,2,0,0,0.3024,1,Moderate Risk
15724858,Begum,France,Female,54,688,0.0,1,0,1,0.9946,1,Critical Risk
15713144,Ingrassia,Spain,Male,46,588,0.0,1,0,0,0.8054,1,Critical Risk
15690188,Maclean,France,Male,33,631,0.0,1,1,1,0.0977,0,Low Risk
15689425,Olejuru,Spain,Male,35,687,100988.39,2,0,0,0.0469,0,Low Risk
15671766,Enyinnaya,France,Male,44,599,118577.24,1,1,0,0.0689,0,Low Risk
15782806,Watson,Spain,Male,28,718,0.0,2,0,0,0.0124,0,Low Risk
15764419,Langdon,France,Male,27,730,0.0,2,1,0,0.0062,0,Low Risk
15591915,Frolov,France,Female,39,533,0.0,1,1,1,0.3772,1,Moderate Risk
15772798,Chikezie,Spain,Female,28,711,0.0,2,1,0,0.0124,0,Low Risk
15792008,Zetticci,Spain,Female,26,555,0.0,2,1,0,0.0101,0,Low Risk
15715541,Yang,France,Female,42,850,113311.11,1,1,0,0.1285,0,Low Risk
15639277,Lin,France,Female,41,678,0.0,1,0,0,0.5645,1,High Risk
15798850,Goddard,France,Male,32,576,0.0,2,0,0,0.0,0,Low Risk
15776348,Rogers,Germany,Male,20,835,124365.42,1,0,1,0.4901,1,High Risk
15727696,Zubareva,France,Male,42,592,147249.29,2,1,0,0.0433,0,Low Risk
15793813,Onochie,France,Male,36,774,103688.19,1,1,0,0.0569,0,Low Risk
15694395,Ts'ui,France,Female,29,620,138740.24,2,0,0,0.0452,0,Low Risk
15764195,Newsom,Spain,Male,39,519,111900.14,1,1,0,0.0661,0,Low Risk
15744919,Genovese,Spain,Female,37,734,152760.24,1,1,0,0.0821,0,Low Risk
15671655,Thorpe,Germany,Male,31,763,143966.3,2,1,1,0.0254,0,Low Risk
15654901,Horton,France,Male,51,733,141556.96,1,0,0,0.7061,1,Critical Risk
15649136,Williamson,France,Female,43,650,0.0,2,1,0,0.0426,0,Low Risk
15775562,Shoobridge,France,Female,33,538,0.0,2,0,0,0.0343,0,Low Risk
15807481,Peng,France,Female,46,577,0.0,1,1,0,0.6998,1,Critical Risk
15642885,Gray,France,Male,30,792,0.0,2,0,0,0.0035,0,Low Risk
15789109,Watson,France,Female,41,686,0.0,1,1,1,0.3463,1,Moderate Risk
15814004,Fyodorova,France,Male,29,589,0.0,2,1,0,0.0062,0,Low Risk
15673619,Bazhenov,France,Male,25,530,162560.32,1,0,0,0.0609,0,Low Risk
15595135,Solomon,Germany,Female,29,778,123229.46,1,0,0,0.4219,1,High Risk
15583681,Layh,Spain,Male,31,616,76665.71,2,1,0,0.0062,0,Low Risk
15605000,John,France,Male,38,550,140278.99,3,1,1,0.9946,1,Critical Risk
15718071,Tuan,France,Female,51,655,0.0,2,1,0,0.1832,0,Low Risk
15679760,Slattery,France,Male,46,721,115764.32,2,0,0,0.2572,0,Moderate Risk
15654574,Onyekachi,Germany,Male,36,499,131142.53,2,0,0,0.0833,0,Low Risk
15577178,Genovese,France,Male,45,511,68375.27,1,0,1,0.7606,1,Critical Risk
15595324,Daniels,Germany,Female,39,579,117833.3,3,0,1,0.9826,1,Critical Risk
15756932,Caldwell,Spain,Female,36,696,0.0,2,1,0,0.0159,0,Low Risk
15726358,Chiemenam,France,Male,34,681,0.0,2,0,0,0.0124,0,Low Risk
15595228,Wanliss,France,Male,45,815,0.0,1,1,1,0.4972,1,High Risk
15782530,Bruce,Spain,Male,30,681,111093.01,1,0,0,0.1245,0,Low Risk
15592877,Wright,Spain,Male,42,641,132657.55,1,0,0,0.3546,1,Moderate Risk
15651983,Fang,France,Female,56,591,128882.49,1,1,1,0.5983,1,High Risk
15746737,Eames,Germany,Male,59,565,69129.59,1,1,0,0.4007,1,High Risk
15774179,Sutherland,France,Male,37,487,0.0,2,1,0,0.0062,0,Low Risk
15667265,Cavenagh,France,Male,39,729,121404.64,1,1,0,0.0989,0,Low Risk
15655123,Dumetolisa,Spain,Female,45,505,131355.3,3,0,1,0.9764,1,Critical Risk
15595917,Mackay,France,Female,35,580,102097.33,1,1,0,0.0896,0,Low Risk
15668385,Dellucci,France,Male,40,642,154863.15,1,1,0,0.0843,0,Low Risk
15709476,Kenyon,Spain,Female,41,850,99945.93,2,0,0,0.0648,0,Low Risk
15711218,Parry,Germany,Male,39,616,121704.32,2,0,0,0.2199,0,Moderate Risk
15798659,Kennedy,Spain,Female,43,526,0.0,2,0,0,0.0661,0,Low Risk
15663939,Arnott,Germany,Male,35,523,138782.76,1,1,0,0.2667,0,Moderate Risk
15694946,Hanson,France,Male,35,663,0.0,2,1,0,0.0062,0,Low Risk
15631912,T'ao,France,Male,30,840,136291.71,1,0,0,0.0649,0,Low Risk
15768816,Shen,Germany,Male,42,570,107856.57,2,0,0,0.3841,1,Moderate Risk
15682268,Steere,Germany,Female,26,676,108348.66,1,0,1,0.3368,1,Moderate Risk
15684801,Abbott,France,Male,47,689,93871.95,3,0,1,0.9902,1,Critical Risk
15636428,Sutherland,Spain,Female,45,703,0.0,1,0,1,0.9472,1,Critical Risk
15809823,Thurgood,Germany,Male,19,491,125860.2,1,0,0,0.1803,0,Low Risk
15699284,Johnson,France,Male,49,584,172713.44,1,0,0,0.7348,1,Critical Risk
15786993,Lung,France,Female,51,810,0.0,2,1,0,0.1616,0,Low Risk
15709441,Cocci,Spain,Female,59,745,0.0,1,1,0,0.5239,1,High Risk
15710257,Matveyeva,France,Female,39,625,130786.92,1,1,0,0.1908,0,Low Risk
15582492,Moore,France,Female,29,535,112367.34,1,0,0,0.1773,0,Low Risk
15575694,Yobachukwu,Spain,Female,45,729,91091.06,2,0,0,0.4457,1,High Risk
15756820,Fleming,France,Female,26,655,106198.5,1,1,0,0.0572,0,Low Risk
15766289,Dickinson,France,Male,47,751,142669.93,2,0,0,0.3315,1,Moderate Risk
15593014,Evseyev,France,Male,33,525,112833.35,1,1,0,0.0545,0,Low Risk
15584545,Aksenov,France,Female,40,532,0.0,2,1,0,0.0609,0,Low Risk
15675949,Fleming,Spain,Female,43,696,0.0,2,1,0,0.0359,0,Low Risk
15672091,Ulyanov,Germany,Female,32,786,104336.43,2,0,0,0.0638,0,Low Risk
15801658,Summers,France,Male,55,580,104305.74,1,1,0,0.4931,1,High Risk
15706185,Clements,Germany,Male,47,596,140187.1,2,1,0,0.1693,0,Low Risk
15789863,Kazakova,France,Male,39,683,0.0,2,0,0,0.0282,0,Low Risk
15720943,Pirozzi,France,Female,45,747,114959.12,1,0,1,0.8345,1,Critical Risk
15697997,Jamieson,France,Male,33,602,164704.38,1,1,1,0.0632,0,Low Risk
15665416,Ferri,France,Male,62,779,119096.55,1,1,0,0.1329,0,Low Risk
15660200,Mai,France,Male,31,551,0.0,2,1,0,0.0,0,Low Risk
15619653,Hannaford,France,Male,47,666,0.0,1,0,1,0.8152,1,Critical Risk
15773447,Fomin,Spain,Male,30,526,0.0,1,0,0,0.1574,0,Low Risk
15739160,Mahon,France,Female,41,849,115465.28,1,0,0,0.2621,0,Moderate Risk
15689237,Shaw,France,Female,27,471,0.0,2,0,0,0.0159,0,Low Risk
15679297,Volkova,Spain,Male,43,628,184926.61,1,0,0,0.3982,1,Moderate Risk
15591433,Miles,Germany,Male,43,674,85957.88,2,0,0,0.0661,0,Low Risk
15642725,Madison,France,Male,32,797,114084.6,1,1,0,0.0144,0,Low Risk
15701962,Scott,Spain,Female,29,590,166930.76,2,0,0,0.0609,0,Low Risk
15811613,Voss,France,Female,27,588,0.0,1,0,0,0.1539,0,Low Risk
15741049,Colebatch,France,Male,29,577,0.0,2,1,0,0.0062,0,Low Risk
15724423,Wilson,France,Female,38,571,107193.82,2,0,0,0.0815,0,Low Risk
15574305,T'ang,France,Male,36,680,116275.12,1,1,0,0.0609,0,Low Risk
15678168,Gibson,Spain,Female,27,648,0.0,2,1,0,0.0101,0,Low Risk
15697020,Hs?eh,France,Male,39,618,91068.56,1,0,0,0.1419,0,Low Risk
15610801,Pan,Germany,Male,41,648,123049.21,1,1,0,0.4207,1,High Risk
15745232,Chikelu,France,Female,39,759,0.0,2,1,0,0.0532,0,Low Risk
15722758,Allan,France,Male,40,585,0.0,2,0,0,0.0359,0,Low Risk
15792102,Yefremova,France,Female,42,774,137781.65,1,0,0,0.1874,0,Low Risk
15675185,Chuang,Germany,Female,48,697,108128.96,2,1,0,0.3631,1,Moderate Risk
15801247,Fan,Spain,Male,39,605,105317.73,2,0,0,0.13,0,Low Risk
15725660,Dellucci,France,Male,20,676,80569.73,1,0,0,0.0352,0,Low Risk
15638963,Garran,France,Female,22,678,174852.89,1,1,0,0.0738,0,Low Risk
15800061,Moretti,Spain,Female,45,495,89158.94,3,0,1,1.0,1,Critical Risk
15578006,Yao,France,Female,85,787,0.0,2,1,0,0.0159,0,Low Risk
15668504,Lucchesi,France,Male,36,770,89800.14,1,1,0,0.0365,0,Low Risk
15687491,Nkemdilim,Germany,Male,45,817,101207.75,1,0,1,0.8279,1,Critical Risk
15610403,Anderson,France,Male,43,659,106086.42,2,0,0,0.1584,0,Low Risk
15741094,Sagese,France,Male,21,693,0.0,2,1,0,0.0,0,Low Risk
15807909,Rubensohn,France,Male,47,744,0.0,2,0,0,0.1584,0,Low Risk
15666141,Baldwin,Spain,Female,26,829,101440.36,2,1,0,0.0124,0,Low Risk
15617134,Iqbal,France,Male,38,716,0.0,2,0,0,0.0274,0,Low Risk
15783029,Monaldo,France,Male,34,671,106603.74,2,1,0,0.0179,0,Low Risk
15622833,Mahon,Germany,Female,29,835,130420.2,2,0,0,0.0724,0,Low Risk
15746422,Muir,France,Female,38,636,0.0,1,0,0,0.4524,1,High Risk
15750839,Burns,Spain,Male,29,649,45022.23,1,1,0,0.0792,0,Low Risk
15749130,Dyer,Germany,Male,27,621,74298.43,1,1,0,0.0452,0,Low Risk
15779862,Lyons,Germany,Female,31,658,133003.03,1,1,1,0.2576,0,Moderate Risk
15767871,H?,Spain,Male,48,784,0.0,2,1,0,0.0219,0,Low Risk
15679651,Gardiner,Spain,Female,37,783,136689.66,1,0,0,0.1117,0,Low Risk
15576219,Cameron,France,Male,32,615,0.0,2,1,0,0.0,0,Low Risk
15699247,Chapman,France,Female,44,791,0.0,2,1,1,0.0419,0,Low Risk
15619087,Taylor,France,Male,53,762,102520.37,1,1,0,0.374,1,Moderate Risk
15605327,Namatjira,France,Male,35,607,0.0,2,1,0,0.0101,0,Low Risk
15610140,He,France,Female,34,601,0.0,2,0,0,0.0282,0,Low Risk
15791174,Leibius,Spain,Male,67,540,88382.01,1,1,0,0.1162,0,Low Risk
15602373,White,France,Male,44,812,115049.15,2,0,0,0.0832,0,Low Risk
15762605,Wall,France,Male,58,685,104796.54,1,1,0,0.383,1,Moderate Risk
15598840,Moretti,France,Male,33,680,123082.08,1,0,0,0.0609,0,Low Risk
15744279,Patterson,Spain,Female,58,680,0.0,2,1,0,0.0609,0,Low Risk
15670619,Coppin,France,Female,33,631,0.0,2,0,0,0.0359,0,Low Risk
15599533,Tsao,France,Female,43,569,0.0,2,1,0,0.0426,0,Low Risk
15757837,Kao,Germany,Male,33,584,88311.48,2,1,0,0.0159,0,Low Risk
15697574,Stewart,France,Female,40,582,0.0,3,1,0,0.8345,1,Critical Risk
15578738,Tuan,France,Male,32,609,71872.19,1,1,0,0.0419,0,Low Risk
15762228,Barnes,Spain,Male,35,506,110046.93,2,0,0,0.0459,0,Low Risk
15614827,Sun,France,Male,42,503,104430.08,1,1,0,0.0896,0,Low Risk
15789815,Fallaci,France,Female,28,503,0.0,2,0,0,0.0159,0,Low Risk
15579781,Buccho,Germany,Male,31,806,138653.51,1,0,0,0.1851,0,Low Risk
15587013,Tien,France,Female,31,653,102575.04,1,1,0,0.0538,0,Low Risk
15570932,Pirozzi,France,Male,43,666,137780.74,2,1,1,0.0604,0,Low Risk
15794661,Liu,Spain,Male,32,674,0.0,2,0,0,0.0124,0,Low Risk
15581654,Long,France,Male,32,798,0.0,2,1,0,0.0,0,Low Risk
15644296,Scott,France,Female,30,740,105209.54,1,0,0,0.0576,0,Low Risk
15614420,Gerasimova,Germany,Female,32,531,109570.21,2,1,0,0.0792,0,Low Risk
15609653,Ifeatu,Germany,Female,44,614,118715.86,1,0,1,0.8592,1,Critical Risk
15594577,De Luca,France,Male,35,556,0.0,2,1,0,0.0159,0,Low Risk
15584114,Ogbonnaya,Germany,Female,43,678,153393.18,2,1,0,0.0369,0,Low Risk
15673367,Humffray,Germany,Male,33,587,132603.36,1,0,0,0.5215,1,High Risk
15685576,Degtyaryov,Spain,Female,36,527,0.0,2,1,0,0.0159,0,Low Risk
15774727,Monaldo,Germany,Female,34,757,129398.01,2,0,0,0.0901,0,Low Risk
15694288,Cawthorne,Spain,Male,28,468,0.0,2,0,0,0.0124,0,Low Risk
15603319,Graham,France,Male,29,693,151352.74,1,0,0,0.0359,0,Low Risk
15759066,Carpenter,France,Female,44,483,136836.49,1,0,1,0.4943,1,High Risk
15814816,Kambinachi,France,Male,40,466,91592.06,1,0,1,0.225,0,Moderate Risk
15724402,Tyler,France,Female,30,770,0.0,2,0,0,0.0274,0,Low Risk
15571059,Martin,France,Female,54,734,0.0,1,0,1,0.9902,1,Critical Risk
15674206,Walker,France,Female,22,716,0.0,2,1,0,0.0124,0,Low Risk
15715160,Khan,France,Male,36,439,165536.28,2,1,0,0.0159,0,Low Risk
15730448,Iroawuchi,Germany,Male,25,538,62482.95,1,1,0,0.0629,0,Low Risk
15662067,Summers,France,Male,40,743,68155.59,1,0,0,0.1962,0,Low Risk
15779581,Bottrill,Spain,Female,43,734,55853.33,2,1,1,0.0993,0,Low Risk
15662901,Hu,France,Male,37,656,0.0,2,1,0,0.0124,0,Low Risk
15689751,Jones,France,Female,31,666,79589.43,1,0,0,0.0527,0,Low Risk
15667742,Vincent,Spain,Male,41,627,100880.76,1,1,0,0.1049,0,Low Risk
15738448,Sanford,Germany,Female,25,480,174330.35,2,0,0,0.0262,0,Low Risk
15680243,Brown,France,Male,19,792,143390.51,1,0,0,0.0649,0,Low Risk
15745083,Lei,Germany,Male,59,613,91415.76,1,0,1,0.9677,1,Critical Risk
15708228,Toscani,Germany,Male,30,476,134366.42,1,0,0,0.26,0,Moderate Risk
15628523,Chien,France,Female,24,539,0.0,2,1,0,0.0159,0,Low Risk
15708196,Uchenna,Spain,Male,60,696,88786.81,1,1,0,0.1268,0,Low Risk
15735549,Lori,Germany,Male,35,810,96814.46,2,1,0,0.0336,0,Low Risk
15809347,Fanucci,Germany,Male,32,763,160680.41,1,0,0,0.3887,1,Moderate Risk
15660866,Chimaobim,France,Female,29,640,0.0,2,0,0,0.0124,0,Low Risk
15766609,Jowers,France,Female,47,655,0.0,2,0,0,0.4705,1,High Risk
15654230,Miller,Germany,Male,31,526,145537.21,1,0,0,0.2877,1,Moderate Risk
15794566,Kirsova,France,Female,28,678,0.0,2,1,1,0.0316,0,Low Risk
15800890,T'ien,France,Female,45,554,0.0,2,1,0,0.0724,0,Low Risk
15697424,Ku,Spain,Female,30,597,119370.11,1,1,1,0.0953,0,Low Risk
15724536,Chin,Spain,Female,28,560,0.0,2,1,0,0.0124,0,Low Risk
15735878,Law,Germany,Female,47,850,134381.52,1,0,1,0.9409,1,Critical Risk
15707596,Chung,Germany,Female,74,546,114888.74,2,1,1,0.0419,0,Low Risk
15657163,Cockrum,Germany,Male,42,623,149332.48,2,0,0,0.1934,0,Low Risk
15622478,Greaves,France,Female,40,698,105061.74,3,0,1,0.9826,1,Critical Risk
15779529,Grant,France,Male,32,620,0.0,2,1,0,0.0062,0,Low Risk
15636023,O'Donnell,France,Female,40,619,0.0,1,1,1,0.3789,1,Moderate Risk
15582066,Maclean,France,Male,21,561,0.0,1,1,0,0.0655,0,Low Risk
15666675,Hsieh,France,Female,39,753,155062.8,1,1,0,0.1788,0,Low Risk
15732987,Hs?,Spain,Male,43,721,88798.34,1,0,0,0.177,0,Low Risk
15789432,Mazzanti,France,Male,33,451,0.0,2,0,0,0.0124,0,Low Risk
15663161,Chiu,Germany,Female,51,680,143139.87,1,0,1,0.9798,1,Critical Risk
15694879,Reeves,Spain,Female,23,590,0.0,2,0,0,0.0062,0,Low Risk
15593715,Castiglione,Germany,Male,27,634,107027.52,1,0,0,0.3523,1,Moderate Risk
15575002,Ferguson,France,Male,29,676,140720.93,1,0,0,0.0989,0,Low Risk
15622171,Nnamdi,France,Male,30,642,80964.57,2,0,0,0.0262,0,Low Risk
15795224,Wu,France,Male,39,760,178585.46,1,0,1,0.4205,1,High Risk
15685346,Chu,Spain,Female,26,736,135889.13,1,1,0,0.0855,0,Low Risk
15691808,King,France,Male,43,656,134919.85,1,0,0,0.1923,0,Low Risk
15721007,Charlton,Germany,Male,33,776,115130.34,1,0,1,0.4958,1,High Risk
15794253,Marsh,Spain,Female,34,832,138190.13,2,1,0,0.0471,0,Low Risk
15694453,Walker,Germany,Male,37,631,131519.49,2,1,0,0.0815,0,Low Risk
15813113,Chang,Spain,Female,56,795,0.0,1,0,1,0.9826,1,Critical Risk
15614187,Pottinger,Germany,Female,39,648,126935.98,2,1,0,0.1719,0,Low Risk
15619407,Buckley,France,Male,39,615,133707.09,1,1,0,0.0724,0,Low Risk
15646227,Folliero,France,Female,27,682,97893.2,1,0,0,0.0843,0,Low Risk
15660541,Olisanugo,France,Male,34,694,127900.03,1,0,0,0.1149,0,Low Risk
15753874,Kent,France,Male,37,694,143835.47,1,1,0,0.0365,0,Low Risk
15617877,Jessop,France,Male,44,607,0.0,2,1,0,0.0204,0,Low Risk
15772073,Hodge,France,Male,48,664,0.0,1,0,1,0.778,1,Critical Risk
15701537,Ignatiev,France,Male,60,756,0.0,1,1,1,0.587,1,High Risk
15736228,Chambers,France,Female,40,645,129596.77,1,1,0,0.1991,0,Low Risk
15780572,Mansom,Spain,Male,30,653,0.0,2,0,0,0.0159,0,Low Risk
15769596,Yen,Germany,Female,24,710,110407.44,2,0,1,0.0993,0,Low Risk
15586996,Azikiwe,France,Female,76,697,0.0,2,1,0,0.0159,0,Low Risk
15722061,Allen,Germany,Female,41,619,142015.76,2,0,0,0.3276,1,Moderate Risk
15638003,Komarova,Spain,Male,55,648,81370.07,1,1,0,0.4851,1,High Risk
15775590,Mackay,Germany,Female,48,482,69329.47,1,0,1,0.9098,1,Critical Risk
15730688,Yu,France,Female,28,548,116755.5,2,1,1,0.0528,0,Low Risk
15753102,Curtis,Spain,Male,44,752,83870.33,1,0,0,0.4611,1,High Risk
15810075,Fang,France,Female,39,648,130694.89,2,1,1,0.1485,0,Low Risk
15723373,Page,Spain,Female,34,643,117451.47,1,0,0,0.2075,0,Moderate Risk
15795298,Olisaemeka,Germany,Female,35,573,206868.78,2,1,0,0.1527,0,Low Risk
15584320,Brennan,France,Female,39,686,111695.62,1,0,0,0.3516,1,Moderate Risk
15724161,Sutton,France,Female,40,644,137285.26,4,0,1,1.0,1,Critical Risk
15750056,Hyde,France,Female,29,702,149218.39,1,1,0,0.0707,0,Low Risk
15609637,Nkemakolam,France,Male,51,652,0.0,2,1,0,0.0883,0,Low Risk
15794493,Chimaijem,Spain,Male,32,641,0.0,2,1,0,0.0062,0,Low Risk
15569641,Sung,Germany,Female,41,692,130701.29,1,0,1,0.8271,1,Critical Risk
15815236,Chiganu,Spain,Male,34,574,0.0,2,0,0,0.0124,0,Low Risk
15811177,Beneventi,France,Female,31,643,167949.48,1,0,0,0.1528,0,Low Risk
15680587,Esposito,France,Male,23,834,131254.81,1,0,0,0.1059,0,Low Risk
15672821,Owen,France,Male,28,591,0.0,2,1,0,0.0,0,Low Risk
15767681,Smalley,Spain,Male,34,470,0.0,2,1,0,0.0062,0,Low Risk
15600379,Hsiung,Spain,Male,34,608,86656.13,1,1,0,0.0419,0,Low Risk
15801336,Ch'ang,Germany,Female,37,649,114737.26,1,1,1,0.5395,1,High Risk
15721592,Barton,France,Female,38,665,0.0,2,0,0,0.0566,0,Low Risk
15581282,Lucchese,France,Female,39,651,0.0,1,0,0,0.6281,1,High Risk
15746203,Hsia,Germany,Male,62,555,119817.33,1,1,1,0.7896,1,Critical Risk
15583137,Pope,France,Female,48,637,130806.99,2,1,1,0.3257,1,Moderate Risk
15680752,Horrocks,France,Female,49,675,0.0,1,1,1,0.6946,1,Critical Risk
15688172,Tai,Spain,Male,40,677,0.0,2,0,0,0.0352,0,Low Risk
15791373,Chikezie,Germany,Female,35,850,80931.75,1,0,1,0.2381,0,Moderate Risk
15589449,Frye,France,Female,56,815,0.0,3,1,1,0.9677,1,Critical Risk
15692819,Toscani,Germany,Male,32,665,132178.67,1,0,0,0.2921,1,Moderate Risk
15727467,Mellor,France,Female,27,485,0.0,2,0,0,0.0167,0,Low Risk
15734312,Kang,Spain,Male,43,577,0.0,2,1,0,0.0159,0,Low Risk
15764604,Sutherland,France,Female,35,586,164769.02,3,0,1,0.9869,1,Critical Risk
15613014,Hs?,Germany,Male,29,722,107233.85,2,0,0,0.0609,0,Low Risk
15759684,Ting,France,Female,27,528,176227.07,2,1,0,0.0567,0,Low Risk
15609669,Chuang,France,Female,39,542,109949.39,2,1,0,0.0936,0,Low Risk
15685536,Chu,France,Female,34,552,0.0,2,1,0,0.0101,0,Low Risk
15750447,Ozoemena,France,Female,60,678,117738.81,1,0,1,0.9589,1,Critical Risk
15663249,Howells,Spain,Female,37,575,133292.45,1,0,0,0.2273,0,Moderate Risk
15638646,Lucchese,France,Female,43,669,160474.59,1,1,0,0.1762,0,Low Risk
15734161,Nnonso,France,Male,43,636,0.0,2,0,0,0.0419,0,Low Risk
15631070,Gerasimova,Germany,Male,55,667,154393.43,1,1,1,0.6124,1,High Risk
15761950,Woronoff,Germany,Female,45,652,110827.49,1,1,1,0.8127,1,Critical Risk
15649668,Wilhelm,Germany,Female,36,637,145750.45,2,1,0,0.0621,0,Low Risk
15713912,Nebechukwu,Spain,Female,45,516,109044.3,1,1,0,0.3211,1,Moderate Risk
15586757,Anenechukwu,France,Female,32,801,75170.54,1,1,0,0.0592,0,Low Risk
15596522,Meredith,France,Female,42,692,0.0,2,0,0,0.0896,0,Low Risk
15625395,Chinomso,France,Female,28,585,105795.9,1,1,0,0.0592,0,Low Risk
15760570,Stephenson,France,Male,32,590,0.0,2,0,0,0.0124,0,Low Risk
15566689,Chimaoke,Spain,Male,66,554,0.0,2,1,0,0.0271,0,Low Risk
15725794,Winters,France,Female,49,659,0.0,1,0,1,0.9736,1,Critical Risk
15673539,Napolitani,France,Female,26,690,118097.87,1,0,0,0.1516,0,Low Risk
15705298,L?,Germany,Male,29,697,172693.54,1,0,0,0.1,0,Low Risk
15675791,Williams,France,Male,36,610,129440.3,2,0,0,0.0575,0,Low Risk
15747043,Giles,Spain,Male,36,599,0.0,2,0,0,0.0124,0,Low Risk
15736397,Wang,France,Male,23,544,96471.2,1,0,0,0.0532,0,Low Risk
15678201,Robertson,France,Female,46,548,0.0,1,1,1,0.6836,1,Critical Risk
15720745,Murray,Spain,Male,24,635,140197.18,1,1,0,0.0475,0,Low Risk
15637593,Greco,France,Male,20,722,0.0,2,0,0,0.0062,0,Low Risk
15598070,Marchesi,France,Female,33,564,135946.26,1,0,0,0.1988,0,Low Risk
15787550,Chao,France,Male,69,719,0.0,2,1,0,0.0124,0,Low Risk
15603942,Hawthorn,Germany,Male,50,547,81290.02,3,1,1,0.9798,1,Critical Risk
15733973,Bibi,France,Female,42,850,0.0,1,0,1,0.553,1,High Risk
15596761,Hawdon,Germany,Male,60,515,113715.36,1,0,1,0.9902,1,Critical Risk
15652400,Moss,Spain,Male,56,667,168883.08,1,1,0,0.3297,1,Moderate Risk
15717893,Briggs,Germany,Male,36,607,143421.74,1,0,0,0.5764,1,High Risk
15622585,McIntyre,France,Male,26,525,153644.39,1,1,0,0.0297,0,Low Risk
15733964,Russo,Spain,Female,53,606,109330.06,1,1,0,0.4659,1,High Risk
15753861,Ballard,Germany,Female,27,686,115095.88,2,0,0,0.0609,0,Low Risk
15747097,Hs?,France,Male,35,611,0.0,1,1,1,0.1442,0,Low Risk
15594762,Pisani,Spain,Male,46,827,183276.32,1,1,0,0.0936,0,Low Risk
15667417,Tao,France,Male,33,572,68193.72,1,0,0,0.0592,0,Low Risk
15684861,Thomson,France,Female,32,726,0.0,2,0,0,0.0303,0,Low Risk
15742204,Hsu,Germany,Male,31,579,139729.54,1,1,0,0.1861,0,Low Risk
15623502,Morrison,Spain,Female,56,598,98365.33,1,1,0,0.3407,1,Moderate Risk
15774872,Joslin,France,Male,36,663,0.0,2,0,0,0.0316,0,Low Risk
15611191,Scott,Germany,Female,37,505,122453.97,2,1,0,0.1205,0,Low Risk
15674331,Bidwill,Germany,Male,30,576,132174.41,2,0,0,0.0565,0,Low Risk
15619465,Cameron,Spain,Female,24,555,0.0,2,1,0,0.0101,0,Low Risk
15575247,Cartwright,France,Male,30,524,0.0,2,0,0,0.0101,0,Low Risk
15695679,Yao,Spain,Male,39,776,104349.45,1,0,0,0.1471,0,Low Risk
15713463,Tate,Germany,Female,41,645,138881.04,1,0,1,0.7261,1,Critical Risk
15785170,Neal,Germany,Female,32,850,116968.91,1,0,0,0.2133,0,Moderate Risk
15796351,Yao,Germany,Male,35,603,105346.03,2,1,0,0.0462,0,Low Risk
15639576,Burns,France,Male,26,691,136623.19,1,0,0,0.074,0,Low Risk
15693264,Onyinyechukwuka,France,Female,29,583,0.0,2,1,0,0.0397,0,Low Risk
15589715,Fulks,France,Female,66,584,0.0,1,0,1,0.9616,1,Critical Risk
15769902,Christie,France,Female,33,679,0.0,2,1,0,0.0254,0,Low Risk
15587177,Lloyd,France,Male,36,646,124445.52,1,0,0,0.1465,0,Low Risk
15814553,Ball,France,Female,34,559,68999.66,2,1,0,0.0343,0,Low Risk
15601550,Genovesi,Spain,Male,36,595,85768.42,1,1,0,0.0585,0,Low Risk
15664907,Alexander,France,Male,47,527,0.0,1,0,1,0.8592,1,Critical Risk
15612465,Siciliano,Spain,Male,34,684,100628.0,2,1,0,0.0062,0,Low Risk
15810800,Ositadimma,Spain,Female,32,673,0.0,1,1,0,0.147,0,Low Risk
15665760,Kazantsev,Spain,Male,38,802,0.0,2,1,0,0.0101,0,Low Risk
15588080,Giles,France,Male,54,675,0.0,1,0,1,0.9753,1,Critical Risk
15776844,Hao,Spain,Female,19,762,0.0,2,0,0,0.0219,0,Low Risk
15717560,Martin,France,Male,50,580,125647.36,1,0,1,0.86,1,Critical Risk
15629739,Hartley,Germany,Female,31,621,100375.39,1,1,0,0.2003,0,Moderate Risk
15729908,Allan,France,Female,36,411,0.0,1,0,0,0.2601,0,Moderate Risk
15716781,Dolgorukova,France,Male,24,815,171922.72,1,1,0,0.0588,0,Low Risk
15646936,Nnamdi,Germany,Female,32,631,146810.99,2,1,0,0.0371,0,Low Risk
15768151,Romano,Germany,Female,45,514,109032.23,1,1,1,0.8735,1,Critical Risk
15579212,Chuang,France,Male,57,638,0.0,1,0,1,0.9753,1,Critical Risk
15721835,Owen,Spain,Male,25,791,0.0,1,0,0,0.0792,0,Low Risk
15800515,Singh,France,Male,35,516,128653.59,1,0,0,0.1034,0,Low Risk
15591279,Nwagugheuzo,France,Male,37,734,80387.81,1,1,0,0.0588,0,Low Risk
15587419,Shipton,France,Male,58,611,0.0,2,1,1,0.1539,0,Low Risk
15750335,Paterson,Germany,Male,43,850,108508.82,3,0,1,0.9456,1,Critical Risk
15699619,Rivas,France,Male,31,641,155978.17,1,0,0,0.0392,0,Low Risk
15606472,Lung,France,Female,38,585,0.0,1,1,0,0.2503,0,Moderate Risk
15778368,Allan,Germany,Male,50,552,121175.56,1,0,1,0.9841,1,Critical Risk
15671387,Fetherstonhaugh,France,Female,29,507,89349.47,2,0,0,0.0508,0,Low Risk
15573926,Lung,Spain,Male,38,735,86131.71,2,0,0,0.0592,0,Low Risk
15709183,Davidson,France,Female,58,707,102346.86,1,1,0,0.5517,1,High Risk
15577514,Mai,Germany,Female,36,698,121263.62,1,1,0,0.5517,1,High Risk
15778830,Dellucci,France,Male,31,841,0.0,2,0,0,0.0101,0,Low Risk
15768072,Mitchell,Spain,Female,33,688,0.0,1,0,1,0.2646,0,Moderate Risk
15768293,Sun,France,Male,51,614,0.0,2,1,0,0.0572,0,Low Risk
15654456,Napolitano,Germany,Male,48,511,149726.08,1,0,1,0.8398,1,Critical Risk
15807525,Bailey,France,Male,43,447,0.0,2,0,1,0.0413,0,Low Risk
15574372,Hoolan,France,Male,35,738,161274.05,2,0,0,0.0365,0,Low Risk
15671249,Kent,France,Female,33,422,0.0,2,0,0,0.0336,0,Low Risk
15779744,Chou,Spain,Male,30,537,103138.17,1,1,0,0.0336,0,Low Risk
15624755,Pepper,Germany,Female,40,707,109628.44,1,0,0,0.7807,1,Critical Risk
15611430,Abramowitz,France,Male,54,690,0.0,1,0,1,0.9753,1,Critical Risk
15774744,Lord,Germany,Male,33,664,97286.16,2,0,0,0.0649,0,Low Risk
15629885,Wilson,France,Female,33,850,118004.26,1,0,0,0.0701,0,Low Risk
15708791,Abazu,Spain,Male,32,584,85534.83,1,0,0,0.0792,0,Low Risk
15793890,Harriman,France,Female,59,728,0.0,1,1,1,0.776,1,Critical Risk
15646091,Frankland,Spain,Female,43,560,95140.44,2,0,1,0.2466,0,Moderate Risk
15596984,Pinto,France,Female,31,629,0.0,1,1,1,0.1861,0,Low Risk
15800215,Kwemtochukwu,France,Male,25,658,0.0,2,1,0,0.0062,0,Low Risk
15577806,Chiu,Germany,Female,54,794,75900.84,1,1,0,0.6261,1,High Risk
15749381,Yu,France,Female,41,790,126619.27,1,0,0,0.2216,0,Moderate Risk
15683758,Onyekachukwu,France,Male,44,640,111833.47,1,0,0,0.2724,1,Moderate Risk
15670615,Castiglione,Spain,Male,37,652,0.0,2,0,0,0.0274,0,Low Risk
15715622,To Rot,France,Female,57,583,238387.56,1,1,1,0.9616,1,Critical Risk
15707634,Anenechukwu,France,Female,32,775,108698.96,2,1,0,0.0419,0,Low Risk
15806901,Henderson,France,Female,39,584,112687.69,1,1,0,0.1781,0,Low Risk
15775335,Ellis,Germany,Female,48,635,81556.89,2,0,0,0.4097,1,High Risk
15724150,Nkemdirim,France,Male,48,814,136596.85,1,1,0,0.2284,0,Moderate Risk
15627220,Kang,Germany,Female,43,735,98807.45,1,0,1,0.8448,1,Critical Risk
15672330,Lear,France,Female,31,678,0.0,2,1,0,0.0159,0,Low Risk
15668521,Jamieson,France,Male,37,693,0.0,2,1,0,0.0062,0,Low Risk
15807837,Mazzanti,France,Female,30,640,107499.7,1,1,0,0.0896,0,Low Risk
15592570,Marino,Spain,Female,23,773,0.0,2,0,0,0.0124,0,Low Risk
15748589,Winter,France,Female,30,736,0.0,2,0,0,0.0167,0,Low Risk
15635893,T'ien,France,Female,28,693,0.0,2,1,0,0.0167,0,Low Risk
15757632,Hughes-Jones,France,Female,41,496,176024.05,2,0,0,0.3205,1,Moderate Risk
15691863,Cody,France,Female,39,751,0.0,2,1,0,0.0343,0,Low Risk
15706071,Hunt,Germany,Male,39,528,127631.62,1,1,1,0.5841,1,High Risk
15654296,Estrada,Spain,Female,19,754,0.0,1,0,0,0.1268,0,Low Risk
15755018,Dickinson,Germany,Female,26,568,109819.16,2,0,0,0.1305,0,Low Risk
15594041,Fanucci,Spain,Female,41,592,138734.94,1,0,0,0.3462,1,Moderate Risk
15670587,Yang,Germany,Male,25,558,111363.1,2,0,0,0.0565,0,Low Risk
15724527,Forbes,France,Male,34,825,0.0,2,1,0,0.0062,0,Low Risk
15801904,Heard,Germany,Male,28,677,143988.0,2,0,1,0.235,0,Moderate Risk
15658195,Efremova,France,Male,34,653,118838.75,1,1,0,0.0592,0,Low Risk
15630113,Morphett,Spain,Male,35,593,161637.75,1,1,0,0.0512,0,Low Risk
15784320,Lenhardt,France,Female,44,632,133793.89,1,1,1,0.3133,1,Moderate Risk
15676513,Burns,Germany,Male,35,601,71553.83,1,0,0,0.2515,0,Moderate Risk
15574072,Ch'ien,France,Female,62,786,0.0,1,1,0,0.5357,1,High Risk
15633854,Sun,France,Female,40,654,0.0,2,0,0,0.0701,0,Low Risk
15618566,Jamieson,France,Female,38,572,0.0,2,1,0,0.0359,0,Low Risk
15733014,Nolan,France,Female,62,813,64667.95,2,1,0,0.2122,0,Moderate Risk
15753343,Barry,France,Female,28,523,121164.11,1,1,0,0.0592,0,Low Risk
15746076,Saunders,Spain,Male,50,506,0.0,2,0,0,0.2639,0,Moderate Risk
15608226,McMorran,Spain,Male,72,513,98903.06,1,1,0,0.0251,0,Low Risk
15605684,Phelan,France,Female,31,664,104158.84,1,0,0,0.1327,0,Low Risk
15638988,Fu,France,Male,54,684,0.0,2,1,0,0.0609,0,Low Risk
15628767,Hotchin,Spain,Female,63,608,139529.93,2,1,1,0.1803,0,Low Risk
15737977,Aksyonov,France,Female,25,527,0.0,2,1,0,0.0124,0,Low Risk
15758116,Rossi,France,Male,53,666,64646.7,1,0,1,0.9324,1,Critical Risk
15575119,Hughes,France,Male,71,779,0.0,2,1,1,0.0159,0,Low Risk
15625126,Duncan,France,Female,40,629,0.0,2,1,0,0.0559,0,Low Risk
15567114,McGarry,France,Male,35,430,118894.22,1,0,0,0.0335,0,Low Risk
15672242,Aksenov,France,Male,24,712,0.0,1,1,0,0.0609,0,Low Risk
15681327,Akhtar,France,Male,30,682,0.0,2,1,0,0.0,0,Low Risk
15802585,Pisani,France,Female,41,634,68213.99,1,1,0,0.1117,0,Low Risk
15740630,Pisano,Spain,Female,31,487,0.0,2,0,0,0.0289,0,Low Risk
15815420,McDaniels,Spain,Male,47,808,139196.0,1,1,0,0.1614,0,Low Risk
15711468,Tennant,France,Female,32,527,0.0,2,1,0,0.0101,0,Low Risk
15799626,Donaghy,Germany,Male,50,637,126345.55,1,1,1,0.9024,1,Critical Risk
15659325,Todd,Spain,Male,40,802,0.0,2,1,0,0.0062,0,Low Risk
15651352,Tobenna,France,Female,38,529,0.0,1,0,1,0.5575,1,High Risk
15684925,Vicars,France,Female,43,850,0.0,2,0,0,0.0124,0,Low Risk
15657439,Chao,France,Male,18,738,0.0,2,1,0,0.0,0,Low Risk
15574122,Tien,France,Male,34,817,129278.43,1,0,0,0.1121,0,Low Risk
15720508,Hsing,France,Male,31,735,119558.35,1,0,0,0.0588,0,Low Risk
15599078,Yang,Germany,Female,41,619,92467.58,1,0,0,0.6373,1,High Risk
15702300,Walker,France,Male,27,671,0.0,2,0,0,0.0101,0,Low Risk
15660735,T'ang,Spain,Female,31,581,0.0,2,0,0,0.0281,0,Low Risk
15671390,Chukwukere,Spain,Male,36,690,0.0,2,0,0,0.0262,0,Low Risk
15647385,Ch'iu,Spain,Male,56,579,99340.83,1,0,1,0.8448,1,Critical Risk
15739223,Pai,Spain,Female,24,688,0.0,2,1,0,0.0124,0,Low Risk
15631305,Franklin,Spain,Female,28,599,126833.79,2,0,1,0.0856,0,Low Risk
15809263,Y?,Germany,Male,29,729,109676.52,1,1,0,0.2736,1,Moderate Risk
15640866,Peng,France,Female,29,718,0.0,1,1,0,0.1704,0,Low Risk
15775663,Otitodilichukwu,Germany,Male,53,712,134729.99,2,1,0,0.3074,1,Moderate Risk
15631800,Pagnotto,France,Male,37,474,98431.37,1,0,0,0.0469,0,Low Risk
15654292,Vessels,Germany,Male,33,565,130368.31,2,0,0,0.1139,0,Low Risk
15648320,Heller,France,Female,31,658,123974.96,1,0,0,0.1426,0,Low Risk
15726747,Donaldson,France,Male,63,714,138082.16,1,1,0,0.3274,1,Moderate Risk
15694510,Ifeanyichukwu,France,Male,45,725,129855.32,1,0,0,0.5807,1,High Risk
15572291,Kao,France,Male,40,825,132308.22,1,0,0,0.1842,0,Low Risk
15603465,Dunn,Germany,Female,45,665,155447.65,2,0,1,0.4544,1,High Risk
15685628,Calabresi,Spain,Male,35,670,124268.64,2,1,0,0.0254,0,Low Risk
15792729,Holland,Germany,Female,34,474,176311.36,1,0,0,0.3853,1,Moderate Risk
15767414,Calabresi,France,Male,40,591,99886.42,2,1,0,0.0359,0,Low Risk
15568044,Butusov,France,Female,31,508,0.0,2,1,0,0.0062,0,Low Risk
15751333,Atkinson,France,Female,36,695,0.0,2,1,0,0.0455,0,Low Risk
15623062,Vasilyeva,Germany,Male,24,660,85089.3,1,1,0,0.0645,0,Low Risk
15713621,Mollison,Germany,Male,41,687,134318.21,2,1,0,0.0303,0,Low Risk
15670668,Webb,Germany,Male,29,658,75395.53,2,1,0,0.0124,0,Low Risk
15750638,Obiajulu,Germany,Female,33,705,116765.7,1,0,1,0.6688,1,Critical Risk
15747878,Aiken,Spain,Male,60,739,0.0,1,1,0,0.4632,1,High Risk
15726796,Brabyn,France,Male,38,844,111501.66,1,1,0,0.0581,0,Low Risk
15754952,Su,Germany,Female,48,602,76595.08,2,0,0,0.5566,1,High Risk
15652192,Traeger,France,Female,33,759,160541.36,2,0,0,0.0685,0,Low Risk
15681924,Ekwueme,Germany,Male,38,747,129728.6,1,0,0,0.569,1,High Risk
15763544,Thompson,France,Male,47,673,0.0,2,0,0,0.0843,0,Low Risk
15764431,Chinwenma,Spain,Female,34,671,130929.02,4,1,1,0.9767,1,Critical Risk
15684010,Tuan,Germany,Female,74,640,116800.25,1,1,0,0.1139,0,Low Risk
15648881,Tsai,Germany,Male,40,581,101016.53,1,1,1,0.4492,1,High Risk
15733303,Liu,France,Male,67,630,0.0,2,1,0,0.0124,0,Low Risk
15643294,Robinson,France,Female,33,703,190566.65,1,1,0,0.1693,0,Low Risk
15749905,Carr,Spain,Female,47,698,0.0,1,0,1,0.9191,1,Critical Risk
15625175,Palerma,Germany,Female,43,742,97067.69,1,1,1,0.5813,1,High Risk
15643967,Chineze,France,Female,37,652,92208.54,1,1,1,0.2135,0,Moderate Risk
15578251,Fang,France,Male,37,644,186347.97,2,0,0,0.082,0,Low Risk
15772573,Simpson,Spain,Male,55,735,103176.62,1,1,0,0.3953,1,Moderate Risk
15733234,Moretti,France,Female,58,777,0.0,1,1,1,0.7509,1,Critical Risk
15721582,Hale,Germany,Female,40,644,77270.08,2,1,1,0.1205,0,Low Risk
15628219,Benson,Germany,Female,37,665,111911.63,1,1,1,0.5184,1,High Risk
15571302,Estep,Germany,Male,72,529,94216.05,1,1,0,0.0576,0,Low Risk
15637178,Mishina,Spain,Female,45,803,0.0,2,1,0,0.0358,0,Low Risk
15601184,Abramovich,Spain,Female,26,604,0.0,2,0,0,0.0343,0,Low Risk
15629511,Lavrentiev,France,Male,49,738,106770.82,1,0,0,0.6937,1,Critical Risk
15570629,Alexeyeva,Germany,Female,72,655,138089.97,2,1,0,0.0592,0,Low Risk
15665766,T'ang,Germany,Male,39,698,133191.19,2,1,0,0.1126,0,Low Risk
15693732,Kilgour,France,Female,66,775,0.0,2,1,0,0.0343,0,Low Risk
15765982,Chin,France,Male,41,735,74135.85,1,1,1,0.0817,0,Low Risk
15582016,Fiorentini,Spain,Male,41,766,99208.46,2,0,0,0.1086,0,Low Risk
15798024,Lori,Germany,Male,84,537,92242.34,1,1,0,0.0476,0,Low Risk
15588622,Marchesi,Germany,Male,25,599,108380.72,1,1,0,0.0896,0,Low Risk
15724863,Sheppard,Spain,Female,55,420,91893.32,1,0,1,0.9677,1,Critical Risk
15618213,Nnanna,France,Female,32,674,85757.93,1,1,0,0.0593,0,Low Risk
15780411,Norris,France,Female,46,570,0.0,2,0,0,0.1128,0,Low Risk
15725429,Vincent,Germany,Male,33,623,96759.42,1,1,0,0.1539,0,Low Risk
15600626,Bradley,France,Male,30,710,0.0,2,1,0,0.0,0,Low Risk
15668460,Bellucci,France,Male,29,466,0.0,2,1,0,0.0,0,Low Risk
15576263,Clements,France,Female,22,759,0.0,1,0,0,0.183,0,Low Risk
15720354,Knowles,France,Male,71,581,0.0,2,1,0,0.0124,0,Low Risk
15691624,Chidiebere,France,Male,33,820,132150.26,2,0,0,0.0356,0,Low Risk
15793196,Kelly,France,Male,41,759,0.0,2,1,0,0.0352,0,Low Risk
15633352,Okwukwe,France,Female,31,628,175443.75,1,0,1,0.3231,1,Moderate Risk
15750874,Onyemere,France,Male,31,676,78990.15,1,1,0,0.0365,0,Low Risk
15588923,Murphy,France,Female,33,591,113743.37,1,0,0,0.1934,0,Low Risk
15715745,Elliott,France,Female,26,690,157624.84,1,1,0,0.0701,0,Low Risk
15611800,Loggia,France,Female,62,624,125163.62,2,1,0,0.2584,0,Moderate Risk
15576928,Walsh,France,Female,23,573,0.0,1,0,0,0.2139,0,Moderate Risk
15793693,Mahomed,France,Male,60,694,0.0,1,1,0,0.4173,1,High Risk
15581252,Dolgorukova,Spain,Female,29,632,80922.75,1,0,0,0.0668,0,Low Risk
15797760,Bogdanov,France,Male,40,632,193354.86,2,0,0,0.1857,0,Low Risk
15790564,She,Germany,Female,40,832,107648.94,2,1,0,0.1904,0,Low Risk
15593736,Cook,Germany,Female,46,598,131769.04,1,0,1,0.9605,1,Critical Risk
15595937,Bruno,Germany,Male,36,430,138992.48,2,0,0,0.0585,0,Low Risk
15815628,Moysey,France,Female,37,711,113899.92,1,0,0,0.2019,0,Moderate Risk
15782802,Beneventi,Germany,Male,26,582,114450.32,1,1,0,0.1603,0,Low Risk
15627412,Ferri,France,Male,39,605,0.0,2,0,0,0.0124,0,Low Risk
15734609,Skinner,France,Female,37,657,0.0,2,1,0,0.0181,0,Low Risk
15710689,Angel,Spain,Male,40,578,63609.92,1,0,1,0.2869,1,Moderate Risk
15565806,Toosey,France,Male,38,532,0.0,2,0,0,0.0336,0,Low Risk
15815530,Chin,France,Female,42,612,75497.51,1,0,0,0.498,1,High Risk
15632272,Lung,France,Female,42,792,0.0,2,0,0,0.0593,0,Low Risk
15684103,Mellor,France,Female,26,674,0.0,2,1,0,0.0526,0,Low Risk
15654519,Hassall,France,Male,31,680,0.0,2,1,0,0.0,0,Low Risk
15767722,Richardson,France,Female,39,593,117704.73,1,0,0,0.2409,0,Moderate Risk
15654346,Poninski,Germany,Male,35,679,130463.55,2,1,0,0.0452,0,Low Risk
15660147,Dore,Spain,Male,32,493,46161.18,1,1,0,0.0325,0,Low Risk
15814998,Bonham,Spain,Male,42,688,0.0,2,0,0,0.0165,0,Low Risk
15802207,Ibezimako,Germany,Male,43,769,110182.54,2,1,0,0.0959,0,Low Risk
15658668,Hunter,Spain,Male,49,581,0.0,2,0,0,0.1876,0,Low Risk
15715079,Bold,France,Male,41,465,117221.15,1,0,0,0.2523,0,Moderate Risk
15570360,Wan,France,Female,35,641,0.0,2,0,0,0.0359,0,Low Risk
15674678,Bradley,Germany,Female,43,731,79120.27,1,0,1,0.7068,1,Critical Risk
15780925,Tretyakova,France,Male,37,625,177069.24,2,1,0,0.0426,0,Low Risk
15688193,Graham,France,Male,36,468,61636.97,1,0,0,0.0792,0,Low Risk
15778219,Izmailov,France,Male,26,790,0.0,1,0,0,0.1654,0,Low Risk
15696514,Calabrese,Germany,Female,37,587,104414.03,1,0,0,0.6688,1,Critical Risk
15712303,Valentin,France,Male,66,692,159732.02,1,1,0,0.1128,0,Low Risk
15719090,Osonduagwuike,Germany,Female,34,676,89437.03,1,1,0,0.255,0,Moderate Risk
15735632,Williamson,France,Male,41,571,0.0,1,1,0,0.1868,0,Low Risk
15619436,Pan,France,Female,32,700,0.0,1,0,0,0.2868,1,Moderate Risk
15722404,Carpenter,France,Female,30,445,0.0,2,1,0,0.0097,0,Low Risk
15662063,McIver,France,Male,36,746,142400.77,1,1,0,0.0426,0,Low Risk
15745605,Trevisan,France,Female,47,722,88011.4,1,1,1,0.3961,1,Moderate Risk
15636658,Rozhkova,France,Male,36,596,0.0,2,1,0,0.0101,0,Low Risk
15784130,He,Germany,Female,30,850,154870.28,1,1,0,0.1116,0,Low Risk
15606755,Moretti,Spain,Female,46,597,0.0,2,0,1,0.2181,0,Moderate Risk
15801699,Fishbourne,Spain,Male,43,436,0.0,2,1,0,0.0062,0,Low Risk
15784097,Gibson,Germany,Male,28,660,118402.25,2,0,0,0.0701,0,Low Risk
15764654,Zikoranachidimma,France,Male,37,649,87374.88,2,1,0,0.0097,0,Low Risk
15612092,Palmer,Germany,Male,32,646,105397.8,1,0,1,0.396,1,Moderate Risk
15610903,Chukwueloka,Spain,Female,31,560,125341.69,1,0,0,0.2419,0,Moderate Risk
15705777,Real,Germany,Male,49,710,129164.88,1,1,0,0.2785,1,Moderate Risk
15661936,Chikelu,France,Male,40,513,141004.46,1,0,0,0.1981,0,Low Risk
15700864,Fiorentini,France,Female,21,607,0.0,2,0,0,0.0403,0,Low Risk
15722965,Yefimova,France,Male,57,757,89079.41,1,1,1,0.3575,1,Moderate Risk
15737521,Ball,Germany,Male,40,619,103604.31,2,0,0,0.2285,0,Moderate Risk
15814465,Ch'in,France,Male,24,612,182705.05,1,1,0,0.046,0,Low Risk
15580988,Odell,France,Male,29,842,0.0,2,1,0,0.0,0,Low Risk
15789974,Enemuo,France,Male,33,713,94598.48,1,0,1,0.1247,0,Low Risk
15713370,Hunter,Spain,Male,36,657,188241.05,2,0,1,0.1485,0,Low Risk
15748673,Nepean,France,Female,37,770,0.0,2,0,0,0.0471,0,Low Risk
15754919,Nwebube,France,Female,40,773,0.0,2,1,0,0.0827,0,Low Risk
15641662,Enticknap,Germany,Male,39,470,117469.91,2,0,0,0.1471,0,Low Risk
15813422,Lu,Spain,Male,35,781,80790.74,1,0,0,0.1516,0,Low Risk
15713596,Ugochukwu,France,Female,62,428,107735.93,1,1,0,0.5672,1,High Risk
15791216,Mann,Germany,Male,43,600,133379.41,1,0,1,0.8015,1,Critical Risk
15689031,Murphy,Spain,Female,37,697,168066.87,1,0,0,0.2364,0,Moderate Risk
15763704,Docherty,Germany,Female,43,692,69014.49,2,0,0,0.1,0,Low Risk
15631339,Adams,France,Male,28,791,0.0,1,0,0,0.1904,0,Low Risk
15771509,Hirst,Germany,Female,42,538,98548.62,2,1,0,0.1814,0,Low Risk
15769586,Horan,France,Female,49,820,0.0,2,1,0,0.1034,0,Low Risk
15656096,Cumbrae-Stewart,Spain,Female,26,679,76554.06,1,1,0,0.0781,0,Low Risk
15585280,Kinney,France,Female,36,649,0.0,2,1,0,0.0281,0,Low Risk
15743582,T'ang,France,Female,27,632,107375.82,1,1,0,0.0609,0,Low Risk
15761692,Muir,France,Male,40,594,122417.17,2,1,0,0.0588,0,Low Risk
15627840,Toscano,France,Female,42,682,0.0,1,1,1,0.3781,1,Moderate Risk
15778861,Wallace,Spain,Male,33,720,97188.62,1,0,0,0.1162,0,Low Risk
15770554,Fraser,France,Male,31,769,61297.05,2,1,0,0.0101,0,Low Risk
15806956,Iqbal,Spain,Male,30,746,112666.67,1,0,1,0.0683,0,Low Risk
15701908,Nina,Spain,Female,40,623,0.0,1,1,0,0.2366,0,Moderate Risk
15736990,Chuang,France,Male,28,537,157842.07,1,0,0,0.0609,0,Low Risk
15743714,Ch'ien,France,Male,46,468,91443.75,1,0,0,0.4071,1,High Risk
15807993,Bruno,Germany,Female,30,588,110148.49,1,0,1,0.5298,1,High Risk
15644686,Kennedy,Spain,Female,34,729,53299.96,2,1,0,0.0322,0,Low Risk
15677377,Lawrence,Spain,Male,37,543,0.0,2,1,0,0.0124,0,Low Risk
15626412,Mort,Spain,Male,39,499,0.0,2,1,0,0.0062,0,Low Risk
15643679,Goliwe,Germany,Male,28,784,70233.74,2,1,0,0.0062,0,Low Risk
15728456,Martinez,France,Male,33,604,0.0,1,0,1,0.1981,0,Low Risk
15630661,Vasilyev,Spain,Female,25,614,75212.28,1,0,0,0.046,0,Low Risk
15734044,Black,France,Female,31,671,41299.03,1,1,0,0.1181,0,Low Risk
15705001,Napolitani,Spain,Female,35,587,83286.56,1,0,0,0.2176,0,Moderate Risk
15809817,Ch'en,Spain,Male,43,593,0.0,2,0,0,0.0566,0,Low Risk
15809137,Sagese,France,Male,29,453,0.0,1,0,1,0.3923,1,Moderate Risk
15751593,Fraser,Germany,Male,35,570,85668.59,1,0,0,0.2729,1,Moderate Risk
15626491,Hughes,France,Female,45,655,57327.04,1,1,0,0.413,1,High Risk
15765461,Giles,Spain,Male,47,632,0.0,2,0,0,0.1579,0,Low Risk
15568120,Lacross,France,Female,37,681,69609.85,1,1,0,0.1305,0,Low Risk
15787161,Pisani,Germany,Male,46,591,129269.27,1,0,0,0.9585,1,Critical Risk
15812324,King,France,Male,27,779,0.0,2,1,0,0.0,0,Low Risk
15588944,Maughan,France,Female,63,456,165350.61,2,0,1,0.9184,1,Critical Risk
15694253,Palerma,France,Female,41,686,152105.57,2,1,0,0.1374,0,Low Risk
15759566,Tochukwu,France,Male,74,617,0.0,2,1,0,0.0124,0,Low Risk
15675675,Slate,France,Female,32,850,106290.64,1,0,0,0.0701,0,Low Risk
15802060,Ch'ang,Germany,Female,30,646,100548.67,2,0,0,0.0661,0,Low Risk
15660505,Romani,Germany,Male,46,735,106344.95,1,0,1,0.9397,1,Critical Risk
15782630,Genovese,France,Male,35,543,137482.19,1,0,0,0.13,0,Low Risk
15700710,Chiebuka,France,Female,37,490,116465.53,1,1,0,0.0953,0,Low Risk
15742834,Liao,France,Male,45,640,0.0,1,1,0,0.3344,1,Moderate Risk
15806511,Berry,Spain,Male,45,445,0.0,2,1,0,0.0419,0,Low Risk
15608166,Fallaci,France,Male,36,761,127637.92,1,1,0,0.0538,0,Low Risk
15614230,T'an,France,Female,34,426,0.0,2,1,0,0.0159,0,Low Risk
15729958,Wilkinson,France,Male,37,777,0.0,1,1,0,0.1034,0,Low Risk
15800814,Palerma,France,Male,35,534,81951.74,2,0,0,0.0359,0,Low Risk
15674727,Lazarev,France,Female,42,777,147531.82,1,1,0,0.2594,0,Moderate Risk
15657779,Boylan,Spain,Male,18,806,0.0,2,1,0,0.0,0,Low Risk
15801395,Warren,France,Female,33,790,135120.72,1,0,0,0.065,0,Low Risk
15757911,Trevisani,Spain,Female,32,643,0.0,1,0,0,0.3387,1,Moderate Risk
15665340,Trevisano,Spain,Female,37,584,0.0,2,1,0,0.0219,0,Low Risk
15787151,Liao,France,Female,34,638,0.0,2,1,0,0.0124,0,Low Risk
15757821,Burgess,Spain,Male,18,771,0.0,2,0,0,0.0101,0,Low Risk
15600688,Liston,France,Female,39,600,0.0,2,0,0,0.055,0,Low Risk
15594878,Thompson,Spain,Female,41,661,28082.95,1,0,1,0.6587,1,Critical Risk
15569248,Milanesi,France,Female,43,554,0.0,2,0,1,0.1955,0,Low Risk
15812706,Mazure,Spain,Male,49,627,111087.5,1,1,0,0.4101,1,High Risk
15645045,Rudduck,France,Female,38,659,0.0,2,1,0,0.0532,0,Low Risk
15766746,Darwin,France,Male,35,835,127120.07,1,0,0,0.1608,0,Low Risk
15700383,Uvarova,France,Female,35,763,115651.6,2,1,0,0.0536,0,Low Risk
15632551,Buccho,Germany,Male,31,625,77743.01,2,0,0,0.0282,0,Low Risk
15795129,Gallo,France,Female,30,799,0.0,2,0,0,0.0221,0,Low Risk
15650545,Tomlinson,France,Male,69,849,71996.09,1,1,0,0.0536,0,Low Risk
15612769,Carr,France,Male,28,692,61581.97,1,1,0,0.0532,0,Low Risk
15710853,Ts'ui,France,Female,24,623,0.0,2,0,0,0.0282,0,Low Risk
15623712,Coates,Spain,Female,42,453,0.0,3,0,1,0.856,1,Critical Risk
15653251,Hickey,France,Female,84,408,87873.39,1,0,1,0.8853,1,Critical Risk
15755077,Norton,Germany,Female,37,778,105617.73,2,1,1,0.1263,0,Low Risk
15808557,Mancini,France,Female,42,695,0.0,1,1,1,0.5215,1,High Risk
15614687,Tien,Germany,Female,44,677,148770.61,2,1,0,0.1115,0,Low Risk
15626882,Stobie,Spain,Male,37,662,94901.09,1,1,0,0.0536,0,Low Risk
15748034,Drakeford,France,Male,29,534,174851.9,1,1,0,0.0365,0,Low Risk
15632324,Pisani,France,Male,59,602,0.0,2,1,0,0.0724,0,Low Risk
15761023,Murphy,Germany,Female,43,554,120847.11,1,0,1,0.8767,1,Critical Risk
15761453,Kovalev,France,Male,42,667,0.0,1,0,0,0.5655,1,High Risk
15646726,Crawford,France,Male,43,672,0.0,1,0,0,0.5141,1,High Risk
15637169,Maclean,Spain,Female,67,838,103267.8,1,1,0,0.0701,0,Low Risk
15636024,Blackburn,Spain,Female,34,692,109699.08,1,1,0,0.0855,0,Low Risk
15801218,Bermudez,France,Male,49,675,135133.39,1,1,1,0.4284,1,High Risk
15642655,Savage,Spain,Male,33,731,0.0,1,0,0,0.2454,0,Moderate Risk
15690130,Wyatt,France,Female,32,468,137649.47,1,0,0,0.0994,0,Low Risk
15653753,Chiemenam,Spain,Male,43,542,113567.94,1,0,0,0.3553,1,Moderate Risk
15641359,Shao,Spain,Female,35,662,0.0,2,0,1,0.0219,0,Low Risk
15776827,Langdon,Germany,Male,37,770,141547.26,2,1,0,0.0531,0,Low Risk
15647725,Napolitano,France,Female,61,675,62055.17,3,0,1,1.0,1,Critical Risk
15648455,Kung,Germany,Male,51,647,131156.76,1,0,0,0.9902,1,Critical Risk
15580629,Blackwood,France,Male,31,604,134837.58,1,0,0,0.1034,0,Low Risk
15730161,Marcelo,France,Female,39,833,0.0,2,0,0,0.0216,0,Low Risk
15626612,Yin,Spain,Male,40,741,104784.23,1,0,1,0.3203,1,Moderate Risk
15662865,Storey,Spain,Male,36,658,0.0,2,1,0,0.0101,0,Low Risk
15629094,Fomin,France,Female,36,528,156948.41,1,1,1,0.1471,0,Low Risk
15651823,Nkemjika,France,Female,60,590,147751.75,1,0,1,0.9544,1,Critical Risk
15594827,Glasgow,France,Male,34,675,124619.33,2,1,0,0.0159,0,Low Risk
15786392,Chen,France,Male,41,765,124182.21,1,0,0,0.1814,0,Low Risk
15727353,Ch'ang,France,Female,64,650,142028.36,1,0,1,0.9444,1,Critical Risk
15733777,Evans,France,Male,44,817,0.0,1,0,1,0.5112,1,High Risk
15614302,Crotty,Germany,Female,31,699,125837.86,2,0,0,0.0823,0,Low Risk
15723263,Cocci,Germany,Female,34,495,117160.32,1,1,1,0.3599,1,Moderate Risk
15687270,Iroawuchi,Spain,Female,61,491,0.0,2,1,0,0.1165,0,Low Risk
15803121,Chia,France,Male,51,847,97565.74,1,0,1,0.8304,1,Critical Risk
15598700,Hysell,Spain,Female,30,676,0.0,2,1,0,0.0251,0,Low Risk
15741875,Williamson,Spain,Female,25,746,104833.79,1,0,0,0.1205,0,Low Risk
15631709,Ginikanwa,Spain,Female,31,470,101675.22,2,0,0,0.0469,0,Low Risk
15672970,Chigolum,Spain,Male,20,714,0.0,2,1,0,0.0062,0,Low Risk
15761670,Morley,France,Female,50,695,0.0,1,0,1,0.9736,1,Critical Risk
15706005,Roberts,France,Male,46,674,174701.05,1,0,1,0.686,1,Critical Risk
15790336,Tokareva,Germany,Male,36,664,71142.77,2,0,0,0.0538,0,Low Risk
15754267,Fleming,Germany,Male,31,697,108805.42,2,1,0,0.0352,0,Low Risk
15791988,Chinomso,France,Male,68,670,0.0,2,1,0,0.0101,0,Low Risk
15683375,Compton,France,Female,32,541,0.0,1,1,0,0.1496,0,Low Risk
15625151,Wan,France,Female,66,640,116037.76,1,1,0,0.2915,1,Moderate Risk
15635285,Taylor,France,Male,28,647,0.0,2,1,0,0.0062,0,Low Risk
15574296,Kambinachi,France,Male,23,757,80673.96,2,0,0,0.0254,0,Low Risk
15711618,Chang,Germany,Female,39,704,124640.51,1,0,1,0.8077,1,Critical Risk
15670943,See,Germany,Male,31,778,182275.23,2,0,0,0.0561,0,Low Risk
15634359,Dyer,Germany,Female,41,639,98635.77,1,0,0,0.5709,1,High Risk
15586629,Campbell,France,Male,33,637,0.0,2,0,0,0.0159,0,Low Risk
15588461,Cremonesi,France,Male,35,686,0.0,1,0,0,0.1981,0,Low Risk
15773221,Harris,Spain,Male,43,577,79757.21,1,0,1,0.405,1,High Risk
15664227,Threatt,Germany,Male,28,506,53053.76,1,1,0,0.0585,0,Low Risk
15741745,Lane,France,Male,28,757,120911.75,2,1,0,0.0124,0,Low Risk
15652626,Grave,France,Male,55,826,115285.85,1,0,0,0.8976,1,Critical Risk
15599410,Stanley,France,Male,41,721,0.0,2,0,0,0.0352,0,Low Risk
15571958,McIntosh,Spain,Male,40,489,221532.8,1,0,0,0.5867,1,High Risk
15785406,Watts,France,Female,51,446,105056.13,1,0,0,0.8958,1,Critical Risk
15687884,Alekseyeva,France,Male,37,677,88363.03,1,1,0,0.0592,0,Low Risk
15621685,Davies,France,Male,29,769,123757.52,2,0,0,0.0282,0,Low Risk
15628886,Matlock,Spain,Male,56,677,123959.97,1,1,1,0.2817,1,Moderate Risk
15699325,Fedorova,Germany,Female,62,555,114822.64,1,1,0,0.6201,1,High Risk
15578369,Chiedozie,Germany,Female,37,652,145219.3,1,0,0,0.6688,1,Critical Risk
15654156,Marcelo,Germany,Female,32,722,106807.64,1,1,0,0.2961,1,Moderate Risk
15707199,Cooper,France,Male,36,643,148159.71,1,0,0,0.0667,0,Low Risk
15671630,McMillan,Germany,Female,40,796,99745.95,1,0,0,0.6429,1,High Risk
15632079,Hardy,Germany,Female,37,720,156282.79,1,0,0,0.5104,1,High Risk
15767921,Madukwe,France,Male,41,613,0.0,2,0,0,0.0352,0,Low Risk
15573599,Adamson,France,Female,57,506,0.0,2,1,1,0.2503,0,Moderate Risk
15747208,Watt,France,Male,50,608,0.0,1,0,1,0.9503,1,Critical Risk
15582762,Mazzanti,Spain,Male,77,667,0.0,1,1,0,0.0269,0,Low Risk
15772528,Mishin,France,Female,47,750,121376.15,2,0,1,0.6225,1,High Risk
15755798,Feng,France,Male,33,610,111582.11,1,0,0,0.0711,0,Low Risk
15788683,Kang,Germany,Female,34,588,129417.82,1,0,0,0.456,1,High Risk
15616922,Kelly,France,Female,26,479,0.0,2,1,0,0.0062,0,Low Risk
15771855,Yu,France,Male,37,682,0.0,2,1,0,0.0124,0,Low Risk
15601873,Bull,France,Female,36,677,0.0,1,0,0,0.4391,1,High Risk
15657868,Serra,Germany,Male,40,850,94607.08,1,0,0,0.3876,1,Moderate Risk
15711716,Ferguson,France,Female,56,580,131368.3,1,0,1,0.9736,1,Critical Risk
15734246,She,France,Female,21,746,166883.07,2,1,0,0.0179,0,Low Risk
15792151,Hamilton,Spain,Female,37,635,0.0,2,0,0,0.0482,0,Low Risk
15770159,Nnanna,Germany,Male,25,664,172812.72,2,1,0,0.0062,0,Low Risk
15747649,Summerville,Germany,Female,36,558,126606.63,2,1,0,0.0994,0,Low Risk
15639357,Allan,France,Male,46,415,134950.19,3,0,1,0.9968,1,Critical Risk
15738907,Tobenna,France,Female,60,798,96956.1,1,0,1,0.9544,1,Critical Risk
15663446,Volkova,Germany,Female,29,792,107601.79,1,0,1,0.5152,1,High Risk
15750867,Nucci,Germany,Female,46,489,92060.06,1,0,1,0.9528,1,Critical Risk
15715939,Wright,France,Male,33,730,0.0,2,0,0,0.0063,0,Low Risk
15763806,Astorga,France,Male,41,773,0.0,2,1,0,0.0159,0,Low Risk
15637993,Pokrovsky,France,Male,36,711,137688.71,1,1,0,0.0566,0,Low Risk
15720338,Mazzanti,Spain,Male,55,592,85845.43,2,1,0,0.1661,0,Low Risk
15627162,Blesing,Germany,Male,27,695,125552.96,1,0,0,0.3814,1,Moderate Risk
15596710,Ku,France,Female,33,640,167298.42,1,1,0,0.0609,0,Low Risk
15781678,Pisani,Spain,Male,31,470,55732.92,2,1,0,0.0101,0,Low Risk
15634968,Hsueh,Germany,Female,37,789,110689.07,1,1,1,0.5141,1,High Risk
15609475,Ricci,Spain,Female,39,604,98544.11,1,1,0,0.0661,0,Low Risk
15573319,Azubuike,Germany,Female,35,493,178317.6,1,0,0,0.2284,0,Moderate Risk
15738291,Nevzorova,France,Female,48,671,115713.84,2,0,0,0.6466,1,High Risk
15782456,Odili,France,Male,46,656,143267.14,2,0,0,0.1711,0,Low Risk
15794841,Kung,Spain,Male,19,739,89750.21,1,0,0,0.0609,0,Low Risk
15684696,Lei,Spain,Female,26,560,116576.45,1,0,0,0.205,0,Moderate Risk
15629846,Sheehan,Germany,Female,47,827,143001.5,2,0,0,0.6216,1,High Risk
15674442,Kung,France,Male,23,681,157761.56,1,0,0,0.0592,0,Low Risk
15571689,Kelechi,France,Female,37,740,0.0,2,1,0,0.0343,0,Low Risk
15730469,Anenechi,Spain,Male,31,663,103430.11,2,1,0,0.0159,0,Low Risk
15809320,McElhone,Spain,Female,52,845,0.0,1,0,1,0.9798,1,Critical Risk
15684367,Chigbogu,Spain,Male,27,555,0.0,2,0,0,0.0124,0,Low Risk
15793049,Atkins,Germany,Female,48,680,115115.38,1,0,1,0.9736,1,Critical Risk
15603665,Colombo,Germany,Female,39,638,122501.28,2,1,0,0.1998,0,Low Risk
15613623,Tilley,Spain,Male,62,640,0.0,1,1,0,0.3309,1,Moderate Risk
15569572,Sopuluchi,France,Male,42,778,0.0,2,1,0,0.0136,0,Low Risk
15698791,Udinesi,France,Male,45,679,146758.24,1,0,0,0.6216,1,High Risk
15626233,Onyekachi,France,Female,32,593,0.0,2,1,0,0.0254,0,Low Risk
15607263,McCartney,France,Male,55,788,0.0,1,1,1,0.7258,1,Critical Risk
15610900,Thompson,France,Female,70,770,110738.89,1,0,1,0.8729,1,Critical Risk
15624775,Onyeoruru,France,Male,67,729,94203.8,1,1,0,0.1128,0,Low Risk
15691703,Shih,France,Male,47,545,105792.49,1,1,1,0.3279,1,Moderate Risk
15745355,Golibe,France,Male,41,597,153198.23,1,1,0,0.0684,0,Low Risk
15724955,Lucchesi,France,Male,38,537,0.0,2,0,0,0.0254,0,Low Risk
15628999,Townsend,France,Male,79,732,61811.23,1,1,0,0.0,0,Low Risk
15654341,Chao,France,Male,34,542,101116.06,1,0,0,0.0959,0,Low Risk
15744240,Shen,Germany,Female,46,688,74458.25,1,1,0,0.686,1,Critical Risk
15632365,Booth,Germany,Male,33,542,142871.27,2,0,0,0.1121,0,Low Risk
15729689,Chan,Germany,Male,35,754,98585.94,2,1,0,0.0482,0,Low Risk
15759284,Yeh,France,Female,37,750,0.0,1,1,1,0.2869,1,Moderate Risk
15602124,Badgery,France,Male,30,731,0.0,2,1,0,0.0,0,Low Risk
15661903,Hsia,France,Female,43,699,80764.03,1,0,1,0.4173,1,High Risk
15664668,Zarate,France,Female,42,534,144801.97,1,1,1,0.2709,0,Moderate Risk
15736431,Congreve,Spain,Male,27,494,0.0,2,0,0,0.0124,0,Low Risk
15748639,Hayslett,Germany,Male,35,497,110053.62,2,1,0,0.0419,0,Low Risk
15628123,Robinson,France,Female,28,632,118890.81,1,1,0,0.1471,0,Low Risk
15602731,Wong,France,Male,31,724,0.0,1,0,1,0.2671,0,Moderate Risk
15794137,Nevzorova,Germany,Female,37,751,151218.98,1,1,0,0.1597,0,Low Risk
15748696,Page,France,Male,42,733,150507.21,1,1,0,0.1419,0,Low Risk
15725068,Quinn,Spain,Female,21,701,0.0,2,1,0,0.0062,0,Low Risk
15807340,O'Donnell,Germany,Male,33,525,131023.76,2,0,0,0.0649,0,Low Risk
15586133,Pisano,Germany,Female,44,666,122314.5,1,0,1,0.7778,1,Critical Risk
15576185,Sinclair,France,Male,29,653,0.0,2,1,0,0.0062,0,Low Risk
15660809,Loving,France,Male,28,850,0.0,2,1,0,0.0,0,Low Risk
15616666,Artemova,Germany,Female,52,646,111739.4,2,1,0,0.5931,1,High Risk
15706904,Robertson,France,Male,43,750,113882.31,1,1,0,0.1162,0,Low Risk
15606915,Genovese,France,Male,24,764,98148.61,1,0,0,0.0419,0,Low Risk
15749693,Ugonnatubelum,France,Female,32,658,0.0,2,0,0,0.0397,0,Low Risk
15791743,Corbett,France,Male,32,727,59271.82,1,1,0,0.0159,0,Low Risk
15796480,Reilly,France,Female,31,687,0.0,2,1,0,0.0274,0,Low Risk
15790442,Wright,Spain,Male,33,631,0.0,2,1,0,0.0062,0,Low Risk
15609458,Vincent,France,Male,30,797,69413.44,1,1,0,0.0124,0,Low Risk
15593897,Carr,Spain,Male,25,650,160599.06,2,1,0,0.0101,0,Low Risk
15604576,Eiland,Spain,Male,22,850,0.0,1,1,0,0.0426,0,Low Risk
15666270,Omeokachie,France,Female,40,676,147803.48,1,0,1,0.3838,1,Moderate Risk
15572626,Mackenzie,Spain,Male,44,620,0.0,2,1,0,0.0136,0,Low Risk
15727197,Pinto,France,Female,52,576,170228.59,2,0,1,0.936,1,Critical Risk
15714006,Gardener,France,Female,35,482,133111.73,1,1,0,0.0609,0,Low Risk
15642137,Fang,Spain,Female,39,695,0.0,2,0,0,0.0482,0,Low Risk
15665327,Cattaneo,France,Male,18,706,176139.5,2,0,0,0.0609,0,Low Risk
15626806,Labrador,France,Female,32,668,0.0,2,1,0,0.0251,0,Low Risk
15662578,Dettmann,Germany,Male,35,679,110245.13,1,1,0,0.2483,0,Moderate Risk
15790829,Gibson,France,Female,45,703,0.0,2,0,0,0.2254,0,Moderate Risk
15654959,Hope,Spain,Male,67,670,158719.57,1,1,0,0.0632,0,Low Risk
15760244,Ives,France,Female,76,590,160979.68,1,1,0,0.0542,0,Low Risk
15715394,Greece,Spain,Male,35,613,123557.65,2,1,0,0.0359,0,Low Risk
15722246,Omeokachie,France,Female,60,742,0.0,1,1,1,0.7791,1,Critical Risk
15609704,Mao,France,Female,33,608,0.0,1,0,1,0.3983,1,Moderate Risk
15757628,Savage,France,Male,40,571,112896.86,1,1,0,0.0652,0,Low Risk
15633586,Brierly,France,Female,39,595,120962.13,1,0,0,0.2857,1,Moderate Risk
15565796,Docherty,Germany,Male,48,745,96048.55,1,0,0,0.7296,1,Critical Risk
15717935,McDonald,France,Female,21,589,0.0,2,1,0,0.0124,0,Low Risk
15577700,Rapuokwu,France,Male,37,749,185063.7,2,1,0,0.055,0,Low Risk
15747345,Bergamaschi,France,Female,22,678,118064.93,2,1,0,0.0322,0,Low Risk
15678317,Manfrin,France,Male,46,603,0.0,2,1,0,0.0343,0,Low Risk
15698335,Bergamaschi,France,Female,73,504,0.0,1,1,0,0.0538,0,Low Risk
15768451,MacDonald,Germany,Male,40,739,149131.03,3,1,1,0.9666,1,Critical Risk
15753213,Lees,France,Female,34,604,0.0,2,0,0,0.0298,0,Low Risk
15769645,Senior,France,Female,35,612,0.0,1,1,0,0.2516,0,Moderate Risk
15657565,Nwokezuike,Spain,Female,44,629,125512.98,2,0,0,0.207,0,Moderate Risk
15620323,Ekwueme,Spain,Female,42,652,83492.07,2,0,0,0.1597,0,Low Risk
15679983,Garmon,France,Male,34,565,0.0,1,0,0,0.1816,0,Low Risk
15812616,Enyinnaya,France,Female,49,707,0.0,1,0,1,0.9666,1,Critical Risk
15601796,Chizuoke,France,Male,30,645,125739.26,1,1,0,0.0159,0,Low Risk
15729489,Hyde,Germany,Female,34,762,98592.88,1,1,1,0.3764,1,Moderate Risk
15613216,Cameron,Spain,Female,39,639,141789.15,1,0,0,0.3704,1,Moderate Risk
15657937,Lord,Germany,Male,22,709,112949.71,1,0,0,0.3174,1,Moderate Risk
15815428,Biryukova,France,Male,34,823,105057.33,1,0,0,0.0592,0,Low Risk
15640409,Carpenter,Germany,Female,46,817,89087.89,1,1,1,0.6275,1,High Risk
15699492,Lorenzo,Germany,Female,27,665,147435.96,1,0,0,0.2002,0,Moderate Risk
15623536,Madukwe,Germany,Male,39,646,154439.86,1,0,0,0.5041,1,High Risk
15707551,Hutcheon,France,Male,30,568,73054.37,2,1,0,0.0124,0,Low Risk
15577999,Sleeman,France,Female,62,850,124678.35,1,0,1,0.9409,1,Critical Risk
15788775,Milne,Germany,Male,40,473,152576.25,2,0,0,0.0792,0,Low Risk
15758362,Williamson,France,Female,41,731,152243.57,1,1,0,0.17,0,Low Risk
15807961,Bruno,France,Male,25,619,0.0,1,0,0,0.2075,0,Moderate Risk
15710978,Palerma,Germany,Male,42,715,88120.97,2,1,0,0.0644,0,Low Risk
15703541,Wang,Germany,Female,51,772,143930.92,1,1,1,0.9236,1,Critical Risk
15626474,Onyemere,France,Female,31,686,0.0,2,0,0,0.0124,0,Low Risk
15608344,Dawson,Germany,Female,29,749,137059.05,3,0,1,0.9463,1,Critical Risk
15768367,Nebechukwu,France,Female,27,781,186558.55,1,1,1,0.1845,0,Low Risk
15806210,Bateman,Spain,Male,66,675,115654.47,2,1,0,0.0609,0,Low Risk
15697702,Lord,Spain,Male,29,730,0.0,2,0,0,0.0124,0,Low Risk
15689152,Loggia,Spain,Male,38,683,126152.84,1,0,0,0.1634,0,Low Risk
15568573,Graham,Germany,Female,51,554,105701.91,1,1,1,0.9396,1,Critical Risk
15689598,Dean,France,Male,46,722,0.0,1,1,1,0.3536,1,Moderate Risk
15713374,Jarvis,Germany,Male,67,689,157094.78,1,1,0,0.1368,0,Low Risk
15679733,Haugh,Germany,Male,40,796,113228.38,2,1,0,0.0588,0,Low Risk
15759274,Micklem,France,Female,32,447,0.0,1,1,0,0.1022,0,Low Risk
15607748,Bennett,Germany,Male,37,498,108432.88,2,1,0,0.0609,0,Low Risk
15607577,Roberts,Spain,Male,27,663,0.0,1,1,0,0.0354,0,Low Risk
15813697,Onyekaozulu,Germany,Female,44,498,120702.67,2,1,0,0.1584,0,Low Risk
15801125,Kegley,France,Female,32,627,0.0,1,0,0,0.2811,1,Moderate Risk
15777855,Manna,France,Male,45,649,0.0,2,1,0,0.0426,0,Low Risk
15635396,Thompson,Germany,Female,29,738,139106.19,1,0,1,0.6328,1,High Risk
15698031,Romano,Germany,Female,39,587,101851.8,2,0,0,0.2592,0,Moderate Risk
15678944,Brown,Germany,Female,32,655,130935.56,1,0,1,0.6373,1,High Risk
15718507,Su,Germany,Male,37,647,116509.99,1,1,1,0.3383,1,Moderate Risk
15808334,Mackay,Germany,Female,37,776,93124.04,2,1,0,0.0343,0,Low Risk
15804709,Watt,Germany,Male,35,688,111578.18,1,0,1,0.6124,1,High Risk
15645835,Milani,France,Male,32,605,0.0,2,1,0,0.0062,0,Low Risk
15738166,Hsu,France,Female,39,596,86546.29,1,1,0,0.1934,0,Low Risk
15675360,Valenzuela,France,Male,33,427,0.0,1,1,0,0.0592,0,Low Risk
15793042,Sung,France,Male,39,629,129669.32,2,0,0,0.0609,0,Low Risk
15630106,Lo,Spain,Male,29,496,0.0,2,0,0,0.0124,0,Low Risk
15810385,Giordano,Spain,Female,36,717,164557.95,1,1,0,0.0821,0,Low Risk
15578211,Connolly,France,Male,23,777,0.0,2,1,0,0.0062,0,Low Risk
15572792,Bellucci,Spain,Male,35,535,118989.92,1,1,0,0.0469,0,Low Risk
15620030,Jamieson,France,Male,29,744,0.0,1,0,0,0.0609,0,Low Risk
15783541,Fomina,France,Male,31,755,0.0,2,1,0,0.0062,0,Low Risk
15679284,Aksenov,Spain,Female,45,593,79259.75,1,0,0,0.6578,1,Critical Risk
15582910,Turnbull,France,Male,38,514,112230.38,1,0,1,0.1572,0,Low Risk
15688337,Dixon,France,Male,40,721,118129.87,1,1,0,0.0815,0,Low Risk
15734970,White,Spain,Male,38,835,86824.09,1,0,0,0.188,0,Low Risk
15759140,Long,France,Female,64,682,128306.7,1,1,0,0.2442,0,Moderate Risk
15643042,Han,Germany,Female,40,590,117641.43,2,0,0,0.2558,0,Moderate Risk
15773868,Belov,Germany,Female,37,653,125734.2,2,0,1,0.2869,1,Moderate Risk
15615820,MacDonald,France,Male,49,837,103302.37,1,1,0,0.1757,0,Low Risk
15730273,Parsons,France,Male,27,841,0.0,1,0,0,0.0959,0,Low Risk
15724890,Cross,Spain,Male,36,584,82696.09,2,0,0,0.0532,0,Low Risk
15765952,Milanesi,France,Male,29,769,145471.37,1,0,0,0.0989,0,Low Risk
15685920,Lombardo,Spain,Male,34,599,101506.66,1,0,0,0.0739,0,Low Risk
15663263,Collins,France,Male,47,698,156265.31,2,0,0,0.0815,0,Low Risk
15568953,Alexeieva,France,Male,27,477,128554.98,1,1,0,0.0221,0,Low Risk
15643361,Cullen,Germany,Male,34,477,139959.55,2,1,0,0.0179,0,Low Risk
15699486,Johnson,Spain,Male,34,745,132944.53,1,1,0,0.0426,0,Low Risk
15747854,Rudd,France,Female,35,749,0.0,3,1,0,0.7623,1,Critical Risk
15691785,Findlay,France,Male,61,850,0.0,1,0,1,0.9677,1,Critical Risk
15709004,Mai,Germany,Male,22,528,93547.23,2,1,0,0.0124,0,Low Risk
15652218,Morrison,France,Male,33,750,152302.72,1,0,0,0.0724,0,Low Risk
15697127,Monaldo,France,Female,31,543,147674.26,1,1,0,0.0667,0,Low Risk
15658486,Gidney,Spain,Female,59,579,148021.12,1,1,0,0.3047,1,Moderate Risk
15694160,Sagese,France,Male,37,624,0.0,2,0,0,0.0124,0,Low Risk
15685290,Wall,Germany,Male,46,595,142360.62,2,0,1,0.4801,1,High Risk
15701042,Dalton,Germany,Female,27,596,151027.56,1,0,0,0.2076,0,Moderate Risk
15680449,Hsing,Germany,Female,44,431,138843.7,1,0,1,0.7828,1,Critical Risk
15599860,Warner,Spain,Female,26,647,109958.15,1,1,1,0.0815,0,Low Risk
15723169,Williams,France,Female,31,640,138857.59,1,0,0,0.1516,0,Low Risk
15803842,Dunn,Germany,Female,45,752,105426.5,2,1,0,0.3526,1,Moderate Risk
15728224,Kerr,Germany,Female,41,710,149155.53,2,0,1,0.3486,1,Moderate Risk
15644174,Marchesi,Germany,Male,27,638,135096.05,1,1,1,0.154,0,Low Risk
15707110,Endrizzi,Germany,Male,28,660,170890.05,2,0,0,0.0289,0,Low Risk
15765415,King,Spain,Female,45,609,89122.3,1,1,0,0.2449,0,Moderate Risk
15756751,Griffiths,Spain,Female,54,596,78126.28,1,1,1,0.5298,1,High Risk
15795151,Hartzler,France,Female,38,705,123894.43,1,0,0,0.3055,1,Moderate Risk
15632859,Chukwudi,France,Male,36,444,0.0,2,1,0,0.0159,0,Low Risk
15584037,Denisov,Germany,Male,58,727,106913.43,1,0,1,0.9946,1,Critical Risk
15621409,Endrizzi,France,Male,32,496,127845.83,1,0,0,0.0701,0,Low Risk
15581102,Baresi,France,Female,22,554,0.0,2,1,0,0.0159,0,Low Risk
15578096,Nnachetam,France,Male,26,537,106397.75,1,0,0,0.0569,0,Low Risk
15669887,Lambert,France,Female,51,839,0.0,1,1,1,0.6836,1,Critical Risk
15621834,Game,Spain,Female,43,700,0.0,2,0,0,0.1139,0,Low Risk
15655341,Chinagorom,Spain,Female,35,458,166492.48,1,0,0,0.1597,0,Low Risk
15685314,Noble,France,Female,28,850,0.0,2,1,0,0.0,0,Low Risk
15653997,Haynes,Spain,Male,31,699,114493.68,1,0,0,0.172,0,Low Risk
15629551,Cattaneo,Germany,Female,44,615,126104.98,2,1,0,0.2482,0,Moderate Risk
15651264,Yobanna,Germany,Male,51,850,124425.99,1,0,1,0.9677,1,Critical Risk
15760825,Fraser,France,Female,40,604,0.0,2,0,0,0.0883,0,Low Risk
15597394,Rhodes,Spain,Male,34,668,0.0,1,0,0,0.1796,0,Low Risk
15740383,Jimenez,Spain,Female,38,594,0.0,2,0,0,0.0593,0,Low Risk
15670562,Pharr,France,Male,30,470,101140.76,1,1,0,0.0281,0,Low Risk
15698117,Jerger,Germany,Male,41,701,150844.94,1,1,0,0.1966,0,Low Risk
15694805,McIntyre,Spain,Male,35,664,115024.5,1,1,0,0.0609,0,Low Risk
15746802,Onio,France,Female,30,477,131286.46,1,0,0,0.0781,0,Low Risk
15589428,Tomlinson,France,Female,42,756,0.0,2,0,0,0.0896,0,Low Risk
15790267,Onuoha,France,Female,40,625,141267.67,1,1,0,0.3056,1,Moderate Risk
15665402,Panicucci,Spain,Male,73,703,137761.55,1,1,0,0.0166,0,Low Risk
15642093,Piccio,France,Male,30,646,0.0,2,0,0,0.0124,0,Low Risk
15666181,Ramsden,France,Male,33,650,98064.97,1,0,0,0.0592,0,Low Risk
15602554,Vorobyova,France,Female,31,664,114519.57,2,1,0,0.0403,0,Low Risk
15724251,Todd,Germany,Female,29,682,101012.77,1,0,1,0.4391,1,High Risk
15740147,Cremonesi,France,Female,44,725,0.0,1,1,0,0.4166,1,High Risk
15718289,Bradley,Germany,Male,46,553,82291.1,1,0,1,0.8305,1,Critical Risk
15763148,Stanley,France,Male,39,576,84719.98,1,0,0,0.2572,0,Moderate Risk
15685245,Jowett,Spain,Female,56,608,0.0,2,1,0,0.1648,0,Low Risk
15626985,Yefremova,France,Female,39,850,104386.53,1,0,0,0.0999,0,Low Risk
15585823,Wilson,France,Male,31,627,128131.73,1,0,0,0.078,0,Low Risk
15728167,Abramovich,France,Male,44,667,122806.95,1,0,0,0.2371,0,Moderate Risk
15762928,Venables,Spain,Male,44,548,0.0,1,0,0,0.5963,1,High Risk
15751774,Monnier,France,Male,76,774,112510.89,1,1,0,0.026,0,Low Risk
15654733,Hsieh,Germany,Male,57,794,117056.46,1,0,1,0.9902,1,Critical Risk
15809777,Gadsden,Germany,Female,55,497,131778.66,1,1,0,0.7429,1,Critical Risk
15744200,Ni,France,Female,36,587,70784.27,1,0,0,0.1608,0,Low Risk
15720713,Chibueze,France,Female,29,850,0.0,2,1,0,0.0219,0,Low Risk
15695356,Chinwemma,France,Male,46,722,0.0,2,0,0,0.0728,0,Low Risk
15653315,Kang,Spain,Female,35,555,0.0,2,0,0,0.0455,0,Low Risk
15604792,Kuo,Germany,Male,38,609,140752.06,2,1,0,0.0609,0,Low Risk
15704819,Ositadimma,Spain,Female,39,734,92126.26,2,0,0,0.142,0,Low Risk
15670859,Smith,Germany,Female,39,718,93148.74,2,1,0,0.0667,0,Low Risk
15602797,Okwudilichukwu,Spain,Female,49,645,110132.55,3,1,1,0.9978,1,Critical Risk
15662533,Porter,Spain,Female,23,598,0.0,2,0,0,0.0254,0,Low Risk
15778154,Kung,Germany,Male,50,628,122227.71,1,1,1,0.9024,1,Critical Risk
15806230,Trevisano,Germany,Male,40,629,121647.54,2,1,1,0.0856,0,Low Risk
15662884,Naylor,Germany,Male,58,739,110597.76,1,1,1,0.8592,1,Critical Risk
15750778,Ponomarev,France,Female,60,653,120731.39,4,1,1,1.0,1,Critical Risk
15717185,Udinese,France,Male,28,711,0.0,2,1,0,0.0062,0,Low Risk
15677804,Aliyeva,Spain,Male,38,783,0.0,3,1,1,0.653,1,Critical Risk
15568915,Bailey,France,Male,38,681,153722.47,1,0,0,0.1737,0,Low Risk
15736495,Jackson,France,Male,34,712,114088.32,1,0,0,0.078,0,Low Risk
15737354,Yin,France,Female,48,554,0.0,2,1,0,0.0815,0,Low Risk
15667889,Akobundu,France,Female,37,611,0.0,2,0,0,0.0542,0,Low Risk
15577831,Byrne,Germany,Male,41,560,152532.3,1,0,0,0.4319,1,High Risk
15729836,Robinson,Spain,Male,32,646,0.0,2,0,0,0.0124,0,Low Risk
15775293,Stephenson,France,Male,34,680,143292.95,1,0,0,0.0901,0,Low Risk
15697597,Chiemenam,France,Male,26,631,149144.61,1,1,0,0.0187,0,Low Risk
15639669,Forbes,France,Male,36,746,127157.04,1,1,0,0.0593,0,Low Risk
15631392,Douglas,Germany,Male,43,654,84673.17,2,1,0,0.0593,0,Low Risk
15580935,Okechukwu,Germany,Male,33,687,135962.4,2,0,0,0.1162,0,Low Risk
15590344,Russell,Germany,Male,32,708,151691.44,2,1,0,0.0124,0,Low Risk
15653306,Ermakova,Germany,Female,32,679,88335.05,1,0,0,0.2087,0,Moderate Risk
15805025,Oster,France,Female,45,636,139859.23,1,1,0,0.3473,1,Moderate Risk
15658449,Chizoba,France,Male,45,695,43134.65,1,1,0,0.3038,1,Moderate Risk
15694450,Bianchi,France,Male,42,677,99580.13,1,0,0,0.2713,0,Moderate Risk
15605666,Peyser,France,Female,34,720,110717.38,1,1,0,0.1375,0,Low Risk
15615126,Cocci,France,Female,37,780,0.0,2,0,1,0.0476,0,Low Risk
15726588,Seleznev,Spain,Female,36,653,0.0,2,0,0,0.0455,0,Low Risk
15645095,Huang,France,Female,28,674,0.0,1,0,0,0.2491,0,Moderate Risk
15808960,Alleyne,Germany,Male,40,620,108197.11,2,0,0,0.231,0,Moderate Risk
15729435,McKenzie,France,Male,40,623,0.0,2,1,0,0.0159,0,Low Risk
15656840,Zikoranachukwudimma,France,Female,29,547,104450.86,1,1,0,0.0592,0,Low Risk
15659149,King,France,Male,39,530,0.0,2,0,0,0.0274,0,Low Risk
15585490,Nkemdilim,France,Female,34,746,0.0,1,1,0,0.2305,0,Moderate Risk
15674929,Anderson,France,Female,31,512,0.0,2,0,0,0.0124,0,Low Risk
15746341,Ejikemeifeuwa,France,Male,40,630,0.0,2,1,0,0.0159,0,Low Risk
15662091,Adams,Spain,Male,21,570,116099.82,1,1,0,0.0359,0,Low Risk
15620123,Christie,France,Male,39,605,111169.91,1,0,0,0.1458,0,Low Risk
15616240,Yeh,Spain,Male,37,530,0.0,2,1,0,0.0102,0,Low Risk
15624186,McGregor,Germany,Female,25,813,123616.43,1,1,0,0.2856,1,Moderate Risk
15605036,Pisano,Spain,Female,37,704,155619.58,1,1,0,0.074,0,Low Risk
15805151,Ginikanwa,Germany,Male,31,565,89558.39,2,1,0,0.0124,0,Low Risk
15753847,Hawkins,Spain,Male,45,645,0.0,1,1,1,0.5828,1,High Risk
15653222,Otutodilichukwu,Germany,Female,32,526,131938.92,2,1,0,0.0392,0,Low Risk
15757541,Rickard,France,Female,33,778,151772.63,2,0,1,0.1009,0,Low Risk
15726945,Andreev,France,Female,72,677,0.0,2,1,0,0.0167,0,Low Risk
15794276,Steele,France,Female,64,588,0.0,1,1,0,0.5545,1,High Risk
15568328,Black,France,Female,22,488,0.0,2,1,0,0.0062,0,Low Risk
15604355,Shand,France,Male,39,519,97700.02,1,1,0,0.0684,0,Low Risk
15735788,Chiagoziem,France,Male,31,709,0.0,2,1,0,0.0062,0,Low Risk
15618255,Fedorov,Germany,Female,56,642,103244.86,2,0,1,0.9433,1,Critical Risk
15720941,Tien,Germany,Male,34,710,147833.3,2,1,0,0.0124,0,Low Risk
15769110,Stehle,France,Female,46,653,0.0,2,0,0,0.2044,0,Moderate Risk
15576094,Sung,France,Male,71,743,0.0,2,1,0,0.013,0,Low Risk
15756150,Alexander,France,Female,39,418,0.0,2,0,0,0.034,0,Low Risk
15719579,McIntosh,Germany,Female,33,670,84521.48,2,1,0,0.0225,0,Low Risk
15748854,Sung,Germany,Female,28,723,91938.31,1,0,0,0.3536,1,Moderate Risk
15612455,Yao,Germany,Male,45,549,124240.93,1,1,0,0.6683,1,Critical Risk
15664802,Chinweuba,France,Female,42,543,0.0,2,0,0,0.0609,0,Low Risk
15735687,Chinweuba,Spain,Male,37,595,157084.99,1,0,0,0.1642,0,Low Risk
15664734,T'ao,Germany,Female,25,673,108244.82,2,1,0,0.0585,0,Low Risk
15767894,Ch'ien,France,Female,21,741,0.0,2,1,0,0.0262,0,Low Risk
15666884,Su,Germany,Female,41,508,82161.7,2,0,0,0.0567,0,Low Risk
15750156,Yu,Germany,Male,59,662,104568.41,1,0,1,0.9946,1,Critical Risk
15751120,Loyau,France,Female,36,752,119912.46,1,0,0,0.2516,0,Moderate Risk
15575748,Conti,France,Male,36,809,68881.59,2,1,0,0.0159,0,Low Risk
15714610,Alexeeva,Spain,Male,30,575,0.0,2,1,0,0.0062,0,Low Risk
15720305,Power,Spain,Female,40,591,86376.29,1,1,1,0.2145,0,Moderate Risk
15678129,Hill,Spain,Female,45,643,150840.03,2,0,0,0.4621,1,High Risk
15566633,Freeman,Germany,Male,55,698,155059.1,2,1,0,0.1585,0,Low Risk
15680436,Hsing,France,Female,29,496,0.0,2,0,0,0.0343,0,Low Risk
15674343,Esposito,France,Male,44,597,78128.13,2,1,0,0.0609,0,Low Risk
15658890,Belonwu,Germany,Male,46,603,98899.76,2,1,0,0.1584,0,Low Risk
15599004,Tsao,Spain,Male,37,655,0.0,1,1,0,0.1034,0,Low Risk
15726487,P'eng,France,Male,63,431,160982.89,1,1,0,0.1471,0,Low Risk
15698716,Baker,France,Female,70,620,87926.24,2,0,1,0.6841,1,Critical Risk
15710527,Matthews,France,Female,35,782,0.0,1,1,0,0.2427,0,Moderate Risk
15655590,Garcia,Spain,Male,46,581,79385.21,2,0,0,0.1699,0,Low Risk
15732266,Field,Germany,Male,53,553,127997.83,1,0,1,0.9902,1,Critical Risk
15669326,Gordon,France,Male,44,658,168396.34,1,1,0,0.1205,0,Low Risk
15672246,Jefferies,Germany,Male,43,686,134896.03,1,1,0,0.3669,1,Moderate Risk
15620276,Palermo,Spain,Male,36,539,0.0,3,1,0,0.6099,1,High Risk
15640258,Chou,France,Female,50,685,94238.75,2,1,1,0.3024,1,Moderate Risk
15740283,Ewing,France,Male,29,850,0.0,2,0,0,0.0,0,Low Risk
15759717,Mazzi,Spain,Female,39,763,0.0,2,0,0,0.0482,0,Low Risk
15620268,Thomson,Germany,Male,43,634,212696.32,1,0,0,0.7588,1,Critical Risk
15743871,Nkemdirim,France,Male,59,567,0.0,2,0,1,0.4704,1,High Risk
15614491,Lockyer,France,Male,39,539,139153.68,2,0,0,0.0967,0,Low Risk
15595047,Murray,France,Male,41,764,0.0,2,0,0,0.0359,0,Low Risk
15732334,Black,France,Female,40,653,0.0,2,0,0,0.0832,0,Low Risk
15701206,Torreggiani,Spain,Male,44,566,0.0,2,0,0,0.0419,0,Low Risk
15581280,Atkinson,Germany,Male,29,714,92887.13,1,1,0,0.0989,0,Low Risk
15651943,Richards,Spain,Female,65,580,0.0,2,1,0,0.0626,0,Low Risk
15609545,Azubuike,France,Male,29,548,83442.98,1,1,0,0.0649,0,Low Risk
15658548,Ignatiev,Germany,Female,36,646,144773.29,2,0,0,0.1685,0,Low Risk
15626008,Miller,Germany,Female,52,622,111973.97,1,1,1,0.9439,1,Critical Risk
15774133,Cox,France,Female,35,706,178032.53,1,1,0,0.1471,0,Low Risk
15763798,McMillan,France,Male,23,680,140007.19,1,1,0,0.0477,0,Low Risk
15758013,Napolitano,France,Male,37,698,98400.61,2,0,0,0.0305,0,Low Risk
15705765,Lane,Spain,Female,46,581,0.0,2,0,0,0.2473,0,Moderate Risk
15648362,Kennedy,Germany,Male,45,728,108924.33,2,0,1,0.5535,1,High Risk
15761102,T'ao,Spain,Female,32,707,132835.56,1,0,0,0.225,0,Moderate Risk
15610165,Hsiung,France,Female,26,761,0.0,2,1,0,0.0062,0,Low Risk
15723717,Heath,Germany,Male,41,483,118334.44,1,0,1,0.653,1,Critical Risk
15654611,Parry,Germany,Female,25,736,81732.88,2,0,0,0.0446,0,Low Risk
15659736,Herbert,Germany,Male,66,716,121411.9,1,0,1,0.9753,1,Critical Risk
15603170,Kang,France,Male,32,654,121455.65,1,0,1,0.0609,0,Low Risk
15786167,Andreyeva,Spain,Male,20,649,0.0,2,1,0,0.0,0,Low Risk
15671915,Bowen,France,Male,46,649,0.0,2,1,0,0.0336,0,Low Risk
15794792,Golubev,France,Female,31,612,117989.76,1,1,0,0.0832,0,Low Risk
15652789,Hancock,Spain,Male,40,657,0.0,2,1,0,0.0221,0,Low Risk
15739168,Fowler,France,Female,31,511,137411.29,1,1,0,0.1305,0,Low Risk
15719950,Sutherland,France,Male,61,682,73688.2,1,1,0,0.1528,0,Low Risk
15743818,Rowley,Spain,Male,58,748,122330.7,2,1,0,0.2317,0,Moderate Risk
15717937,Gibbons,Germany,Male,43,554,99906.89,1,0,0,0.6281,1,High Risk
15602841,Lockett,Spain,Female,28,794,0.0,2,1,0,0.0101,0,Low Risk
15619972,Akabueze,France,Female,47,807,167664.83,1,0,1,0.7892,1,Critical Risk
15796114,Phelps,France,Female,34,594,141525.55,1,0,0,0.0995,0,Low Risk
15633546,Frederick,Spain,Female,33,652,124832.51,1,0,0,0.1,0,Low Risk
15758755,Beneventi,France,Female,34,729,132121.71,1,1,0,0.0724,0,Low Risk
15695168,Bruce,France,Male,39,625,0.0,2,0,0,0.0282,0,Low Risk
15754342,Green,Germany,Female,60,597,78539.84,1,1,0,0.6796,1,Critical Risk
15756610,Carlson,Germany,Female,38,657,123770.46,1,0,1,0.7124,1,Critical Risk
15640917,Tang,France,Male,43,633,0.0,2,1,0,0.0167,0,Low Risk
15663164,Yudin,Germany,Male,49,663,116150.65,3,1,1,0.9848,1,Critical Risk
15616811,MacDonald,France,Male,47,535,160729.1,1,1,0,0.2386,0,Moderate Risk
15610781,Watt,France,Female,29,702,88378.6,1,0,0,0.0569,0,Low Risk
15600911,Mbadiwe,France,Male,33,712,182888.08,1,0,0,0.055,0,Low Risk
15629603,Chuang,France,Male,31,607,0.0,2,1,0,0.0062,0,Low Risk
15714981,Sabbatini,France,Male,37,476,0.0,1,1,1,0.1133,0,Low Risk
15775892,Caldwell,Spain,Female,23,748,85600.08,1,0,0,0.0822,0,Low Risk
15782778,Ewers,France,Male,35,815,0.0,2,1,0,0.0062,0,Low Risk
15786643,Tsao,France,Male,32,602,0.0,2,1,0,0.0136,0,Low Risk
15595657,Hannam,Germany,Male,40,649,95001.33,1,1,0,0.384,1,Moderate Risk
15743673,Wood,Spain,Male,27,551,113873.22,1,1,1,0.0426,0,Low Risk
15634310,Ko,France,Male,30,509,0.0,2,0,0,0.0124,0,Low Risk
15790809,Lo Duca,Spain,Male,40,685,74896.92,1,0,0,0.2382,0,Moderate Risk
15668695,Endrizzi,France,Female,22,536,89492.62,1,0,0,0.0609,0,Low Risk
15669281,Ch'iu,Spain,Male,38,711,128718.78,1,0,0,0.1659,0,Low Risk
15621031,Mofflin,Spain,Male,27,761,0.0,2,0,0,0.0062,0,Low Risk
15720071,Fiorentini,France,Female,49,535,0.0,1,0,1,0.9677,1,Critical Risk
15792180,Chiekwugo,Germany,Male,22,566,144954.75,2,0,0,0.0553,0,Low Risk
15813894,Bogle,Spain,Male,21,620,0.0,2,0,0,0.0062,0,Low Risk
15669490,Ifeanacho,Germany,Male,37,837,94001.61,2,0,0,0.0609,0,Low Risk
15783030,Owens,France,Female,40,685,0.0,1,0,1,0.6417,1,High Risk
15695792,Ch'ien,France,Male,65,673,0.0,1,1,0,0.2234,0,Moderate Risk
15575676,Chung,France,Male,24,638,0.0,2,1,0,0.0062,0,Low Risk
15627665,Sung,France,Male,46,614,0.0,1,0,1,0.8234,1,Critical Risk
15814092,Wang,France,Female,44,626,0.0,1,1,1,0.5963,1,High Risk
15695225,Sun,Spain,Male,38,834,0.0,2,1,0,0.0062,0,Low Risk
15615091,Maitland,France,Male,24,691,0.0,2,1,0,0.0062,0,Low Risk
15794345,Ma,Spain,Male,38,706,0.0,2,1,0,0.0101,0,Low Risk
15726484,Pollard,France,Male,37,633,141546.35,1,1,0,0.0609,0,Low Risk
15650442,Hsieh,Germany,Female,32,644,141528.88,1,1,1,0.3383,1,Moderate Risk
15714256,Gerasimov,France,Male,30,666,109805.3,1,1,0,0.0426,0,Low Risk
15778752,Johnson,France,Male,32,708,86614.06,2,1,0,0.0159,0,Low Risk
15601659,Fiorentino,Germany,Female,59,496,91680.1,2,0,1,0.8418,1,Critical Risk
15602811,Chioke,Germany,Male,38,730,38848.19,2,0,0,0.0356,0,Low Risk
15779414,Rossi,Spain,Male,40,696,153639.11,1,1,0,0.0661,0,Low Risk
15763097,Siciliano,Spain,Male,80,809,0.0,2,1,0,0.0062,0,Low Risk
15633666,Efremov,Spain,Female,33,701,123870.07,1,0,0,0.1584,0,Low Risk
15718789,Brigstocke,France,Male,30,604,0.0,2,0,0,0.0124,0,Low Risk
15690620,Olisaemeka,France,Male,39,665,46323.57,1,0,0,0.2211,0,Moderate Risk
15737071,Tang,France,Female,60,639,162039.78,1,1,1,0.5112,1,High Risk
15665062,Lucchese,France,Male,19,696,110928.51,1,1,0,0.0101,0,Low Risk
15600692,West,France,Male,38,520,0.0,2,0,0,0.0254,0,Low Risk
15792064,Pai,Germany,Male,53,545,114421.55,1,0,1,0.9946,1,Critical Risk
15811486,Tang,Germany,Female,29,634,130036.21,2,1,0,0.0569,0,Low Risk
15626141,Fedorov,France,Female,26,750,151510.17,2,1,0,0.0251,0,Low Risk
15738546,Gboliwe,Spain,Female,41,530,0.0,2,1,0,0.0538,0,Low Risk
15677052,Ko,France,Female,59,589,0.0,2,1,1,0.104,0,Low Risk
15656454,Le Gallienne,France,Male,37,654,83568.55,1,0,0,0.13,0,Low Risk
15645496,Seleznyova,France,Female,43,648,139972.18,1,0,0,0.5468,1,High Risk
15612505,Joseph,Spain,Male,45,835,100212.13,1,0,0,0.5517,1,High Risk
15708513,Bevan,France,Female,39,446,90217.07,1,0,0,0.4475,1,High Risk
15685654,Allan,Spain,Male,66,514,0.0,2,1,0,0.0101,0,Low Risk
15732307,Lavrentiev,Germany,Male,33,694,124067.32,1,1,0,0.1857,0,Low Risk
15726814,Walton,Spain,Male,46,554,0.0,2,1,0,0.0419,0,Low Risk
15653776,Salier,Germany,Female,57,720,162082.31,4,0,1,1.0,1,Critical Risk
15597914,Evdokimov,Germany,Female,51,641,117306.69,4,1,1,1.0,1,Critical Risk
15631603,Ponomaryova,France,Male,32,813,122889.88,1,1,0,0.0274,0,Low Risk
15789753,Millar,France,Male,40,480,148790.61,1,1,0,0.0896,0,Low Risk
15678034,Grosse,France,Male,46,811,180226.24,1,0,1,0.7791,1,Critical Risk
15690209,Hsiao,Germany,Female,32,715,104857.19,2,0,0,0.13,0,Low Risk
15592091,Belbin,Spain,Male,31,620,166833.86,2,1,0,0.0254,0,Low Risk
15647453,Ifeajuna,France,Male,42,721,102936.72,1,0,0,0.0628,0,Low Risk
15697100,Wright,Germany,Female,48,772,108736.52,1,0,1,0.9736,1,Critical Risk
15811290,Komarova,Germany,Male,44,680,129974.79,2,1,0,0.1988,0,Low Risk
15629187,Titheradge,France,Male,38,535,85982.07,1,0,0,0.0635,0,Low Risk
15758073,Dellucci,France,Female,20,655,134397.61,1,0,0,0.0661,0,Low Risk
15640769,Hobbs,France,Male,63,660,137841.53,1,1,0,0.1584,0,Low Risk
15606641,Beggs,Germany,Male,56,762,100260.88,3,1,1,0.9946,1,Critical Risk
15718280,Luffman,Germany,Male,39,662,139822.11,2,1,0,0.0661,0,Low Risk
15764335,Caldwell,Germany,Female,41,463,123151.51,2,0,0,0.3375,1,Moderate Risk
15634218,Mancini,Germany,Male,27,501,95331.83,2,0,0,0.0336,0,Low Risk
15808760,Evseev,Spain,Female,42,603,0.0,1,1,0,0.3259,1,Moderate Risk
15648461,Hs?eh,Spain,Male,37,688,138162.41,2,1,0,0.0352,0,Low Risk
15593555,Chinedum,France,Male,38,430,0.0,2,1,0,0.0097,0,Low Risk
15569079,Hagins,Germany,Male,48,632,126066.26,1,0,1,0.9736,1,Critical Risk
15800736,Kirwan,Spain,Female,42,601,96763.89,1,1,0,0.0981,0,Low Risk
15792607,Little,France,Female,38,769,0.0,2,0,0,0.0359,0,Low Risk
15640034,Milligan,France,Male,42,551,139561.46,1,0,1,0.3195,1,Moderate Risk
15807563,Ch'iu,France,Female,52,841,0.0,1,0,1,0.9902,1,Critical Risk
15684461,McKay,Spain,Female,31,469,0.0,1,0,1,0.3638,1,Moderate Risk
15580134,Crawford,Spain,Male,27,479,172463.45,1,1,0,0.0365,0,Low Risk
15679075,Onyemere,France,Male,37,701,107798.85,1,0,0,0.1345,0,Low Risk
15742504,Azuka,France,Male,36,593,70181.48,2,0,0,0.0343,0,Low Risk
15567328,Ch'en,Spain,Male,38,738,177997.07,1,1,0,0.1128,0,Low Risk
15698294,Royster,Spain,Male,31,635,0.0,2,0,0,0.0159,0,Low Risk
15607142,Parkin,France,Male,32,658,0.0,1,1,0,0.0609,0,Low Risk
15738516,Kozlova,Spain,Female,36,687,0.0,1,0,0,0.4872,1,High Risk
15806403,Hu,France,Male,37,650,0.0,2,0,0,0.0254,0,Low Risk
15656707,Ma,Spain,Male,21,720,123200.78,1,1,0,0.0365,0,Low Risk
15653715,Coates,France,Female,63,602,0.0,2,1,0,0.0572,0,Low Risk
15806184,Burns,Spain,Male,33,618,0.0,2,1,0,0.0062,0,Low Risk
15585734,Gouger,Germany,Male,41,803,137742.9,2,1,0,0.0661,0,Low Risk
15725639,Ignatyev,France,Female,63,793,116270.72,1,1,0,0.2671,0,Moderate Risk
15618401,Douglas,Germany,Male,41,616,113220.2,2,1,0,0.1061,0,Low Risk
15785385,Fiorentino,Spain,Male,51,550,0.0,2,0,0,0.3383,1,Moderate Risk
15734762,Ignatiev,France,Female,56,602,115895.22,3,0,1,1.0,1,Critical Risk
15767129,Munz,France,Female,60,452,121730.49,1,1,0,0.4987,1,High Risk
15797204,Paling,Spain,Female,28,655,113811.85,2,1,0,0.0403,0,Low Risk
15769272,Clark,France,Female,26,510,136214.08,1,0,0,0.1162,0,Low Risk
15771966,Akobundu,France,Male,39,557,146200.01,1,0,0,0.311,1,Moderate Risk
15691952,Fanucci,France,Male,37,676,106242.67,1,1,0,0.0359,0,Low Risk
15593250,Hsiao,France,Female,29,640,0.0,2,0,0,0.0274,0,Low Risk
15605333,Clancy,Spain,Male,31,529,0.0,1,0,0,0.2651,0,Moderate Risk
15800083,Macdonald,France,Male,45,559,24043.45,1,1,1,0.625,1,High Risk
15575691,Palerma,France,Female,58,689,0.0,2,1,0,0.1553,0,Low Risk
15689886,Holden,Germany,Male,39,626,132287.92,3,1,1,0.9826,1,Critical Risk
15809838,Moore,Spain,Male,30,697,0.0,2,0,0,0.0,0,Low Risk
15736154,Gallo,France,Female,44,823,0.0,2,1,0,0.0558,0,Low Risk
15767391,Otutodilinna,Germany,Female,32,565,90322.99,2,1,0,0.0508,0,Low Risk
15704910,Rios,Spain,Male,23,631,0.0,2,0,0,0.0124,0,Low Risk
15656613,McGregor,France,Female,34,646,131283.11,1,0,0,0.1471,0,Low Risk
15611551,Hill,Spain,Male,48,676,131659.59,2,1,0,0.1248,0,Low Risk
15732430,H?,Spain,Female,54,850,120952.74,1,0,0,0.8369,1,Critical Risk
15741865,Ferrari,France,Female,38,810,153166.17,1,1,0,0.1121,0,Low Risk
15634143,Onyemauchechi,Spain,Male,30,581,53291.86,1,0,0,0.1041,0,Low Risk
15609676,Nkemakonam,France,Female,35,718,167924.95,1,0,0,0.2276,0,Moderate Risk
15761600,White,France,Male,43,713,86394.14,1,1,0,0.091,0,Low Risk
15676404,Kirillov,France,Female,50,672,0.0,1,0,1,0.9902,1,Critical Risk
15659236,Iadanza,Spain,Male,33,781,0.0,2,1,0,0.0062,0,Low Risk
15690440,Stiles,Spain,Male,47,656,0.0,2,1,0,0.0117,0,Low Risk
15694601,Ankudinov,France,Female,31,583,158978.79,1,0,0,0.1419,0,Low Risk
15812262,Gaffney,Germany,Female,37,808,100431.84,1,0,1,0.5661,1,High Risk
15762821,Udinese,Spain,Male,33,721,0.0,2,1,0,0.0062,0,Low Risk
15669301,Romani,Germany,Female,29,778,150358.97,1,0,1,0.42,1,High Risk
15672640,Kambinachi,Spain,Female,45,850,114347.85,2,1,0,0.0685,0,Low Risk
15750458,Hawkins,France,Female,39,693,0.0,2,1,0,0.055,0,Low Risk
15627251,Tsui,France,Male,34,520,134007.9,1,1,0,0.0482,0,Low Risk
15764294,Ifeatu,Germany,Male,31,759,98899.91,1,1,0,0.0729,0,Low Risk
15659962,McIntosh,France,Male,60,637,0.0,2,1,0,0.0593,0,Low Risk
15788536,Armit,Germany,Male,40,755,137430.82,2,0,0,0.1471,0,Low Risk
15596979,Fang,France,Female,47,662,0.0,2,1,0,0.0896,0,Low Risk
15681220,Chou,France,Female,37,503,0.0,2,1,0,0.0274,0,Low Risk
15635097,Okeke,Germany,Male,39,599,188976.89,2,1,0,0.032,0,Low Risk
15780779,Ramsbotham,Spain,Female,40,583,0.0,2,0,0,0.0592,0,Low Risk
15798470,Scannell,Spain,Female,48,764,75990.97,1,0,1,0.9082,1,Critical Risk
15760880,Edman,France,Male,29,513,0.0,2,1,0,0.0251,0,Low Risk
15616929,De Luca,Spain,Male,62,730,112181.08,1,1,0,0.2807,1,Moderate Risk
15758775,Vasilyeva,Spain,Male,34,820,97208.46,1,1,0,0.0097,0,Low Risk
15663386,Tuan,Spain,Female,26,597,0.0,2,0,0,0.0159,0,Low Risk
15621267,Ejimofor,France,Male,32,637,0.0,1,0,0,0.2869,1,Moderate Risk
15720509,Hs?,France,Male,34,696,150856.79,1,1,0,0.0245,0,Low Risk
15693322,Shaver,Germany,Female,37,635,146748.07,1,1,0,0.3299,1,Moderate Risk
15589544,Wallis,Spain,Female,57,673,0.0,2,1,0,0.0701,0,Low Risk
15772030,Coupp,Spain,Male,33,662,0.0,2,1,0,0.0096,0,Low Risk
15693337,Perry,Spain,Male,41,683,148863.17,1,1,0,0.0593,0,Low Risk
15676571,Bezrukova,France,Male,55,850,0.0,1,0,1,0.8824,1,Critical Risk
15701392,Lucciano,Spain,Male,28,815,0.0,2,1,0,0.0,0,Low Risk
15741092,Ingram,Spain,Male,34,671,153360.02,1,0,0,0.0452,0,Low Risk
15643865,Lo Duca,France,Female,40,601,92055.36,1,1,1,0.3055,1,Moderate Risk
15769389,Wan,Germany,Female,39,709,124723.92,1,0,0,0.8056,1,Critical Risk
15807768,Cohn,Germany,Male,28,702,103033.83,1,1,0,0.0609,0,Low Risk
15801630,Yen,France,Male,40,558,0.0,2,0,0,0.0419,0,Low Risk
15705034,Peng,Spain,Male,40,691,0.0,2,1,0,0.0159,0,Low Risk
15763107,Little,France,Female,30,700,0.0,1,1,0,0.12,0,Low Risk
15667085,Meng,France,Male,33,667,0.0,2,1,0,0.0062,0,Low Risk
15647008,Adams,Germany,Male,54,624,116726.22,1,0,1,0.9946,1,Critical Risk
15584505,Hill,France,Female,23,580,113923.81,2,0,0,0.0426,0,Low Risk
15748068,Boyle,Spain,Female,31,571,0.0,2,1,0,0.0062,0,Low Risk
15663964,Pagnotto,France,Male,37,561,0.0,2,0,0,0.0219,0,Low Risk
15782311,Feng,France,Male,28,529,0.0,2,1,0,0.0062,0,Low Risk
15588197,Endrizzi,France,Male,36,670,0.0,2,0,0,0.0216,0,Low Risk
15610105,Shen,Germany,Female,21,666,121827.43,2,1,0,0.0532,0,Low Risk
15606133,Lay,Spain,Male,42,628,0.0,2,1,0,0.0333,0,Low Risk
15599403,Wu,France,Male,60,577,125389.7,2,1,0,0.1651,0,Low Risk
15648225,Shephard,Spain,Female,38,652,103895.31,1,1,0,0.1465,0,Low Risk
15608406,Schmidt,France,Male,26,678,111128.04,1,0,1,0.1162,0,Low Risk
15633378,Davidson,Spain,Female,49,692,0.0,2,0,0,0.3424,1,Moderate Risk
15664759,Lamb,Spain,Male,32,675,0.0,2,0,0,0.0062,0,Low Risk
15625545,Hussey,Spain,Male,52,712,0.0,1,1,1,0.3854,1,Moderate Risk
15772148,Ferrari,Germany,Female,37,639,151242.48,1,1,0,0.2947,1,Moderate Risk
15810829,Macfarlan,France,Male,48,618,0.0,1,0,1,0.8521,1,Critical Risk
15731669,Szabados,France,Male,39,554,129709.62,1,0,0,0.2387,0,Moderate Risk
15738634,Yuan,France,Male,47,533,83347.25,1,1,0,0.2537,0,Moderate Risk
15737571,Matveyev,Spain,Female,28,540,84121.04,1,1,0,0.0576,0,Low Risk
15667602,Cheng,Spain,Male,33,704,0.0,2,0,0,0.0124,0,Low Risk
15684147,Palerma,France,Male,43,678,102338.19,1,1,0,0.0883,0,Low Risk
15789874,Wang,France,Female,29,712,87375.78,2,0,0,0.0426,0,Low Risk
15757952,Teng,France,Male,44,651,0.0,3,0,1,0.7925,1,Critical Risk
15698732,K'ung,Germany,Male,51,789,104677.09,1,0,0,0.9736,1,Critical Risk
15714355,Sinclair,Germany,Male,32,775,121669.23,1,1,0,0.1789,0,Low Risk
15599090,McKelvey,Germany,Male,40,564,108407.34,1,1,0,0.384,1,Moderate Risk
15762048,Yuan,Germany,Female,33,841,154969.79,2,1,0,0.0219,0,Low Risk
15790596,Moran,Spain,Male,39,850,141829.67,1,1,0,0.0167,0,Low Risk
15609623,McConnell,France,Female,63,637,0.0,1,0,1,0.9879,1,Critical Risk
15711901,Iheatu,France,Male,45,500,109162.82,1,1,0,0.2157,0,Moderate Risk
15779809,Giordano,France,Male,44,655,87471.63,1,1,0,0.2522,0,Moderate Risk
15729018,Alexander,France,Female,33,666,147229.65,1,1,0,0.0862,0,Low Risk
15698246,Gordon,France,Female,24,658,0.0,2,1,0,0.0159,0,Low Risk
15712409,Tang,Germany,Male,66,749,182532.23,2,1,0,0.0239,0,Low Risk
15758306,T'an,France,Male,32,654,0.0,2,1,0,0.0062,0,Low Risk
15621435,Davies,France,Female,39,623,160903.2,1,0,0,0.3041,1,Moderate Risk
15566295,Sanders,France,Female,33,761,138053.79,2,0,0,0.0724,0,Low Risk
15569098,Winifred,France,Male,44,627,153548.12,1,0,1,0.2722,1,Moderate Risk
15662532,Holmes,Germany,Male,31,757,149085.9,2,1,0,0.0039,0,Low Risk
15664001,Riddle,Germany,Female,53,695,95231.91,1,0,1,0.9736,1,Critical Risk
15703437,Chinedum,France,Male,34,726,0.0,2,0,0,0.0101,0,Low Risk
15708003,Aleksandrova,Spain,Male,41,587,85109.21,1,0,0,0.1162,0,Low Risk
15599452,Conti,Germany,Female,43,605,125338.8,2,0,0,0.405,1,High Risk
15719793,Watson,Spain,Male,62,850,0.0,2,1,0,0.0062,0,Low Risk
15771580,Davison,France,Female,38,850,106831.69,1,1,0,0.043,0,Low Risk
15732268,Cook,France,Male,29,751,159597.45,1,0,0,0.0609,0,Low Risk
15722350,Udinesi,Germany,Female,37,627,147361.57,1,1,0,0.3057,1,Moderate Risk
15611371,Siciliani,France,Male,43,736,176134.54,1,1,0,0.1868,0,Low Risk
15673584,Bell,France,Female,74,652,0.0,2,1,0,0.0,0,Low Risk
15636396,Jackson,France,Female,35,627,0.0,2,1,0,0.0274,0,Low Risk
15706170,Onyemere,France,Male,34,636,84055.43,1,0,0,0.0359,0,Low Risk
15725478,McClemans,France,Male,60,775,0.0,2,1,0,0.0442,0,Low Risk
15654562,Ma,Spain,Female,45,850,174088.3,4,0,1,0.9978,1,Critical Risk
15737509,Morrison,Spain,Male,34,850,199229.14,1,0,0,0.3471,1,Moderate Risk
15690796,Chambers,France,Male,37,516,0.0,1,0,0,0.2927,1,Moderate Risk
15716728,Basedow,Spain,Female,42,513,0.0,2,1,0,0.0446,0,Low Risk
15605665,Nwora,Germany,Female,69,673,78833.15,2,1,0,0.0701,0,Low Risk
15748481,Howey,France,Female,27,564,0.0,1,0,0,0.132,0,Low Risk
15757777,Pai,France,Female,35,636,0.0,2,1,0,0.0262,0,Low Risk
15747808,Ni,France,Male,29,712,102540.61,1,1,0,0.0426,0,Low Risk
15810593,Forbes,France,Male,51,568,0.0,3,1,0,0.8586,1,Critical Risk
15693376,Baryshnikov,Spain,Male,43,741,0.0,2,1,1,0.0144,0,Low Risk
15579808,Kramer,Germany,Female,39,754,129401.87,1,1,0,0.5473,1,High Risk
15598275,Sochima,France,Female,32,709,0.0,2,1,0,0.0124,0,Low Risk
15737080,Marchesi,France,Female,32,510,0.0,2,1,0,0.0124,0,Low Risk
15668580,Todd,Spain,Male,33,716,0.0,2,1,0,0.0062,0,Low Risk
15569438,Mai,Germany,Male,36,607,106702.94,2,0,0,0.0678,0,Low Risk
15675842,Pinto,Spain,Male,26,656,139584.57,1,0,0,0.172,0,Low Risk
15577587,Reynolds,Germany,Male,52,550,121016.23,1,1,1,0.8031,1,Critical Risk
15625592,Sal,France,Male,26,486,0.0,2,1,0,0.0,0,Low Risk
15635141,Miller,Germany,Male,59,598,118210.42,2,0,1,0.9332,1,Critical Risk
15642570,Scott,Spain,Male,35,675,0.0,2,0,0,0.0159,0,Low Risk
15702175,Herrin,France,Female,29,755,148654.84,2,1,0,0.0385,0,Low Risk
15677785,Stevenson,Spain,Male,32,656,136963.12,1,0,0,0.1795,0,Low Risk
15786153,McKenzie,Germany,Male,47,644,137774.11,2,0,0,0.6216,1,High Risk
15759499,Gardiner,France,Female,32,598,111156.52,1,1,0,0.1181,0,Low Risk
15659568,Atkinson,Spain,Female,31,850,121237.65,1,1,0,0.0477,0,Low Risk
15715597,Onyemauchechi,France,Male,36,679,97234.58,1,0,0,0.13,0,Low Risk
15610147,Ross,France,Male,60,632,0.0,2,1,0,0.0343,0,Low Risk
15802362,Newland,Spain,Male,45,550,0.0,2,1,0,0.0372,0,Low Risk
15660524,Hu,Germany,Female,54,572,97382.53,1,1,0,0.682,1,Critical Risk
15747168,Sanders,Germany,Female,47,626,103108.8,1,1,1,0.8735,1,Critical Risk
15796910,Tsui,Spain,Female,57,625,0.0,1,0,1,0.9798,1,Critical Risk
15707674,Marino,France,Female,58,515,131852.81,1,0,1,0.9666,1,Critical Risk
15565706,Akobundu,Spain,Male,35,612,0.0,1,1,1,0.0994,0,Low Risk
15587596,Morrison,Spain,Female,39,628,107553.33,1,0,0,0.3644,1,Moderate Risk
15751943,Mai,Spain,Female,43,529,0.0,2,0,0,0.0593,0,Low Risk
15621227,Hs?eh,Germany,Female,46,668,161806.09,1,1,0,0.5828,1,High Risk
15757588,Wright,France,Male,30,526,0.0,2,0,0,0.0124,0,Low Risk
15640922,Demaine,France,Female,52,791,0.0,1,1,0,0.653,1,Critical Risk
15567557,Chien,France,Male,27,573,128243.03,1,1,0,0.0303,0,Low Risk
15670103,Dickinson,France,Female,38,565,126645.13,1,1,0,0.2152,0,Moderate Risk
15720929,Kazantseva,France,Female,47,604,62094.71,3,0,1,0.9978,1,Critical Risk
15732774,Marchesi,France,Male,37,656,112291.34,1,0,0,0.1539,0,Low Risk
15628558,Pan,France,Female,44,447,89188.83,1,1,0,0.1319,0,Low Risk
15729201,Harewood,France,Male,55,682,0.0,1,0,1,0.9753,1,Critical Risk
15731117,Kao,Spain,Male,28,437,109161.25,1,0,0,0.0856,0,Low Risk
15615207,Yeh,Spain,Male,47,792,0.0,1,1,1,0.3791,1,Moderate Risk
15773512,Bischof,Spain,Female,25,627,0.0,1,1,0,0.1063,0,Low Risk
15572145,Ashton,France,Female,34,767,0.0,2,0,0,0.0359,0,Low Risk
15642710,Napolitani,France,Male,26,686,0.0,2,0,0,0.0,0,Low Risk
15574213,Wilson,France,Female,53,789,158271.74,1,1,1,0.4105,1,High Risk
15718852,Uren,France,Male,56,794,96951.21,1,1,0,0.2364,0,Moderate Risk
15583840,Okechukwu,Germany,Male,35,587,121863.61,1,1,1,0.4169,1,High Risk
15782418,Ku,Germany,Female,19,589,83495.11,1,1,1,0.0856,0,Low Risk
15813504,Onyemachukwu,Germany,Female,25,543,146566.01,1,1,0,0.1167,0,Low Risk
15711314,Kao,Spain,Female,45,589,0.0,1,0,1,0.8859,1,Critical Risk
15621064,Russell,Germany,Male,23,701,186101.18,2,1,0,0.0101,0,Low Risk
15627847,Woronoff,France,Male,40,850,0.0,1,0,1,0.4065,1,High Risk
15588090,Ferri,Germany,Female,51,726,107494.86,2,0,1,0.9381,1,Critical Risk
15735270,Ruggiero,Spain,Male,47,767,0.0,1,0,1,0.8592,1,Critical Risk
15671804,Wilding,Spain,Male,36,648,146943.38,2,1,0,0.0314,0,Low Risk
15753215,Yashina,Spain,Female,36,651,0.0,2,0,0,0.0359,0,Low Risk
15789941,Yevseyev,France,Female,36,633,125130.28,1,0,0,0.2364,0,Moderate Risk
15691061,Rapuokwu,France,Female,37,740,0.0,2,1,0,0.0403,0,Low Risk
15808326,Maslov,France,Female,34,592,0.0,2,1,0,0.0316,0,Low Risk
15566660,Cole,France,Female,41,670,0.0,3,0,0,0.916,1,Critical Risk
15778947,Sullivan,France,Male,36,628,0.0,2,1,0,0.0062,0,Low Risk
15632977,Hsiao,France,Male,47,745,0.0,2,0,0,0.0856,0,Low Risk
15591747,Rossi,France,Male,32,705,0.0,2,0,0,0.0101,0,Low Risk
15567335,Allsop,France,Female,42,559,0.0,2,1,0,0.0426,0,Low Risk
15609299,Chamberlain,France,Male,29,595,150685.79,1,0,0,0.0649,0,Low Risk
15669945,Jackson,France,Male,35,492,141359.37,2,0,0,0.0419,0,Low Risk
15736271,Dumetochukwu,France,Female,29,498,0.0,1,0,0,0.2266,0,Moderate Risk
15710390,Uspensky,France,Female,39,655,94631.26,2,1,0,0.103,0,Low Risk
15756481,Garcia,France,Female,39,636,118336.14,1,0,0,0.3626,1,Moderate Risk
15736730,Soto,France,Female,45,634,0.0,1,1,0,0.642,1,High Risk
15626040,McDonald,Spain,Male,63,793,0.0,2,1,0,0.055,0,Low Risk
15746553,Castles,Germany,Male,50,526,124233.24,1,1,1,0.856,1,Critical Risk
15622518,Stephenson,France,Female,26,768,51116.26,1,1,1,0.0896,0,Low Risk
15684908,Davidson,Germany,Male,64,540,91869.69,1,1,0,0.6429,1,High Risk
15569446,Tu,France,Female,34,732,122338.43,2,0,0,0.0711,0,Low Risk
15777504,Colbert,France,Female,30,617,0.0,1,1,0,0.13,0,Low Risk
15677906,Owens,Spain,Female,54,637,0.0,1,1,0,0.7966,1,Critical Risk
15703292,Chimezie,France,Male,26,573,86270.93,2,1,0,0.0124,0,Low Risk
15712938,Genovese,France,Male,44,531,0.0,2,1,0,0.0179,0,Low Risk
15631359,Daluchi,France,Female,38,489,117289.92,1,0,0,0.1377,0,Low Risk
15720847,Sheffield,France,Male,35,601,0.0,2,1,0,0.0062,0,Low Risk
15787830,Bailey,Germany,Male,33,452,153663.27,1,0,0,0.1691,0,Low Risk
15599869,Dyson,Spain,Female,29,728,0.0,1,1,0,0.0855,0,Low Risk
15592078,Davide,Germany,Female,27,590,123599.49,2,0,0,0.0492,0,Low Risk
15596228,Uwaezuoke,France,Male,29,490,0.0,2,0,0,0.0062,0,Low Risk
15578462,Hs?,Spain,Female,76,596,134208.25,1,1,0,0.0124,0,Low Risk
15756894,Onwuka,France,Male,29,635,0.0,1,1,0,0.0592,0,Low Risk
15796167,Flores,Germany,Male,35,782,98556.89,2,0,0,0.0661,0,Low Risk
15664808,Nicoll,Spain,Female,37,790,0.0,3,0,0,0.6621,1,Critical Risk
15664555,Hughes,France,Male,40,587,0.0,4,1,1,0.9336,1,Critical Risk
15607278,Romano,Spain,Female,46,794,134593.79,1,1,0,0.1969,0,Low Risk
15585222,Norman,France,Male,41,515,0.0,2,1,0,0.0281,0,Low Risk
15750299,Davison,Spain,Male,24,746,68781.82,1,1,0,0.0136,0,Low Risk
15761294,Manna,Germany,Female,56,667,137464.04,1,0,1,0.9957,1,Critical Risk
15810454,Reed,France,Male,32,709,147307.91,1,1,0,0.0511,0,Low Risk
15673984,Daniels,France,Female,35,536,0.0,1,0,1,0.4857,1,High Risk
15609319,Hunt,France,Female,41,711,145754.91,1,1,0,0.1731,0,Low Risk
15709941,Feng,France,Male,46,753,0.0,3,0,1,0.8982,1,Critical Risk
15580252,Waters,France,Male,44,748,112610.77,1,1,0,0.0591,0,Low Risk
15741275,Yuan,France,Female,57,623,71481.79,2,1,0,0.3235,1,Moderate Risk
15707132,Yudin,France,Male,33,465,0.0,2,1,0,0.0062,0,Low Risk
15600708,Calabresi,Spain,Female,34,640,77826.8,1,1,0,0.1339,0,Low Risk
15804787,Onyemauchechukwu,France,Male,75,562,87140.85,1,1,0,0.0062,0,Low Risk
15690021,Martin,Germany,Female,42,502,132002.7,1,1,1,0.6763,1,Critical Risk
15763895,Hung,France,Male,32,536,178011.5,2,0,0,0.0657,0,Low Risk
15623478,Maslova,Germany,Female,32,670,102954.68,2,1,0,0.0617,0,Low Risk
15797910,Zetticci,Germany,Male,51,775,123783.25,1,1,0,0.6693,1,Critical Risk
15577751,Pisano,Germany,Male,30,759,101802.67,1,0,0,0.2582,0,Moderate Risk
15781777,Sutherland,France,Male,33,604,148659.48,1,0,0,0.0655,0,Low Risk
15740527,Lai,Germany,Female,62,766,142724.48,1,1,1,0.7469,1,Critical Risk
15721251,Watson,Spain,Female,41,554,112152.89,1,1,0,0.1496,0,Low Risk
15602994,Gorbunov,France,Female,53,487,89550.85,1,1,0,0.4563,1,High Risk
15750769,Padovano,France,Male,35,725,75915.75,1,0,0,0.1162,0,Low Risk
15740175,Raynor,Germany,Female,42,732,118889.66,2,0,0,0.2688,0,Moderate Risk
15679968,Ting,France,Male,40,623,118788.57,1,0,0,0.2414,0,Moderate Risk
15694404,Eberegbulam,France,Female,42,781,156555.54,1,1,0,0.2349,0,Moderate Risk
15657529,Chin,Germany,Male,53,714,99141.86,1,1,1,0.7132,1,Critical Risk
15762882,Manna,Germany,Female,31,577,61211.18,1,1,0,0.1,0,Low Risk
15642579,Chang,Spain,Female,37,731,128932.4,1,1,0,0.0873,0,Low Risk
15598884,Kent,Spain,Female,23,650,0.0,1,1,0,0.0684,0,Low Risk
15770185,Buckley,France,Male,32,779,80728.15,1,0,0,0.0274,0,Low Risk
15800287,Micco,Spain,Female,46,706,127660.46,2,0,1,0.5856,1,High Risk
15665861,Avdeev,Spain,Male,44,733,106070.89,1,1,0,0.1063,0,Low Risk
15662203,Bremer,Germany,Female,42,579,137560.38,2,1,0,0.1351,0,Low Risk
15616454,Davidson,Germany,Female,34,476,111905.43,1,1,1,0.4064,1,High Risk
15702788,Gadsdon,France,Male,40,775,126212.64,1,0,0,0.2827,1,Moderate Risk
15778149,Connolly,Spain,Male,68,538,0.0,2,0,1,0.5112,1,High Risk
15680001,McDonald,France,Male,38,602,111835.94,2,0,0,0.0671,0,Low Risk
15711991,Chiawuotu,France,Male,30,615,0.0,2,0,0,0.0,0,Low Risk
15633834,Milne,Germany,Female,28,700,99705.69,2,0,0,0.0711,0,Low Risk
15765266,Fleming,France,Male,32,615,0.0,2,0,0,0.0,0,Low Risk
15791867,Hicks,Germany,Male,44,544,108895.93,1,0,1,0.6549,1,Critical Risk
15675380,Logan,Spain,Male,56,573,154669.77,1,1,1,0.3915,1,Moderate Risk
15770576,Hammond,Spain,Male,50,555,128061.0,2,1,0,0.1305,0,Low Risk
15775294,Weber,France,Female,31,692,0.0,2,0,1,0.0282,0,Low Risk
15727059,Lettiere,France,Female,40,476,0.0,2,0,0,0.0661,0,Low Risk
15702499,Schnaars,Spain,Male,46,770,190678.02,1,1,0,0.1762,0,Low Risk
15611699,Tao,France,Female,40,641,0.0,1,0,0,0.6587,1,Critical Risk
15654000,Algarin,France,Female,35,705,0.0,1,0,1,0.5264,1,High Risk
15657881,Onyemere,France,Male,38,784,136712.91,1,1,0,0.0649,0,Low Risk
15719991,Korovina,Spain,Female,52,727,154733.97,1,0,1,0.9612,1,Critical Risk
15720687,Chidubem,France,Female,41,576,112609.91,1,0,1,0.5264,1,High Risk
15687079,King,Spain,Male,69,646,115462.44,1,0,0,0.4347,1,High Risk
15582276,Greco,France,Male,34,638,133501.36,1,1,0,0.0609,0,Low Risk
15763980,Beneventi,Germany,Male,30,632,58668.02,1,1,0,0.0469,0,Low Risk
15720774,P'eng,Spain,Male,44,850,89118.26,1,0,1,0.2359,0,Moderate Risk
15592194,Metcalf,France,Female,28,492,0.0,2,0,0,0.0167,0,Low Risk
15803685,Greco,Germany,Female,77,673,76510.52,2,1,0,0.0377,0,Low Risk
15759456,Lupton,Spain,Male,34,609,140694.78,2,0,0,0.0609,0,Low Risk
15611544,Ibeamaka,Germany,Male,36,701,95448.32,2,0,0,0.0365,0,Low Risk
15794257,Hsiung,France,Male,34,651,91562.99,1,1,0,0.0449,0,Low Risk
15681697,Rueda,France,Male,31,508,72541.48,1,0,0,0.0593,0,Low Risk
15579566,Li Fonti,Spain,Female,43,616,120867.18,1,0,1,0.4931,1,High Risk
15577970,Alexeeva,France,Male,34,489,0.0,1,0,0,0.1489,0,Low Risk
15727489,Madueke,Spain,Female,45,567,157320.51,1,0,0,0.6826,1,Critical Risk
15764284,Torres,Spain,Male,27,714,0.0,3,1,0,0.3279,1,Moderate Risk
15581811,Chukwubuikem,Germany,Female,30,678,139676.95,2,1,0,0.0347,0,Low Risk
15622527,Holloway,France,Female,55,581,0.0,1,1,0,0.6998,1,Critical Risk
15753362,Evdokimov,Spain,Male,60,748,0.0,2,1,0,0.0538,0,Low Risk
15666652,Anayolisa,France,Female,19,781,0.0,2,1,0,0.0159,0,Low Risk
15789714,Semmens,Spain,Male,21,691,103000.94,1,1,0,0.0426,0,Low Risk
15771543,Tu,Germany,Male,31,507,134237.07,1,1,1,0.1162,0,Low Risk
15748327,Anderson,Germany,Male,34,724,118235.7,2,0,0,0.1167,0,Low Risk
15754649,Fang,Spain,Female,57,705,0.0,2,1,0,0.0661,0,Low Risk
15810460,Fanucci,Spain,Female,64,708,0.0,3,1,1,0.9444,1,Critical Risk
15771742,Boyle,Germany,Male,38,580,115442.19,2,0,1,0.3185,1,Moderate Risk
15642160,Milanesi,France,Male,38,850,0.0,2,0,0,0.0101,0,Low Risk
15798439,Davidson,Spain,Male,25,714,0.0,1,1,0,0.0492,0,Low Risk
15605293,McKay,France,Female,43,559,0.0,2,1,0,0.0433,0,Low Risk
15692631,Bogdanova,Spain,Female,44,577,115557.0,1,1,0,0.213,0,Moderate Risk
15665376,Lavrentiev,Germany,Female,35,647,166518.63,2,0,0,0.0661,0,Low Risk
15772412,Corser,Spain,Male,30,554,135370.12,1,1,1,0.055,0,Low Risk
15654577,Alexeeva,Germany,Male,54,549,92877.33,1,0,1,0.9528,1,Critical Risk
15585427,Madueke,France,Female,26,528,102073.67,2,0,0,0.0623,0,Low Risk
15584536,Barber,Germany,Male,46,720,97042.6,1,1,1,0.6124,1,High Risk
15585853,McCardle,Spain,Male,41,743,0.0,1,0,1,0.5575,1,High Risk
15645271,Radcliffe-Brown,Germany,Male,24,615,108528.07,2,0,1,0.1704,0,Low Risk
15579387,Ni,Germany,Female,44,635,79064.85,2,1,0,0.1108,0,Low Risk
15623107,Chukwumaobim,Spain,Male,45,686,74274.87,3,0,1,0.9906,1,Critical Risk
15754072,Dennis,Spain,Female,36,840,0.0,2,0,0,0.0343,0,Low Risk
15666163,Hayward,France,Male,43,695,100421.1,1,1,0,0.0994,0,Low Risk
15765192,Jones,France,Male,26,564,84006.88,2,0,0,0.0124,0,Low Risk
15804822,L?,France,Female,31,805,0.0,2,0,0,0.0101,0,Low Risk
15612893,Nelson,Spain,Male,45,558,0.0,1,0,0,0.856,1,Critical Risk
15593636,Cardus,France,Female,39,657,80293.81,1,0,0,0.3195,1,Moderate Risk
15693326,Whitehouse,France,Female,42,641,125437.14,2,0,0,0.2595,0,Moderate Risk
15809901,Johnstone,France,Male,36,755,0.0,2,0,0,0.0274,0,Low Risk
15759751,Tsui,France,Male,48,483,0.0,2,1,0,0.0469,0,Low Risk
15605425,Chia,Germany,Female,44,545,127536.44,1,0,0,0.7832,1,Critical Risk
15801934,Su,France,Male,66,678,0.0,2,1,0,0.0159,0,Low Risk
15592000,Calabresi,Germany,Female,48,781,82794.18,1,0,1,0.9659,1,Critical Risk
15618695,Ts'ui,Spain,Female,22,571,108117.1,1,1,0,0.0661,0,Low Risk
15637110,McCulloch,Spain,Female,35,634,0.0,1,0,0,0.2064,0,Moderate Risk
15727408,Koo,Germany,Male,27,523,61688.61,2,0,0,0.0062,0,Low Risk
15716328,Miller,France,Female,40,501,0.0,2,0,0,0.0593,0,Low Risk
15669060,Woolnough,France,Male,74,662,0.0,2,0,0,0.0794,0,Low Risk
15675854,Douglas,Spain,Male,50,573,159304.07,1,1,1,0.2729,1,Moderate Risk
15621116,Fang,Germany,Male,33,648,138664.24,1,0,0,0.5264,1,High Risk
15781495,Munro,France,Female,22,662,126362.57,2,1,0,0.0336,0,Low Risk
15740470,Vinogradov,France,Male,39,725,160652.45,2,0,0,0.0711,0,Low Risk
15714391,Lai,France,Female,35,563,183572.84,1,1,1,0.2751,1,Moderate Risk
15730137,Udegbulam,France,Male,31,628,88421.81,1,0,0,0.0186,0,Low Risk
15596455,Mao,Spain,Female,45,546,0.0,1,0,1,0.8593,1,Critical Risk
15717290,Onyekaozulu,Germany,Male,41,688,112871.19,2,1,0,0.0661,0,Low Risk
15616555,Fu,Germany,Male,41,850,60880.68,1,0,0,0.3172,1,Moderate Risk
15659820,Cross,France,Female,34,614,0.0,2,0,0,0.0359,0,Low Risk
15696301,Snider,France,Female,37,719,101455.7,1,0,1,0.2006,0,Moderate Risk
15771087,Harrison,France,Female,71,757,88084.13,2,1,0,0.0609,0,Low Risk
15808831,Dale,France,Male,29,669,0.0,2,1,0,0.0062,0,Low Risk
15812241,Udinese,Germany,Male,59,438,127197.14,1,0,1,0.9736,1,Critical Risk
15680370,DeRose,France,Male,39,492,0.0,2,1,0,0.0159,0,Low Risk
15780561,Hay,France,Female,39,622,83456.79,2,0,0,0.0855,0,Low Risk
15800784,Bruce,France,Male,42,645,98298.18,1,1,0,0.0542,0,Low Risk
15715796,Romani,France,Male,37,728,0.0,2,1,0,0.0124,0,Low Risk
15605375,Tseng,France,Male,35,651,86911.8,1,0,0,0.132,0,Low Risk
15621520,Tang,Germany,Female,42,783,139707.28,1,0,0,0.5225,1,High Risk
15665460,Isayeva,Spain,Female,67,732,0.0,2,1,0,0.0343,0,Low Risk
15801152,Hill,Spain,Female,39,553,142876.98,2,0,0,0.2191,0,Moderate Risk
15756425,Barnes,France,Male,30,660,146301.31,1,0,0,0.0569,0,Low Risk
15674328,Moreno,France,Female,40,670,47364.45,1,1,1,0.4092,1,High Risk
15742404,McGregor,France,Male,38,718,0.0,2,0,0,0.0274,0,Low Risk
15757140,Genovese,France,Male,51,787,58137.08,1,1,0,0.4131,1,High Risk
15570051,Gill,Germany,Female,38,775,179886.41,2,0,0,0.1451,0,Low Risk
15669175,Ts'ai,Germany,Male,24,479,107637.97,2,1,0,0.0336,0,Low Risk
15790324,Green,France,Female,20,660,167685.56,1,0,0,0.1453,0,Low Risk
15691119,Martin,Germany,Male,68,721,136525.99,1,0,0,0.9519,1,Critical Risk
15743478,Johnson,Germany,Male,39,659,52106.33,2,1,0,0.0248,0,Low Risk
15707007,Onio,France,Female,39,743,0.0,1,0,0,0.5264,1,High Risk
15572547,Vaguine,France,Female,45,670,104930.38,1,0,1,0.7921,1,Critical Risk
15567063,Manna,Germany,Female,34,766,106434.94,1,1,1,0.498,1,High Risk
15689633,Toomey,Spain,Female,38,845,112803.92,1,0,0,0.1688,0,Low Risk
15720637,Bell,Germany,Female,46,710,120530.34,1,0,1,0.9616,1,Critical Risk
15616859,Bonwick,Germany,Female,43,602,113641.49,4,0,1,1.0,1,Critical Risk
15766166,Folliero,Spain,Male,43,604,145081.72,1,1,0,0.0876,0,Low Risk
15617655,Holt,Spain,Female,35,564,0.0,2,1,0,0.0159,0,Low Risk
15623450,Brown,Germany,Female,27,637,135842.89,1,1,0,0.2039,0,Moderate Risk
15796612,Ch'ang,France,Female,31,527,112203.25,1,0,0,0.1485,0,Low Risk
15795963,Fiorentini,France,Male,34,687,129895.19,1,1,0,0.0511,0,Low Risk
15781598,Middleton,Germany,Male,41,756,149049.92,1,1,1,0.4802,1,High Risk
15691871,Millar,Germany,Male,42,503,153279.39,1,1,0,0.2133,0,Moderate Risk
15740345,Osborne,Spain,Male,42,657,41473.33,1,0,1,0.5828,1,High Risk
15662626,Feng,France,Female,40,666,0.0,2,0,0,0.0565,0,Low Risk
15596575,Vale,Germany,Male,39,615,113193.51,2,1,0,0.0896,0,Low Risk
15657321,Arkwookerum,Germany,Male,27,712,113174.21,2,0,0,0.1149,0,Low Risk
15575955,Lujan,France,Female,24,764,0.0,2,0,0,0.0419,0,Low Risk
15743893,Alexeyeva,France,Male,42,471,164951.56,1,0,0,0.2005,0,Moderate Risk
15697270,Gannon,Spain,Male,27,608,153325.1,1,1,0,0.0128,0,Low Risk
15644356,Prokhorova,Spain,Female,47,682,134032.01,1,0,0,0.6798,1,Critical Risk
15677586,Romero,Germany,Female,32,587,125445.04,2,1,0,0.0593,0,Low Risk
15571261,Toscani,Germany,Female,35,714,126077.43,2,1,0,0.1327,0,Low Risk
15698758,Onwuamaegbu,Spain,Female,31,630,0.0,2,1,0,0.0159,0,Low Risk
15787014,King,Germany,Female,28,648,90371.09,1,1,0,0.1719,0,Low Risk
15739857,Trentino,France,Female,40,785,0.0,2,1,0,0.0343,0,Low Risk
15774630,Peacock,Germany,Female,47,601,142802.02,1,1,0,0.749,1,Critical Risk
15805523,Nnaife,France,Female,28,717,90537.16,1,1,0,0.0365,0,Low Risk
15749557,Chao,France,Female,44,707,0.0,2,1,0,0.0426,0,Low Risk
15681180,Barese,France,Female,23,771,156123.73,1,0,0,0.13,0,Low Risk
15742028,Udegbulam,France,Female,35,602,0.0,2,0,0,0.0343,0,Low Risk
15686463,Fu,France,Male,38,626,141074.59,1,0,1,0.1737,0,Low Risk
15654379,Onwuatuegwu,Spain,Male,59,588,0.0,2,1,0,0.055,0,Low Risk
15783629,Degtyaryov,Germany,Female,42,616,117899.95,2,0,0,0.4068,1,High Risk
15751193,Nnaemeka,Spain,Male,33,621,0.0,2,1,0,0.0062,0,Low Risk
15724099,Udinese,France,Male,26,674,166257.96,1,1,0,0.0419,0,Low Risk
15568429,Mitchell,Spain,Female,46,633,0.0,2,0,0,0.2394,0,Moderate Risk
15648967,Ch'en,Germany,Female,64,698,169362.43,1,0,1,0.9736,1,Critical Risk
15664498,Golovanov,France,Male,26,508,205962.0,1,0,0,0.2662,0,Moderate Risk
15779522,Efimov,France,Female,24,736,0.0,2,0,1,0.0431,0,Low Risk
15583850,Davidson,Germany,Male,68,672,126061.51,2,1,0,0.1241,0,Low Risk
15696539,Wade,France,Female,21,613,105627.95,1,1,0,0.0452,0,Low Risk
15760121,Maynard,France,Male,32,712,100606.02,1,0,0,0.0585,0,Low Risk
15628279,Murphy,France,Female,38,624,0.0,2,1,0,0.0419,0,Low Risk
15766163,Zotova,France,Male,38,676,0.0,2,1,0,0.0124,0,Low Risk
15566467,Hannah,Germany,Female,32,683,138171.1,2,1,0,0.0424,0,Low Risk
15639049,Cartagena,France,Female,31,489,139395.08,1,1,0,0.0311,0,Low Risk
15736413,Hall,France,Male,29,739,0.0,2,1,0,0.0062,0,Low Risk
15634815,Hunt,France,Female,37,701,0.0,2,1,0,0.0343,0,Low Risk
15716381,Greece,Germany,Female,50,666,109062.28,1,1,1,0.8931,1,Critical Risk
15708162,Thomson,Germany,Female,40,565,89994.71,2,1,0,0.1831,0,Low Risk
15569364,Victor,France,Male,36,666,0.0,2,0,0,0.0124,0,Low Risk
15791191,Mitchell,France,Male,59,633,103996.74,1,1,0,0.2616,0,Moderate Risk
15621205,Olisaemeka,France,Male,34,578,175111.11,1,1,0,0.0618,0,Low Risk
15704788,Krawczyk,Spain,Female,49,812,66079.45,2,0,1,0.5687,1,High Risk
15775756,Alexandrova,Germany,Male,33,809,148055.74,1,0,0,0.2146,0,Moderate Risk
15641312,Paterson,France,Male,36,615,0.0,1,1,1,0.1691,0,Low Risk
15782531,Chou,Spain,Female,31,684,0.0,2,0,0,0.0239,0,Low Risk
15724428,Abel,France,Male,40,544,0.0,2,0,0,0.0538,0,Low Risk
15743617,Chesnokova,Germany,Male,47,713,95994.98,1,0,0,0.6826,1,Critical Risk
15585839,Niu,France,Male,37,633,0.0,2,0,0,0.0239,0,Low Risk
15658158,Sullivan,Germany,Female,23,672,110741.56,1,0,0,0.2352,0,Moderate Risk
15637678,Ma,France,Male,35,661,0.0,1,0,0,0.3383,1,Moderate Risk
15701809,Cavill,Spain,Female,28,749,0.0,1,0,0,0.1799,0,Low Risk
15676937,Nicholls,Spain,Female,32,635,0.0,2,1,1,0.0101,0,Low Risk
15778975,Nnonso,Germany,Female,70,850,96947.58,3,0,1,0.9978,1,Critical Risk
15710375,Gibson,France,Male,41,641,0.0,2,0,0,0.0352,0,Low Risk
15579914,Garcia,Germany,Male,30,633,109786.82,2,1,0,0.0336,0,Low Risk
15595160,Renwick,Spain,Male,35,413,0.0,2,1,0,0.0101,0,Low Risk
15595391,Norris,France,Male,31,538,0.0,2,0,0,0.0,0,Low Risk
15630363,Nkemakonam,France,Female,39,437,102721.49,1,0,0,0.1692,0,Low Risk
15692443,Piccio,Spain,Male,33,612,69478.57,1,0,1,0.1562,0,Low Risk
15593795,Linton,Germany,Female,53,516,156674.2,1,0,1,0.9736,1,Critical Risk
15642824,Onyekaozulu,Spain,Female,56,826,174506.1,2,1,1,0.6124,1,High Risk
15683524,Tobenna,Germany,Female,23,660,166070.48,2,0,0,0.0504,0,Low Risk
15713532,Wang,Germany,Female,29,646,105957.44,1,0,0,0.5215,1,High Risk
15719827,O'Donnell,France,Male,36,767,0.0,1,0,0,0.2128,0,Moderate Risk
15578435,Langlands,France,Male,40,640,110340.68,1,1,0,0.1034,0,Low Risk
15723028,Smith,France,Male,33,778,0.0,2,0,0,0.0101,0,Low Risk
15595609,Sykes,Germany,Male,52,679,135870.01,2,0,0,0.7379,1,Critical Risk
15622443,Marshall,France,Male,31,549,0.0,2,1,0,0.0062,0,Low Risk
15579112,Gibson,France,Male,47,598,0.0,2,1,0,0.0359,0,Low Risk
15648479,Stephenson,France,Female,45,655,0.0,2,0,0,0.2606,0,Moderate Risk
15659234,Y?,France,Male,30,494,85704.95,1,1,0,0.021,0,Low Risk
15811970,Kang,France,Female,42,653,0.0,2,1,0,0.0438,0,Low Risk
15774192,Miller,Germany,Female,38,539,105435.74,1,0,1,0.6466,1,High Risk
15595136,Kryukov,France,Female,37,645,0.0,2,1,0,0.0403,0,Low Risk
15630580,Y?,Germany,Male,34,751,108513.25,2,1,0,0.058,0,Low Risk
15660646,Fanucci,France,Male,35,528,156687.1,1,0,0,0.0576,0,Low Risk
15614365,Lombardi,Germany,Male,31,696,150604.52,1,0,0,0.1704,0,Low Risk
15776128,Hs?,France,Female,44,716,155114.9,1,0,0,0.4175,1,High Risk
15787035,Anderson,France,Female,35,602,0.0,2,1,0,0.0343,0,Low Risk
15792646,Trentino,Spain,Female,64,647,91216.0,1,1,0,0.1465,0,Low Risk
15726832,Donnelly,Germany,Male,61,850,141784.02,1,1,0,0.3883,1,Moderate Risk
15773260,Tsou,France,Female,32,590,127763.24,1,0,0,0.0921,0,Low Risk
15624437,Johnson,Spain,Female,32,825,0.0,2,1,0,0.0062,0,Low Risk
15717138,Watson,Spain,Male,31,850,82613.56,2,0,0,0.0274,0,Low Risk
15657317,Allan,France,Female,32,789,69423.52,1,0,0,0.1162,0,Low Risk
15626948,Butcher,France,Female,42,701,86167.82,1,0,0,0.5468,1,High Risk
15758901,Henderson,Spain,Female,47,713,0.0,1,0,1,0.9666,1,Critical Risk
15777759,Boucaut,France,Male,30,570,131406.56,1,1,0,0.0424,0,Low Risk
15773322,Obiajulu,Germany,Female,44,536,121898.82,1,0,0,0.7965,1,Critical Risk
15697318,Ifeatu,Germany,Male,32,771,77487.2,1,0,0,0.1,0,Low Risk
15678916,Kelly,France,Female,75,512,0.0,1,0,0,0.6168,1,High Risk
15632118,Pirozzi,Spain,Male,45,698,164450.94,1,0,1,0.6421,1,High Risk
15788118,Siciliano,France,Male,33,656,138705.02,2,0,0,0.0365,0,Low Risk
15788930,Silva,Spain,Male,37,761,132730.17,1,0,0,0.0822,0,Low Risk
15628583,Iweobiegbunam,France,Female,30,709,0.0,2,1,0,0.0282,0,Low Risk
15635177,Williamson,Spain,Female,66,597,0.0,1,1,0,0.251,0,Moderate Risk
15587690,Madueke,France,Male,28,592,116498.22,1,0,0,0.0609,0,Low Risk
15627630,Chiagoziem,France,Female,41,599,0.0,2,0,0,0.0685,0,Low Risk
15610930,Kwemto,Germany,Female,35,572,139979.07,1,0,0,0.5236,1,High Risk
15657747,Zito,Germany,Female,43,611,127216.31,2,1,0,0.2595,0,Moderate Risk
15568006,Ukaegbunam,France,Female,45,634,0.0,4,0,1,0.9808,1,Critical Risk
15751748,Trevisani,France,Male,51,666,148222.65,1,0,1,0.8521,1,Critical Risk
15722212,Edmondstone,France,Female,41,696,0.0,2,0,0,0.0609,0,Low Risk
15658670,Chien,France,Female,38,669,0.0,2,0,0,0.0565,0,Low Risk
15761654,Boni,Spain,Male,30,726,134152.29,1,1,0,0.0419,0,Low Risk
15812210,Yashina,Germany,Female,32,497,111537.23,4,1,1,0.9281,1,Critical Risk
15787051,Georg,Spain,Female,39,750,119565.92,1,0,0,0.3462,1,Moderate Risk
15642991,Tung,Spain,Female,29,850,0.0,2,0,0,0.0062,0,Low Risk
15713769,Michelides,Spain,Male,38,617,0.0,1,1,0,0.0999,0,Low Risk
15605826,Korovina,Germany,Male,46,652,121063.8,3,0,1,1.0,1,Critical Risk
15648898,Chuang,Spain,Female,27,560,124995.98,1,1,0,0.046,0,Low Risk
15705309,Yuriev,Spain,Male,39,629,0.0,2,0,0,0.0282,0,Low Risk
15734202,Chidimma,Germany,Female,52,660,86891.84,1,0,0,0.9666,1,Critical Risk
15658852,Stevens,France,Male,38,676,0.0,2,1,0,0.0159,0,Low Risk
15612633,Kao,Spain,Male,43,581,78022.61,1,1,0,0.0679,0,Low Risk
15604818,Edmund la Touche,France,Male,34,798,154495.79,1,0,0,0.0684,0,Low Risk
15593900,Belousov,France,Male,38,705,189443.72,1,1,0,0.0667,0,Low Risk
15624995,McCane,Spain,Female,31,714,152926.6,1,1,0,0.0649,0,Low Risk
15570087,Parry-Okeden,France,Female,44,664,142989.69,1,1,1,0.2904,1,Moderate Risk
15802617,Hudson,Germany,Male,43,697,115371.94,2,0,0,0.3236,1,Moderate Risk
15656029,Marsden,France,Male,37,609,0.0,2,1,0,0.0124,0,Low Risk
15739194,Manfrin,Spain,Male,38,548,178056.54,2,0,0,0.4053,1,High Risk
15607275,Ch'ang,Spain,Male,39,850,206014.94,2,1,1,0.3407,1,Moderate Risk
15629475,Clark,France,Male,41,656,0.0,2,0,0,0.0344,0,Low Risk
15635034,Aldrich,Germany,Male,37,727,101191.83,1,1,1,0.2522,0,Moderate Risk
15756333,Khan,France,Female,55,642,0.0,2,1,0,0.1471,0,Low Risk
15777436,Murray,Spain,Female,31,710,0.0,2,0,0,0.0281,0,Low Risk
15676835,Anayolisa,Spain,Male,33,710,0.0,2,0,0,0.0124,0,Low Risk
15574206,Shillito,France,Female,37,718,0.0,2,1,0,0.0343,0,Low Risk
15613017,McMillan,Germany,Male,32,586,149814.54,1,0,0,0.2441,0,Moderate Risk
15815131,Howells,Spain,Female,36,617,115617.24,1,1,0,0.0781,0,Low Risk
15585455,Stewart,France,Male,28,630,0.0,2,0,0,0.0062,0,Low Risk
15692929,Ikechukwu,Germany,Female,42,791,113657.41,2,1,1,0.2863,1,Moderate Risk
15758081,Repina,Spain,Male,39,673,138160.0,1,1,0,0.0604,0,Low Risk
15667476,Cox,Germany,Female,36,477,117700.86,1,0,0,0.4018,1,High Risk
15738248,Lo,France,Female,37,662,0.0,2,0,0,0.0542,0,Low Risk
15672152,Grant,Germany,Male,37,850,122506.38,1,1,1,0.2015,0,Moderate Risk
15673372,Stevenson,France,Female,58,635,0.0,1,1,1,0.7882,1,Critical Risk
15587611,Kauffmann,France,Male,59,537,0.0,2,0,1,0.5468,1,High Risk
15803415,Samsonova,France,Female,39,579,166501.17,2,0,0,0.1553,0,Low Risk
15715673,Niu,Spain,Female,46,651,89743.05,1,0,1,0.8239,1,Critical Risk
15655648,Bock,France,Female,25,610,0.0,2,0,0,0.0282,0,Low Risk
15763613,Barlow,France,Male,30,581,0.0,2,0,0,0.0062,0,Low Risk
15660385,Stevenson,France,Male,39,592,0.0,2,0,0,0.0274,0,Low Risk
15733261,Kung,Spain,Female,35,688,0.0,1,0,1,0.498,1,High Risk
15796231,Nwankwo,France,Female,18,681,98894.39,1,1,0,0.0385,0,Low Risk
15624866,Brewer,Germany,Male,37,658,168735.74,2,0,0,0.0593,0,Low Risk
15623730,Ch'iu,France,Male,34,792,0.0,1,1,0,0.0609,0,Low Risk
15668248,Quinn,Germany,Female,62,528,133201.17,1,0,1,0.9874,1,Critical Risk
15694518,Kodilinyechukwu,Spain,Female,36,624,0.0,2,0,0,0.055,0,Low Risk
15638028,Ifeanyichukwu,Germany,Male,31,562,127237.25,2,1,0,0.0477,0,Low Risk
15795895,Yermakova,Germany,Male,36,678,117864.85,2,0,0,0.1584,0,Low Risk
15694376,Sullivan,Germany,Female,64,705,153469.26,3,0,1,1.0,1,Critical Risk
15669204,Grant,Germany,Male,23,650,93911.3,2,0,0,0.0298,0,Low Risk
15773779,Jacka,Spain,Female,46,593,76597.79,1,1,0,0.2124,0,Moderate Risk
15580682,Tsai,France,Female,40,652,79927.36,2,1,0,0.0684,0,Low Risk
15768530,Emery,Spain,Female,27,554,0.0,2,1,0,0.0124,0,Low Risk
15672875,Piccio,Germany,Male,32,584,40172.91,1,1,0,0.0883,0,Low Risk
15617082,Sanders,France,Male,33,516,115195.58,1,1,0,0.0262,0,Low Risk
15760514,Sharp,Germany,Female,43,789,116644.29,2,1,0,0.28,1,Moderate Risk
15761775,Myers,Germany,Male,20,598,180293.84,2,1,0,0.0062,0,Low Risk
15799964,Campbell,Germany,Female,30,669,139872.81,1,0,0,0.3626,1,Moderate Risk
15693906,Abbott,France,Female,24,645,34547.82,1,1,0,0.0827,0,Low Risk
15739514,Preston,France,Female,32,659,0.0,2,1,0,0.0259,0,Low Risk
15756926,Atherton,Germany,Male,29,833,96462.25,2,1,0,0.0101,0,Low Risk
15770984,Fanucci,Spain,Female,40,697,130334.35,2,1,0,0.093,0,Low Risk
15703979,Evans,Germany,Male,39,580,119688.81,1,0,0,0.6783,1,Critical Risk
15801821,Cookson,France,Male,38,691,0.0,2,0,0,0.0101,0,Low Risk
15711028,Nnachetam,France,Male,52,534,0.0,3,1,1,0.9616,1,Critical Risk
15791842,Johnstone,France,Female,32,478,71187.24,1,1,0,0.0609,0,Low Risk
15746127,Hort,France,Female,47,572,0.0,2,0,0,0.2315,0,Moderate Risk
15663625,Johnson,France,Male,37,501,0.0,2,0,0,0.0124,0,Low Risk
15604891,Zaytseva,Spain,Female,38,624,0.0,2,0,0,0.0545,0,Low Risk
15589666,Sorokina,France,Female,39,595,136422.41,1,1,0,0.2224,0,Moderate Risk
15627881,Diehl,France,Male,30,603,0.0,2,1,0,0.0062,0,Low Risk
15664895,Onuchukwu,France,Female,25,602,0.0,2,1,0,0.0241,0,Low Risk
15676094,Osonduagwuike,France,Female,34,500,0.0,1,1,0,0.1983,0,Low Risk
15761720,Mead,France,Male,41,422,153238.88,1,0,0,0.2224,0,Moderate Risk
15611961,Stewart,France,Male,35,615,0.0,2,0,0,0.0159,0,Low Risk
15680167,Thomson,France,Female,78,635,47536.4,1,1,0,0.0559,0,Low Risk
15762543,Goliwe,France,Female,32,711,0.0,2,0,0,0.0282,0,Low Risk
15658475,Lori,France,Male,36,834,142882.49,1,0,1,0.1368,0,Low Risk
15779743,Onwuamaeze,France,Female,44,633,0.0,2,0,0,0.0661,0,Low Risk
15661532,Butusov,France,Female,31,650,160566.11,2,0,0,0.0433,0,Low Risk
15782360,Rogers,Germany,Male,65,743,131935.51,1,1,1,0.5112,1,High Risk
15767908,Nicholson,France,Male,38,567,127678.8,2,0,0,0.0588,0,Low Risk
15677105,Rossi,Germany,Female,46,706,105214.58,1,0,1,0.9666,1,Critical Risk
15641474,Hall,France,Male,46,638,139859.54,1,0,0,0.6217,1,High Risk
15624451,Huddart,France,Female,38,641,0.0,2,0,0,0.055,0,Low Risk
15577985,Chinomso,France,Female,34,574,112324.45,2,1,0,0.0452,0,Low Risk
15571666,Shaw,Germany,Male,30,642,134497.27,1,0,0,0.3567,1,Moderate Risk
15783691,Hargreaves,Spain,Female,35,722,120171.58,1,0,0,0.2636,0,Moderate Risk
15671172,Swain,France,Male,23,623,106012.2,2,1,0,0.0159,0,Low Risk
15731760,Butcher,France,Male,25,681,0.0,1,1,0,0.0609,0,Low Risk
15585599,Stone,France,Female,34,530,0.0,2,1,0,0.0359,0,Low Risk
15784958,Allan,France,Female,55,797,0.0,4,1,1,0.9946,1,Critical Risk
15734524,Wang,France,Male,51,653,0.0,1,0,1,0.9677,1,Critical Risk
15614103,Colombo,Germany,Male,42,850,119839.69,1,1,1,0.3773,1,Moderate Risk
15794895,McKay,Spain,Male,34,581,0.0,2,1,0,0.0062,0,Low Risk
15772381,Brient,Germany,Male,38,589,92219.21,1,0,0,0.3462,1,Moderate Risk
15710553,Yin,Germany,Male,48,555,142055.41,2,1,0,0.2302,0,Moderate Risk
15649292,Bellucci,France,Female,49,748,29602.08,1,0,1,0.9659,1,Critical Risk
15792565,Duncan,France,Female,46,745,0.0,2,1,0,0.0661,0,Low Risk
15718245,Pirozzi,France,Male,34,730,0.0,2,1,0,0.0062,0,Low Risk
15703117,Findlay,France,Female,44,565,0.0,2,1,0,0.0609,0,Low Risk
15758136,King,France,Male,37,778,141803.77,1,1,0,0.0592,0,Low Risk
15799932,Iweobiegbunam,France,Male,24,812,0.0,2,1,0,0.0124,0,Low Risk
15633516,Tucker,France,Male,42,526,0.0,1,1,0,0.3578,1,Moderate Risk
15622532,Izmailova,France,Female,47,708,126589.12,2,1,1,0.4381,1,High Risk
15798960,Meng,France,Male,33,680,108393.35,1,1,0,0.0338,0,Low Risk
15698664,Liang,Spain,Male,43,567,115643.58,2,0,0,0.1574,0,Low Risk
15703614,Hutchinson,Spain,Male,48,564,132876.23,1,0,0,0.6464,1,High Risk
15699195,Shen,France,Female,24,709,110949.41,1,1,0,0.0856,0,Low Risk
15710543,Okwuoma,France,Male,46,629,130666.2,1,1,1,0.3047,1,Moderate Risk
15695499,Chinwemma,France,Female,45,510,103821.47,2,1,0,0.1978,0,Low Risk
15622321,Golubova,France,Female,32,506,0.0,1,1,0,0.1108,0,Low Risk
15715744,Schiavone,France,Male,39,605,0.0,1,1,0,0.2667,0,Moderate Risk
15788151,Moore,Spain,Male,32,650,132187.73,2,1,0,0.0159,0,Low Risk
15687153,Graham,Germany,Male,49,850,98649.55,1,0,1,0.8941,1,Critical Risk
15684958,Amadi,Germany,Male,38,489,126444.08,2,1,0,0.0562,0,Low Risk
15706116,McKay,Germany,Female,30,659,154159.51,1,0,0,0.3195,1,Moderate Risk
15740557,Fedorova,France,Female,43,753,0.0,2,0,0,0.0792,0,Low Risk
15707291,Percy,Germany,Male,48,477,129250.0,2,1,0,0.2352,0,Moderate Risk
15583353,Floyd,Spain,Female,45,610,0.0,1,0,1,0.9144,1,Critical Risk
15761024,Long,France,Female,33,619,167733.51,2,1,0,0.0419,0,Low Risk
15630709,Castiglione,Germany,Female,31,619,56116.3,2,0,0,0.0254,0,Low Risk
15639590,Melendez,France,Female,30,758,141581.08,1,0,0,0.1574,0,Low Risk
15659399,Mazzi,Germany,Male,50,516,139675.07,2,0,0,0.6225,1,High Risk
15567078,Kovaleva,France,Female,27,789,66201.96,1,1,0,0.0604,0,Low Risk
15696373,Gill,France,Female,44,687,0.0,2,0,1,0.0821,0,Low Risk
15786617,Arcuri,Germany,Male,34,485,133658.24,1,0,0,0.3798,1,Moderate Risk
15657449,Chukwuma,Germany,Male,25,446,136202.78,1,0,0,0.2185,0,Moderate Risk
15672594,Stevenson,France,Female,60,597,131778.08,1,0,1,0.9072,1,Critical Risk
15714240,Ponomarev,Spain,Male,74,712,0.0,2,0,0,0.0821,0,Low Risk
15782144,Gilroy,France,Female,34,522,0.0,2,1,0,0.0062,0,Low Risk
15665008,Sidorov,Germany,Female,26,805,42712.87,2,1,0,0.0159,0,Low Risk
15581733,Bates,France,Female,28,781,0.0,2,0,0,0.0352,0,Low Risk
15751392,Fanucci,Spain,Female,57,689,0.0,2,0,1,0.625,1,High Risk
15785815,Toscano,Germany,Male,31,670,142631.54,2,1,0,0.0124,0,Low Risk
15664214,Hearn,France,Male,33,670,141204.65,2,0,0,0.0359,0,Low Risk
15579996,Iroawuchi,Germany,Female,25,524,131402.21,1,0,0,0.277,1,Moderate Risk
15675252,Martin,Spain,Female,39,734,92636.96,2,1,0,0.0661,0,Low Risk
15579617,Sinclair,France,Female,51,489,0.0,2,1,1,0.2715,0,Moderate Risk
15593976,Swanson,Germany,Female,31,578,102088.68,4,0,1,0.9437,1,Critical Risk
15716041,Chinomso,Spain,Male,39,622,0.0,2,1,0,0.0159,0,Low Risk
15654489,Fomin,France,Female,38,843,134887.53,1,1,0,0.0724,0,Low Risk
15736302,McKay,France,Male,48,687,0.0,2,1,0,0.0469,0,Low Risk
15805909,Bergamaschi,Spain,Male,28,700,159900.38,1,0,0,0.0896,0,Low Risk
15572762,Matveyeva,Germany,Female,50,410,102278.79,2,0,0,0.7559,1,Critical Risk
15724632,Madukaego,France,Female,41,537,0.0,2,1,0,0.0585,0,Low Risk
15670416,Ferri,France,Female,43,780,0.0,1,1,0,0.3786,1,Moderate Risk
15749528,Achebe,Spain,Male,58,652,0.0,2,1,0,0.0792,0,Low Risk
15578783,Mai,Germany,Male,35,620,76989.97,1,1,0,0.1368,0,Low Risk
15580719,Davis,France,Female,23,697,0.0,2,1,0,0.0428,0,Low Risk
15656293,Davey,France,Male,35,786,0.0,2,0,0,0.0124,0,Low Risk
15691875,Tsou,Germany,Female,39,850,114491.82,1,0,0,0.5341,1,High Risk
15596870,Marino,Germany,Male,54,749,144768.94,1,0,1,0.9874,1,Critical Risk
15780770,Kerr,France,Male,31,445,145056.59,1,1,0,0.0289,0,Low Risk
15751491,Hsiao,Germany,Male,50,443,117206.3,1,0,1,0.9736,1,Critical Risk
15706200,Graham,Germany,Male,41,637,138014.4,2,0,0,0.1962,0,Low Risk
15808674,Ejikemeifeuwa,Germany,Female,45,616,128352.59,3,1,1,1.0,1,Critical Risk
15641411,Volkova,France,Female,23,756,112568.31,1,1,0,0.0426,0,Low Risk
15764661,Wang,France,Male,33,644,0.0,1,0,0,0.2169,0,Moderate Risk
15689492,Benjamin,Germany,Male,41,850,176958.46,2,1,0,0.026,0,Low Risk
15602405,Ryrie,Germany,Female,38,703,99167.54,1,0,0,0.6216,1,High Risk
15610271,Andreev,Spain,Female,42,684,103210.27,1,0,0,0.3941,1,Moderate Risk
15791780,Ts'ao,Germany,Female,48,706,104478.12,3,1,1,1.0,1,Critical Risk
15589147,Frolov,Spain,Male,61,580,125921.37,1,1,0,0.1923,0,Low Risk
15756975,Montemayor,Spain,Female,35,777,0.0,2,1,0,0.0159,0,Low Risk
15729582,Fu,Germany,Male,48,676,80697.44,1,0,0,0.8054,1,Critical Risk
15742971,Whitehead,France,Female,44,708,161887.81,2,0,0,0.2259,0,Moderate Risk
15568046,Izuchukwu,France,Male,24,809,109558.36,1,0,0,0.0609,0,Low Risk
15694890,Lai,France,Male,38,588,124271.26,1,0,0,0.1485,0,Low Risk
15736963,Herring,France,Male,43,623,0.0,2,1,0,0.0241,0,Low Risk
15646490,Duffy,Spain,Male,42,537,190569.23,1,1,0,0.0827,0,Low Risk
15607314,Chiefo,Spain,Male,53,536,143923.96,1,0,1,0.7815,1,Critical Risk
15576745,Fyodorov,France,Male,48,769,96542.16,2,1,0,0.0588,0,Low Risk
15669606,Chu,France,Male,33,690,0.0,2,0,0,0.0159,0,Low Risk
15737832,Robertson,Spain,Male,45,771,139825.56,1,0,1,0.5264,1,High Risk
15681990,Palmerston,Germany,Male,24,497,111769.14,2,0,0,0.0582,0,Low Risk
15758050,Madukwe,Spain,Male,37,622,0.0,2,0,0,0.0124,0,Low Risk
15787848,Chinedum,Spain,Male,30,602,113672.18,2,0,0,0.06,0,Low Risk
15713594,French,France,Female,32,543,147256.86,1,0,0,0.13,0,Low Risk
15588186,Polyakov,Spain,Male,45,520,107023.03,1,0,0,0.5638,1,High Risk
15786739,Clements,France,Male,37,669,125529.55,1,1,0,0.0609,0,Low Risk
15699467,Connor,Spain,Female,41,631,0.0,1,0,0,0.5137,1,High Risk
15680706,Balashov,Germany,Male,48,537,131834.8,1,0,1,0.9736,1,Critical Risk
15645717,Avdeeva,France,Male,62,732,0.0,2,1,0,0.0343,0,Low Risk
15748597,Chester,Spain,Male,56,844,99529.7,1,1,1,0.373,1,Moderate Risk
15773709,Hung,Spain,Male,35,838,0.0,2,1,0,0.0,0,Low Risk
15629787,Tu,France,Male,27,652,107303.72,2,0,0,0.0136,0,Low Risk
15661007,Thompson,France,Male,33,660,72783.42,1,0,0,0.0592,0,Low Risk
15686812,Jones,Spain,Female,44,692,0.0,1,1,0,0.4523,1,High Risk
15754113,Li,France,Female,35,588,0.0,2,1,0,0.0262,0,Low Risk
15749489,Denisova,Germany,Female,22,533,115743.6,1,0,0,0.2602,0,Moderate Risk
15574352,Clogstoun,France,Male,43,850,161256.53,1,1,0,0.0569,0,Low Risk
15701281,Tan,France,Male,27,511,0.0,2,1,0,0.0,0,Low Risk
15811985,Power,Spain,Male,44,530,0.0,2,0,0,0.0419,0,Low Risk
15713505,Harriman,France,Male,31,554,0.0,2,1,0,0.0062,0,Low Risk
15685653,Benson,Germany,Female,40,585,162261.01,2,0,0,0.1374,0,Low Risk
15758831,Thornton,France,Male,39,754,74896.33,1,0,0,0.0999,0,Low Risk
15618774,White,France,Male,54,474,0.0,1,0,1,0.9739,1,Critical Risk
15764448,Mackenzie,Germany,Male,35,837,144037.6,1,0,0,0.2932,1,Moderate Risk
15611024,Kalinina,France,Female,23,567,93522.2,1,1,0,0.0336,0,Low Risk
15738220,Bennet,Spain,Male,38,800,0.0,2,0,0,0.0159,0,Low Risk
15805764,Hallahan,France,Male,18,646,0.0,2,1,0,0.0254,0,Low Risk
15580487,Martin,Germany,Male,38,627,106922.92,2,1,0,0.0649,0,Low Risk
15675787,Rivera,France,Male,26,505,112972.57,1,0,0,0.0717,0,Low Risk
15583580,Chiawuotu,Germany,Female,35,566,123042.0,1,0,1,0.6225,1,High Risk
15780654,Sergeyev,Germany,Female,33,619,100488.92,2,1,0,0.0569,0,Low Risk
15695034,Christie,France,Female,44,757,123322.15,1,0,0,0.4808,1,High Risk
15805671,Louis,France,Male,32,648,0.0,1,1,0,0.0609,0,Low Risk
15790658,Iqbal,Spain,Male,42,621,68683.68,1,1,0,0.0852,0,Low Risk
15578648,Marino,Germany,Male,49,543,59532.18,1,0,0,0.8305,1,Critical Risk
15734987,Robertson,France,Female,43,658,140260.36,2,0,0,0.1374,0,Low Risk
15721740,Pai,Germany,Male,50,633,88302.65,1,1,0,0.4252,1,High Risk
15641822,Barese,France,Female,19,648,0.0,2,1,0,0.0124,0,Low Risk
15765650,Chigolum,Germany,Male,40,501,114655.58,1,0,0,0.5813,1,High Risk
15788556,Trouette,France,Female,42,683,148283.94,1,1,1,0.2987,1,Moderate Risk
15576550,Ugochukwu,Spain,Female,38,619,0.0,1,0,1,0.4884,1,High Risk
15622230,Cribb,France,Female,35,705,0.0,2,1,0,0.0289,0,Low Risk
15653937,McIntyre,Germany,Female,53,638,123916.67,1,0,1,1.0,1,Critical Risk
15743538,Pickering,France,Female,31,710,0.0,2,0,0,0.0274,0,Low Risk
15591740,Fletcher,France,Female,54,590,0.0,2,1,1,0.1503,0,Low Risk
15650086,Uchenna,France,Male,43,725,165896.0,2,0,0,0.108,0,Low Risk
15718773,Pisano,France,Female,32,638,0.0,2,0,0,0.0403,0,Low Risk
15615140,Corson,France,Male,36,791,111168.97,1,1,0,0.0592,0,Low Risk
15644361,Hooper,France,Female,40,702,103549.24,1,0,1,0.3238,1,Moderate Risk
15774536,He,France,Female,32,607,0.0,2,0,0,0.0289,0,Low Risk
15618661,Chidubem,France,Male,30,535,103804.97,1,1,0,0.0409,0,Low Risk
15605020,Schofield,France,Male,45,651,165901.59,2,0,1,0.3628,1,Moderate Risk
15762134,Liang,Germany,Male,59,506,119152.1,2,1,0,0.3226,1,Moderate Risk
15685279,Somadina,Spain,Female,57,511,122950.31,1,1,0,0.3414,1,Moderate Risk
15582849,McIntosh,France,Female,51,757,0.0,1,1,1,0.8151,1,Critical Risk
15655410,Hinton,Germany,Male,49,768,133384.66,1,0,1,0.9736,1,Critical Risk
15649129,Sal,France,Male,32,757,0.0,2,0,0,0.0124,0,Low Risk
15702380,De Luca,Spain,Male,64,663,0.0,2,1,0,0.0419,0,Low Risk
15759067,Bromby,Germany,Female,37,537,158411.95,4,1,1,0.9705,1,Critical Risk
15683027,Chang,Germany,Male,29,570,122028.65,2,1,0,0.0538,0,Low Risk
15597487,Hunter,France,Female,35,850,0.0,1,1,0,0.13,0,Low Risk
15763256,Sheppard,Germany,Female,64,661,128751.65,2,0,1,0.9037,1,Critical Risk
15620111,Fan,France,Male,54,659,133436.52,1,0,0,0.8767,1,Critical Risk
15623053,Muir,Spain,Male,40,454,123177.01,1,0,0,0.2203,0,Moderate Risk
15595592,Lai,France,Female,59,708,0.0,1,0,1,0.9946,1,Critical Risk
15740072,Padovesi,France,Female,37,720,120328.88,2,1,0,0.0724,0,Low Risk
15778005,Kemp,France,Female,39,785,130147.98,1,0,1,0.4012,1,High Risk
15583278,Greece,Spain,Female,36,743,92716.96,1,1,0,0.0593,0,Low Risk
15601263,Young,Spain,Female,48,493,0.0,2,0,0,0.2131,0,Moderate Risk
15709222,Chukwueloka,Spain,Male,34,557,0.0,1,1,0,0.1351,0,Low Risk
15713949,Woods,France,Male,40,850,76914.21,1,0,0,0.1608,0,Low Risk
15717706,Forbes,France,Female,32,799,106045.92,2,1,0,0.0289,0,Low Risk
15756071,Kang,France,Male,34,756,103133.26,1,1,0,0.018,0,Low Risk
15696564,Nweke,France,Male,38,752,145974.79,2,1,0,0.0336,0,Low Risk
15657637,Ts'ui,Spain,Female,36,696,0.0,3,0,0,0.644,1,High Risk
15755863,Milano,Spain,Female,49,630,0.0,2,1,0,0.163,0,Low Risk
15719858,Chao,Spain,Female,38,659,0.0,2,1,0,0.0247,0,Low Risk
15688876,Wan,Spain,Male,39,685,0.0,2,1,0,0.0062,0,Low Risk
15698528,Napolitani,Spain,Female,31,599,0.0,1,1,1,0.1679,0,Low Risk
15770345,Kovaleva,Spain,Female,31,559,139183.06,1,1,0,0.0671,0,Low Risk
15761506,Russell,Spain,Male,19,615,0.0,2,0,0,0.0101,0,Low Risk
15716619,Chiebuka,Germany,Female,36,580,74974.89,1,1,0,0.2752,1,Moderate Risk
15788367,Ellis,Spain,Male,44,487,61691.45,1,1,0,0.0671,0,Low Risk
15709451,Gordon,Germany,Female,35,646,121952.75,2,1,0,0.0896,0,Low Risk
15640421,Conway,France,Female,35,811,0.0,1,1,0,0.1185,0,Low Risk
15580068,Buccho,Spain,Male,35,526,0.0,2,1,0,0.0062,0,Low Risk
15677123,Aksyonova,Spain,Male,37,767,0.0,2,1,0,0.0062,0,Low Risk
15619801,Batty,France,Female,33,548,80107.83,2,1,0,0.0289,0,Low Risk
15582246,Rowe,Spain,Female,45,737,0.0,2,1,0,0.0671,0,Low Risk
15711843,Pisani,Germany,Male,40,613,147856.82,3,0,1,0.9736,1,Critical Risk
15680046,Onochie,Spain,Male,36,711,0.0,2,0,0,0.0251,0,Low Risk
15804131,Farmer,Spain,Female,53,850,65407.16,2,0,1,0.5992,1,High Risk
15722611,Cameron,France,Female,53,752,114233.18,1,1,0,0.5905,1,High Risk
15729224,Jennings,France,Female,37,710,0.0,2,0,0,0.0542,0,Low Risk
15811588,Eluemuno,Spain,Female,53,664,187602.18,1,0,1,0.9725,1,Critical Risk
15702138,Swift,France,Female,22,510,156834.34,1,0,0,0.0492,0,Low Risk
15749799,Pisani,France,Female,34,577,0.0,2,1,0,0.0219,0,Low Risk
15752885,Nnonso,France,Male,42,529,157498.9,1,1,0,0.0896,0,Low Risk
15674932,Cameron,Spain,Female,44,757,0.0,2,0,0,0.0941,0,Low Risk
15743828,Stevens,France,Male,41,691,0.0,1,1,1,0.1661,0,Low Risk
15642022,Zito,Spain,Male,34,621,0.0,1,0,0,0.1661,0,Low Risk
15746461,Taylor,Spain,Male,35,709,0.0,2,0,0,0.0254,0,Low Risk
15809991,Ferrari,Spain,Male,19,756,130274.22,1,1,0,0.0365,0,Low Risk
15787322,Yeh,France,Female,41,788,0.0,1,1,0,0.3306,1,Moderate Risk
15575498,Gould,France,Female,39,705,149379.66,2,0,0,0.1548,0,Low Risk
15691387,Agafonova,France,Male,29,483,0.0,1,1,0,0.0426,0,Low Risk
15765457,Fowler,Spain,Male,35,719,100829.94,1,1,0,0.0426,0,Low Risk
15666173,Chidumaga,Germany,Female,32,793,96408.98,1,1,0,0.086,0,Low Risk
15627377,Sabbatini,France,Male,41,593,0.0,2,1,0,0.0159,0,Low Risk
15656683,Johnson,France,Male,52,551,0.0,1,0,1,0.9677,1,Critical Risk
15679810,Chapman,France,Male,39,690,0.0,2,0,0,0.0336,0,Low Risk
15606310,Birk,France,Male,71,823,149105.08,1,1,0,0.1114,0,Low Risk
15756871,Capon,Spain,Male,39,512,0.0,1,0,0,0.4199,1,High Risk
15610002,Chidubem,Spain,Male,41,802,0.0,2,1,0,0.0062,0,Low Risk
15567802,Childs,Spain,Female,34,450,0.0,2,0,0,0.0343,0,Low Risk
15745452,Sun,Germany,Male,41,651,90218.11,1,0,0,0.5575,1,High Risk
15617252,Lung,France,Female,33,697,87347.7,1,0,0,0.1861,0,Low Risk
15753248,Tao,France,Male,28,611,0.0,2,0,0,0.0062,0,Low Risk
15610755,Napolitano,France,Female,33,643,137811.75,1,1,0,0.0609,0,Low Risk
15662238,Davis,France,Male,37,822,105563.0,1,0,0,0.0839,0,Low Risk
15799186,Sagese,France,Male,38,632,0.0,2,0,0,0.0271,0,Low Risk
15686941,Hutchinson,Spain,Female,26,575,0.0,2,0,0,0.0159,0,Low Risk
15601172,Nelson,France,Male,31,672,91125.75,1,0,0,0.1369,0,Low Risk
15723858,Schiavone,Spain,Male,39,517,0.0,2,1,0,0.0124,0,Low Risk
15615896,Chienezie,Spain,Male,39,621,0.0,2,0,0,0.0352,0,Low Risk
15737647,Obioma,Germany,Female,77,775,135120.56,1,0,0,0.6133,1,High Risk
15582841,Butusov,France,Male,29,600,0.0,2,1,0,0.0062,0,Low Risk
15760090,Pisano,France,Male,28,640,0.0,2,1,0,0.0062,0,Low Risk
15588587,Stetson,France,Female,36,752,86837.95,1,1,0,0.0671,0,Low Risk
15683157,Waring,France,Male,26,613,100446.57,1,1,0,0.0565,0,Low Risk
15694209,Fanucci,France,Female,32,484,0.0,2,1,0,0.0159,0,Low Risk
15655875,Thao,France,Female,33,511,0.0,2,0,0,0.0343,0,Low Risk
15805704,Murphy,France,Female,32,745,0.0,4,1,1,0.9065,1,Critical Risk
15744789,McConnell,Spain,Female,32,786,114512.59,1,0,0,0.2665,0,Moderate Risk
15799357,Armfield,France,Male,35,727,136364.46,1,0,0,0.1465,0,Low Risk
15726153,Fanucci,France,Male,31,622,106260.67,1,1,0,0.0239,0,Low Risk
15713346,Panina,France,Male,24,794,146126.75,1,1,0,0.0159,0,Low Risk
15665053,Nixon,Spain,Male,52,636,111284.53,1,1,1,0.4215,1,High Risk
15592379,Walker,Spain,Female,42,741,121056.63,2,0,0,0.2657,0,Moderate Risk
15692599,Chiemela,France,Male,34,687,128270.56,1,0,0,0.13,0,Low Risk
15620758,Martel,Spain,Male,30,660,0.0,2,0,0,0.0159,0,Low Risk
15637428,Briggs,France,Male,35,660,0.0,2,0,0,0.0124,0,Low Risk
15808389,Iheatu,France,Female,79,617,0.0,1,1,0,0.0657,0,Low Risk
15807003,Jennings,France,Male,32,762,191775.65,1,0,0,0.0856,0,Low Risk
15702912,Ch'en,Spain,Female,35,752,0.0,1,0,1,0.4346,1,High Risk
15590623,Kovalyov,Spain,Male,34,561,85141.79,2,1,0,0.0144,0,Low Risk
15728078,Yeh,France,Male,26,609,126392.18,1,1,0,0.0144,0,Low Risk
15708256,Chien,France,Male,28,803,0.0,2,0,0,0.0062,0,Low Risk
15582335,Brown,France,Female,40,556,129860.37,1,0,0,0.3762,1,Moderate Risk
15649150,Buddicom,France,Female,53,531,127642.44,1,0,1,0.9736,1,Critical Risk
15691647,McGregor,France,Female,35,411,0.0,2,1,0,0.0254,0,Low Risk
15668270,Thompson,Germany,Female,44,587,125584.17,2,1,1,0.2199,0,Moderate Risk
15624820,Ross,Spain,Male,56,683,50911.21,3,0,1,1.0,1,Critical Risk
15736254,Ch'ang,France,Male,29,654,91955.61,1,0,0,0.0576,0,Low Risk
15720814,Warren,Germany,Female,36,670,84266.44,2,0,0,0.0577,0,Low Risk
15642997,Uspenskaya,France,Female,36,655,147149.59,1,1,0,0.1098,0,Low Risk
15693200,King,France,Female,36,752,0.0,2,0,0,0.0476,0,Low Risk
15624596,Trentini,France,Female,23,534,104822.45,1,1,0,0.0855,0,Low Risk
15807167,Konovalova,France,Male,42,635,146766.72,2,1,0,0.0593,0,Low Risk
15660301,Dellucci,Germany,Male,70,491,148745.92,2,1,0,0.0477,0,Low Risk
15593094,Goddard,France,Male,27,516,0.0,1,0,1,0.1539,0,Low Risk
15618239,Neumann,France,Female,48,530,0.0,1,0,0,0.9585,1,Critical Risk
15574137,Ch'in,Spain,Male,35,687,0.0,2,1,0,0.0062,0,Low Risk
15614740,Walters,France,Female,41,684,135203.81,2,1,0,0.1471,0,Low Risk
15574071,Muravyova,Germany,Male,23,706,93301.97,2,1,0,0.0219,0,Low Risk
15671148,Barry,Germany,Male,33,490,96341.0,2,0,0,0.0336,0,Low Risk
15721921,Woolnough,France,Male,44,796,165326.2,1,1,0,0.0856,0,Low Risk
15717995,Keen,France,Male,27,849,0.0,2,1,0,0.0062,0,Low Risk
15632050,Liebe,France,Female,41,779,99786.2,1,0,0,0.2742,1,Moderate Risk
15647111,White,Spain,Female,22,794,114440.24,1,1,0,0.0569,0,Low Risk
15759991,Hunter,Spain,Male,36,748,141573.55,1,0,0,0.1795,0,Low Risk
15790204,Myers,Spain,Female,22,663,0.0,1,0,1,0.104,0,Low Risk
15686780,Rogova,Spain,Female,55,645,133676.65,1,1,0,0.434,1,High Risk
15640491,Raff,France,Female,33,464,147493.7,2,0,0,0.0452,0,Low Risk
15783225,Cocci,France,Male,54,737,0.0,1,0,1,0.9677,1,Critical Risk
15734438,Kanayochukwu,France,Female,29,590,0.0,2,0,0,0.0282,0,Low Risk
15688760,Obialo,Germany,Female,37,522,95022.57,1,1,0,0.3457,1,Moderate Risk
15768124,Liu,France,Female,34,648,0.0,1,0,0,0.3367,1,Moderate Risk
15661330,Gilbert,France,Male,37,754,0.0,1,1,0,0.1443,0,Low Risk
15781272,Coles,France,Male,50,669,149713.61,3,1,1,0.9813,1,Critical Risk
15573888,Ponomaryov,Germany,Female,43,648,107963.38,1,0,1,0.8767,1,Critical Risk
15575858,Bergamaschi,France,Male,40,763,0.0,2,0,0,0.0336,0,Low Risk
15645937,Guerin,Spain,Male,32,790,0.0,1,0,0,0.1896,0,Low Risk
15702337,Sinclair,France,Male,37,581,0.0,2,1,0,0.0124,0,Low Risk
15764537,Dominguez,France,Male,43,703,0.0,2,0,0,0.0305,0,Low Risk
15619616,Costa,France,Female,33,571,102017.25,2,0,0,0.0661,0,Low Risk
15585133,Wei,Spain,Female,27,657,0.0,2,0,0,0.0062,0,Low Risk
15573971,Mills,France,Male,44,737,0.0,2,0,0,0.0426,0,Low Risk
15579433,Pugh,Spain,Male,29,793,96674.55,2,0,0,0.0062,0,Low Risk
15777045,Price,Spain,Female,44,783,81811.71,1,0,1,0.5014,1,High Risk
15611580,Wood,Spain,Male,33,751,79281.61,1,0,0,0.1212,0,Low Risk
15614778,Robertson,France,Male,31,579,0.0,2,0,0,0.0124,0,Low Risk
15771750,Sawtell,Germany,Female,36,655,122314.39,1,0,0,0.4995,1,High Risk
15593280,Yuryeva,Germany,Male,43,614,140733.74,1,1,0,0.4894,1,High Risk
15569274,Pisano,Germany,Male,49,678,116933.11,1,0,1,0.9004,1,Critical Risk
15654408,Kharitonova,Spain,Male,41,562,165445.04,2,0,0,0.1259,0,Low Risk
15657468,Simmons,Germany,Female,53,711,123805.03,1,0,0,0.9889,1,Critical Risk
15614213,Muramats,France,Male,37,620,107548.94,1,0,0,0.0982,0,Low Risk
15589869,Tang,France,Male,49,437,111634.29,2,1,0,0.193,0,Low Risk
15693205,Peng,Germany,Female,41,691,109153.96,3,1,1,0.9946,1,Critical Risk
15797113,Bevan,Spain,Female,34,552,0.0,2,0,0,0.0471,0,Low Risk
15676958,Zito,Germany,Male,34,765,86055.17,2,1,0,0.0225,0,Low Risk
15739592,Sokolov,Germany,Female,51,707,98438.23,1,0,1,0.9677,1,Critical Risk
15656263,Teng,Spain,Male,29,764,0.0,2,0,0,0.0124,0,Low Risk
15636872,Amadi,France,Female,32,585,144705.87,2,0,0,0.0815,0,Low Risk
15589435,Davide,France,Male,31,784,0.0,2,1,0,0.0062,0,Low Risk
15640464,Parkes,France,Male,41,605,91612.91,1,1,0,0.0684,0,Low Risk
15723851,Mazzanti,Spain,Male,40,699,0.0,1,0,0,0.4354,1,High Risk
15722122,Findlay,France,Female,40,544,0.0,1,1,0,0.5234,1,High Risk
15696852,Hsu,France,Female,32,803,192122.84,1,1,1,0.3762,1,Moderate Risk
15634936,Chukwukadibia,France,Male,41,735,179904.0,1,1,0,0.1471,0,Low Risk
15575935,Baxter,France,Male,59,673,178058.06,2,1,1,0.4355,1,High Risk
15634491,Kung,France,Male,30,652,176166.56,2,1,0,0.0365,0,Low Risk
15628530,Booth,France,Male,42,694,156864.2,2,0,0,0.0833,0,Low Risk
15678720,Evans,France,Female,44,741,0.0,2,1,0,0.046,0,Low Risk
15627999,Kung,Spain,Male,30,590,0.0,2,0,0,0.0124,0,Low Risk
15571244,Tung,Spain,Female,33,809,0.0,2,1,0,0.0124,0,Low Risk
15739931,Yuan,France,Male,34,523,161588.89,1,1,0,0.0527,0,Low Risk
15806256,Jackson,France,Male,48,540,109349.29,1,0,1,0.7371,1,Critical Risk
15787258,Ross,Spain,Female,29,596,0.0,2,0,0,0.0281,0,Low Risk
15706463,Yang,France,Female,36,597,0.0,2,1,0,0.0221,0,Low Risk
15691004,Yu,Spain,Male,37,407,0.0,1,1,1,0.3218,1,Moderate Risk
15792228,Onwumelu,France,Male,60,748,152335.7,1,0,1,0.9018,1,Critical Risk
15733447,Gay,France,Female,51,562,124662.54,1,1,1,0.7028,1,Critical Risk
15679062,Morrison,Germany,Female,47,734,91522.04,2,1,0,0.3716,1,Moderate Risk
15594409,Belov,France,Male,45,710,0.0,2,1,0,0.0365,0,Low Risk
15613816,Mao,Spain,Female,39,539,62052.28,1,1,0,0.1539,0,Low Risk
15681991,Walsh,France,Male,32,542,107871.72,1,0,0,0.0609,0,Low Risk
15796074,Bruno,France,Female,36,717,99472.76,2,0,1,0.0701,0,Low Risk
15625941,Gray,Spain,Female,50,682,128039.01,1,1,0,0.2266,0,Moderate Risk
15615016,Maurer,France,Male,33,515,0.0,2,1,0,0.0101,0,Low Risk
15748414,Chiang,Spain,Female,33,526,114634.63,2,0,1,0.1165,0,Low Risk
15751203,Cattaneo,France,Male,26,702,56738.47,2,1,1,0.0101,0,Low Risk
15662658,Grieve,Germany,Male,34,651,90355.12,2,0,0,0.0101,0,Low Risk
15574868,Lowell,Germany,Male,36,792,115725.24,2,0,0,0.0359,0,Low Risk
15790282,Trentino,Germany,Male,58,817,114327.59,2,1,0,0.2877,1,Moderate Risk
15762927,Sung,Germany,Female,36,674,100762.64,1,0,0,0.6487,1,High Risk
15803456,Yen,France,Female,40,641,0.0,1,0,1,0.6621,1,Critical Risk
15771857,Philipp,Spain,Male,39,513,89039.9,2,1,0,0.0281,0,Low Risk
15700601,Dynon,France,Male,34,561,78829.53,1,1,0,0.0311,0,Low Risk
15569670,Alexeyeva,Germany,Male,30,627,112372.96,1,1,0,0.1745,0,Low Risk
15772341,Hs?eh,Germany,Male,81,682,122029.15,1,1,0,0.0599,0,Low Risk
15661548,Ferri,France,Female,29,683,157829.12,1,0,0,0.0554,0,Low Risk
15787597,Hsu,Germany,Female,31,420,108377.75,2,1,0,0.0452,0,Low Risk
15806913,Bishop,France,Female,54,670,95507.12,1,1,0,0.5134,1,High Risk
15804862,Toscani,Germany,Male,43,505,127146.68,1,0,0,0.6225,1,High Risk
15792986,T'ao,Germany,Male,24,580,133811.78,1,0,1,0.4036,1,High Risk
15625632,Philip,France,Male,36,577,121092.47,2,1,0,0.0343,0,Low Risk
15727703,Li Fonti,Germany,Male,34,773,126979.75,1,0,0,0.3269,1,Moderate Risk
15606273,Rene,France,Male,37,616,144235.73,2,0,1,0.0592,0,Low Risk
15799652,Daigle,France,Female,38,763,152582.2,2,0,0,0.1072,0,Low Risk
15715047,Joshua,Spain,Male,43,640,172478.15,1,0,1,0.4643,1,High Risk
15784687,Simmons,France,Male,36,592,126477.42,1,0,0,0.0862,0,Low Risk
15615322,Jamieson,Spain,Male,43,528,97473.87,2,1,0,0.0452,0,Low Risk
15722072,Hou,France,Male,53,630,138053.67,1,1,0,0.5215,1,High Risk
15646784,Cochran,France,Female,31,529,164003.05,2,1,0,0.0336,0,Low Risk
15644692,Bibb,France,Female,47,546,0.0,1,1,1,0.6429,1,High Risk
15670354,Jen,France,Female,62,753,0.0,2,1,0,0.0684,0,Low Risk
15716357,Corran,Spain,Female,39,772,122486.11,2,1,0,0.0724,0,Low Risk
15786717,He,France,Male,36,567,0.0,2,0,0,0.0062,0,Low Risk
15771383,Loggia,Germany,Female,45,628,53667.44,1,0,0,0.8592,1,Critical Risk
15649793,Lovely,France,Male,20,658,0.0,2,0,0,0.0124,0,Low Risk
15731543,Becker,Spain,Male,58,679,109327.65,1,1,0,0.0684,0,Low Risk
15684516,Plascencia,Spain,Male,34,629,121151.05,1,0,0,0.0861,0,Low Risk
15677249,Somadina,Spain,Male,42,731,101043.63,1,1,0,0.0528,0,Low Risk
15581525,Walker,Germany,Male,33,775,83501.66,2,0,0,0.0343,0,Low Risk
15628420,Alekseeva,Spain,Male,33,660,80462.24,1,0,0,0.0901,0,Low Risk
15600478,Watson,France,Male,39,752,0.0,1,0,0,0.4272,1,High Risk
15594502,Zotov,France,Male,37,655,109093.41,2,0,0,0.0257,0,Low Risk
15784361,Williamson,Spain,Female,46,543,140355.6,1,1,0,0.1622,0,Low Risk
15767626,Carpenter,France,Male,42,811,0.0,2,1,0,0.0219,0,Low Risk
15632521,Cattaneo,Germany,Male,45,689,130170.82,2,0,0,0.556,1,High Risk
15665088,Gordon,France,Female,42,531,0.0,2,1,0,0.046,0,Low Risk
15652084,Boni,France,Male,40,515,109542.29,1,1,0,0.1,0,Low Risk
15574761,Lynch,France,Female,41,466,33563.95,2,0,1,0.1834,0,Low Risk
15729515,McCarthy,France,Male,36,782,148795.17,2,1,0,0.0062,0,Low Risk
15682070,Davies,France,Male,64,611,0.0,2,1,0,0.0336,0,Low Risk
15743817,Hargreaves,Germany,Male,40,621,174126.75,3,0,1,0.9764,1,Critical Risk
15572158,Blackburn,Spain,Male,41,604,0.0,1,0,0,0.3528,1,Moderate Risk
15584477,K?,Spain,Female,35,655,106405.03,1,1,0,0.0781,0,Low Risk
15614893,Meng,Spain,Male,38,689,0.0,1,1,0,0.104,0,Low Risk
15665963,Cattaneo,Spain,Male,30,681,128393.29,1,1,0,0.0433,0,Low Risk
15612524,Hunt,Germany,Male,41,643,127841.52,1,0,0,0.6259,1,High Risk
15596962,Owens,France,Female,24,617,137295.19,2,1,0,0.0413,0,Low Risk
15744942,Steele,Spain,Female,55,638,155828.22,1,1,1,0.4421,1,High Risk
15573278,Kennedy,France,Male,39,743,0.0,2,0,0,0.0274,0,Low Risk
15717056,Pan,Germany,Female,25,828,144351.86,1,0,0,0.3537,1,Moderate Risk
15795881,Alexander,Spain,Male,35,776,106365.29,1,1,0,0.0436,0,Low Risk
15758939,Bray,Germany,Male,35,540,127801.88,1,1,0,0.2516,0,Moderate Risk
15792250,Nnabuife,Germany,Female,45,616,122793.96,1,1,0,0.7856,1,Critical Risk
15740406,Padovesi,Germany,Male,38,628,113525.84,1,0,1,0.6281,1,High Risk
15768137,Bray,Spain,Female,23,667,136100.69,2,0,1,0.0901,0,Low Risk
15569120,Lucas,France,Male,30,615,0.0,2,1,0,0.0062,0,Low Risk
15723721,Tinline,France,Male,30,543,140916.81,1,0,0,0.0989,0,Low Risk
15777122,Esomchi,France,Female,31,553,0.0,2,1,0,0.0124,0,Low Risk
15742681,Liao,Germany,Male,26,554,121365.39,1,1,0,0.1726,0,Low Risk
15582090,Iroawuchi,Spain,Female,36,684,0.0,1,0,0,0.4543,1,High Risk
15711254,Retana,France,Female,35,452,0.0,2,0,0,0.0359,0,Low Risk
15775067,Fang,France,Male,47,606,93578.68,2,1,1,0.1738,0,Low Risk
15602851,Ozioma,France,Male,40,629,0.0,1,0,0,0.3111,1,Moderate Risk
15802857,Robson,Spain,Female,33,659,115409.6,1,1,0,0.0359,0,Low Risk
15701175,Bruno,France,Female,33,493,90791.69,1,1,0,0.0455,0,Low Risk
15783019,Price,France,Female,62,794,123681.32,3,0,1,1.0,1,Critical Risk
15728912,Swanson,France,Female,44,554,92436.86,1,0,0,0.4705,1,High Risk
15585580,Chang,Germany,Female,52,796,167194.36,1,1,1,0.848,1,Critical Risk
15583480,Morgan,France,Female,36,807,0.0,2,1,0,0.0262,0,Low Risk
15620341,Nwebube,Germany,Male,44,500,160838.13,2,0,0,0.0609,0,Low Risk
15613886,Trevisan,Spain,Male,43,722,0.0,1,0,1,0.5828,1,High Risk
15792916,Ositadimma,Spain,Female,40,559,144470.77,1,1,0,0.0867,0,Low Risk
15710408,Cunningham,Spain,Female,38,584,0.0,2,1,0,0.0124,0,Low Risk
15598695,Fields,Germany,Female,68,834,130169.27,2,1,0,0.2146,0,Moderate Risk
15649354,Johnston,Spain,Male,35,754,0.0,2,1,0,0.0062,0,Low Risk
15737556,Vasilyev,France,Male,43,590,81076.8,2,1,1,0.0426,0,Low Risk
15671610,Hooper,France,Male,36,740,0.0,1,1,0,0.1305,0,Low Risk
15625092,Colombo,Germany,Female,57,502,101465.31,1,0,1,0.9826,1,Critical Risk
15741032,Tsao,France,Male,48,733,0.0,1,1,0,0.6464,1,High Risk
15750014,Chikere,Germany,Female,37,755,113865.23,2,1,0,0.1543,0,Low Risk
15784761,Ballard,Spain,Female,46,554,87603.35,3,1,1,0.9946,1,Critical Risk
15768359,Akhtar,France,Male,36,534,120037.96,1,0,0,0.1374,0,Low Risk
15805769,O'Loughlin,Spain,Male,33,656,0.0,2,0,0,0.0271,0,Low Risk
15719508,Davis,Germany,Male,49,575,121205.15,4,1,1,0.9968,1,Critical Risk
15609011,Barry,Spain,Male,47,480,75408.33,1,0,1,0.6007,1,High Risk
15703106,K'ung,France,Male,40,575,0.0,2,1,0,0.0159,0,Low Risk
15626795,Gorman,France,Female,40,672,0.0,1,0,1,0.6587,1,Critical Risk
15773731,John,Spain,Female,35,758,0.0,2,0,0,0.0289,0,Low Risk
15756196,Tsou,France,Male,50,682,121818.84,2,1,0,0.2466,0,Moderate Risk
15687903,Okonkwo,France,Female,29,501,0.0,2,0,0,0.0159,0,Low Risk
15777599,Esposito,Germany,Male,34,746,141806.0,2,1,0,0.0303,0,Low Risk
15754577,Boni,France,Female,51,556,61354.14,1,0,1,0.9725,1,Critical Risk
15584113,Pratt,Germany,Female,53,823,124954.94,1,1,1,0.9339,1,Critical Risk
15669589,Page,Germany,Female,68,491,95039.12,1,1,1,0.6783,1,Critical Risk
15632793,Wilkinson,France,Female,29,638,103417.74,1,1,0,0.0565,0,Low Risk
15711130,Tseng,France,Male,45,734,0.0,2,0,0,0.0667,0,Low Risk
15615254,Clark,France,Male,40,555,43028.77,1,0,0,0.3159,1,Moderate Risk
15720583,Finch,Germany,Female,44,745,119638.21,1,1,1,0.7394,1,Critical Risk
15780432,Shen,France,Male,37,728,122689.51,2,0,1,0.0553,0,Low Risk
15673223,Hou,France,Male,44,626,0.0,2,0,0,0.0821,0,Low Risk
15807989,Wall,Germany,Male,37,681,73179.34,2,1,0,0.0403,0,Low Risk
15761168,Manna,France,Female,38,478,171913.87,1,0,1,0.3055,1,Moderate Risk
15651272,Reyes,France,Male,38,709,0.0,2,1,0,0.0062,0,Low Risk
15812832,Jideofor,Germany,Male,33,562,92659.2,2,0,0,0.0274,0,Low Risk
15680517,Sal,Germany,Female,34,769,137239.17,1,1,1,0.4494,1,High Risk
15750569,Iweobiegbunam,Germany,Female,46,684,102955.14,2,0,0,0.6687,1,Critical Risk
15690743,Shao,France,Female,61,536,65190.29,1,1,1,0.4322,1,High Risk
15627741,Heath,Germany,Female,29,631,96863.52,2,1,0,0.0455,0,Low Risk
15712121,Chidimma,Spain,Male,34,657,154983.98,1,0,0,0.1611,0,Low Risk
15805429,Murray,Germany,Male,59,699,106819.65,1,1,0,0.7892,1,Critical Risk
15814923,Sullivan,Spain,Male,38,606,128578.52,1,1,0,0.0297,0,Low Risk
15589230,Wu,France,Female,63,612,126473.33,1,1,0,0.5143,1,High Risk
15775490,Downie,France,Female,38,660,110570.78,2,0,0,0.0959,0,Low Risk
15749727,Chukwufumnanya,Spain,Male,50,829,0.0,2,1,0,0.0581,0,Low Risk
15619238,Allan,Spain,Male,29,567,0.0,2,0,0,0.0124,0,Low Risk
15593468,Findlay,France,Female,33,850,0.0,2,1,0,0.0062,0,Low Risk
15718454,Ch'eng,Spain,Female,44,712,0.0,2,0,0,0.0574,0,Low Risk
15789498,Miller,France,Male,30,562,111099.79,2,0,0,0.0336,0,Low Risk
15744691,Tsai,France,Female,29,755,0.0,3,0,0,0.2846,1,Moderate Risk
15708289,Graham,Spain,Male,25,793,100913.57,1,0,0,0.0449,0,Low Risk
15790412,Norton,Spain,Male,26,471,0.0,2,1,0,0.0,0,Low Risk
15741416,Yegorov,France,Male,42,707,16893.59,1,1,0,0.1839,0,Low Risk
15598894,Holt,Spain,Male,38,784,122267.85,1,0,0,0.0936,0,Low Risk
15663294,Kao,France,Male,32,703,125685.79,1,1,0,0.0305,0,Low Risk
15572728,Ross,Spain,Male,36,704,127397.34,1,0,0,0.1803,0,Low Risk
15706729,Hsiao,France,Male,38,662,105271.56,1,1,0,0.0609,0,Low Risk
15674433,Allan,Germany,Female,28,636,115265.14,1,0,0,0.4894,1,High Risk
15641170,Liang,Spain,Male,36,640,0.0,1,0,0,0.381,1,Moderate Risk
15806284,Briggs,Spain,Male,31,739,0.0,2,1,0,0.0,0,Low Risk
15690958,Cantrell,Germany,Male,23,767,139542.82,1,1,0,0.1013,0,Low Risk
15606386,Wang,Germany,Female,46,753,111512.75,3,0,1,1.0,1,Critical Risk
15682322,Aksenov,France,Male,37,714,148466.93,2,1,0,0.0482,0,Low Risk
15579915,Glennon,France,Male,29,707,0.0,2,0,0,0.0124,0,Low Risk
15681928,Yancy,France,Female,35,577,108155.49,1,0,0,0.1991,0,Low Risk
15734005,Mazzi,France,Female,42,633,0.0,2,0,0,0.0896,0,Low Risk
15650432,Liu,Germany,Male,41,849,84622.13,1,1,0,0.0567,0,Low Risk
15592578,Nucci,Spain,Female,41,614,146997.64,2,0,0,0.1955,0,Low Risk
15671243,Y?,France,Female,47,558,0.0,2,0,0,0.3088,1,Moderate Risk
15775709,Nucci,France,Female,27,832,98590.25,1,0,0,0.0747,0,Low Risk
15702631,Tang,France,Female,26,567,0.0,2,1,0,0.0124,0,Low Risk
15602282,Kao,Germany,Female,45,587,134980.74,1,1,1,0.7855,1,Critical Risk
15717879,Chen,Spain,Female,79,712,108078.56,1,1,0,0.0359,0,Low Risk
15740878,Yao,Spain,Female,29,655,0.0,2,1,0,0.0101,0,Low Risk
15794468,Tsou,France,Female,42,641,0.0,2,0,0,0.0781,0,Low Risk
15773277,Barnes,France,Male,35,676,106836.67,2,0,0,0.0419,0,Low Risk
15572657,H?,France,Male,29,472,102490.27,1,1,0,0.0365,0,Low Risk
15800295,Cruz,Germany,Male,34,644,112746.54,2,0,0,0.2001,0,Moderate Risk
15672397,Smith,France,Male,38,598,125487.89,1,0,0,0.0684,0,Low Risk
15684921,Onuchukwu,Spain,Male,25,792,142862.21,1,1,0,0.0333,0,Low Risk
15720676,Bukowski,France,Female,37,700,0.0,2,0,0,0.0482,0,Low Risk
15731829,Simmons,France,Male,34,616,0.0,2,0,0,0.0316,0,Low Risk
15732672,Stewart,Spain,Male,35,743,79388.33,1,1,0,0.0449,0,Low Risk
15692406,Gow,France,Male,37,427,0.0,2,1,0,0.0062,0,Low Risk
15764405,Williams,France,Male,29,731,0.0,2,1,0,0.0124,0,Low Risk
15757537,Francis,France,Female,31,610,107784.65,1,1,0,0.1327,0,Low Risk
15793307,Calabresi,Spain,Female,41,724,142880.28,3,0,1,0.9705,1,Critical Risk
15660679,Chimaobim,Spain,Female,38,653,149571.94,1,0,0,0.2419,0,Moderate Risk
15666856,Chikwendu,France,Male,49,774,142767.39,1,1,0,0.1872,0,Low Risk
15687372,Padovesi,Germany,Male,49,547,121537.71,2,0,1,0.7245,1,Critical Risk
15667289,Henderson,Spain,Male,50,719,0.0,2,0,0,0.17,0,Low Risk
15624641,Kharlamova,Spain,Male,43,740,0.0,1,0,1,0.6283,1,High Risk
15734610,Onio,France,Male,42,543,89838.71,3,0,1,0.9725,1,Critical Risk
15631882,Yeh,Germany,Male,45,688,103399.87,1,0,0,0.9009,1,Critical Risk
15642709,Feng,France,Female,30,474,0.0,2,0,0,0.0097,0,Low Risk
15811026,Norman,Germany,Male,43,505,136855.94,2,0,0,0.1516,0,Low Risk
15596303,White,France,Female,39,688,0.0,2,0,1,0.0649,0,Low Risk
15787255,Manfrin,Germany,Female,55,650,140891.46,3,1,1,0.9902,1,Critical Risk
15617166,Ritchie,France,Male,37,610,0.0,1,0,0,0.2466,0,Moderate Risk
15742442,Udegbulam,Spain,Female,46,705,89364.91,1,1,0,0.4508,1,High Risk
15758692,Kao,France,Female,29,669,146011.4,1,0,0,0.0993,0,Low Risk
15568238,Diaz,Spain,Male,20,650,0.0,2,1,0,0.0,0,Low Risk
15730353,Olisaemeka,Germany,Male,29,550,145294.08,2,0,0,0.0839,0,Low Risk
15731555,Ross-Watt,Germany,Female,45,595,106000.12,1,0,1,0.9677,1,Critical Risk
15582404,Miller,Spain,Female,26,572,0.0,2,0,0,0.0281,0,Low Risk
15721462,Shubin,Spain,Female,58,622,0.0,2,1,0,0.0609,0,Low Risk
15632899,Nwankwo,Spain,Male,20,662,104508.77,2,0,0,0.0419,0,Low Risk
15808526,Cartwright,Germany,Female,58,783,127539.3,1,1,1,0.8271,1,Critical Risk
15694349,Ngozichukwuka,Spain,Male,44,714,0.0,1,1,0,0.1496,0,Low Risk
15718465,Sadler,Germany,Male,51,671,96891.46,1,0,1,0.9666,1,Critical Risk
15682995,Azuka,France,Female,32,600,78535.25,1,0,0,0.0842,0,Low Risk
15584776,Shen,Spain,Female,37,847,112712.17,1,0,0,0.1539,0,Low Risk
15777772,Whittaker,Spain,Male,55,650,119618.42,1,1,0,0.2354,0,Moderate Risk
15576156,Abazu,Spain,Female,28,710,0.0,1,0,0,0.2328,0,Moderate Risk
15646756,Murphy,France,Female,33,682,74963.5,1,1,0,0.0609,0,Low Risk
15742886,Ford,France,Male,26,642,138023.79,2,1,0,0.0101,0,Low Risk
15586135,Gratwick,Spain,Female,28,536,0.0,1,1,0,0.1054,0,Low Risk
15616152,Pai,France,Female,47,754,185513.67,1,0,0,0.823,1,Critical Risk
15721460,Lorenzo,France,Male,60,678,185648.56,1,0,1,0.9725,1,Critical Risk
15727317,Brady,Germany,Female,49,533,102286.6,3,0,1,1.0,1,Critical Risk
15649536,Wong,Germany,Male,38,741,128015.83,1,0,0,0.6259,1,High Risk
15754929,Douglas,France,Male,31,757,39539.39,2,0,0,0.0159,0,Low Risk
15572051,Kennedy,France,Male,40,721,0.0,1,1,0,0.1936,0,Low Risk
15668142,Chang,France,Male,37,700,77608.46,2,1,0,0.0274,0,Low Risk
15701176,Brown,France,Male,26,663,141462.13,1,0,0,0.0516,0,Low Risk
15708422,Hsiung,Spain,Female,35,677,0.0,2,0,0,0.0297,0,Low Risk
15655632,MacDonald,France,Male,27,655,131691.33,1,0,0,0.0609,0,Low Risk
15744606,Davidson,Spain,Male,29,832,93833.86,1,1,0,0.0124,0,Low Risk
15612140,Milano,Spain,Female,46,721,137933.39,1,1,0,0.1839,0,Low Risk
15656086,Bovee,Spain,Male,54,542,105770.14,1,1,1,0.4924,1,High Risk
15655298,Lewis,Spain,Female,54,654,0.0,2,1,0,0.1271,0,Low Risk
15644796,Dyer,Spain,Female,38,821,0.0,2,1,1,0.0159,0,Low Risk
15726250,Hsia,France,Female,38,508,166328.65,2,1,0,0.0642,0,Low Risk
15764432,Hicks,Germany,Female,42,588,164307.77,1,0,0,0.5661,1,High Risk
15631721,Millar,Germany,Male,38,691,163965.69,2,1,0,0.0359,0,Low Risk
15707479,Fan,France,Male,40,664,125608.72,1,0,0,0.2473,0,Moderate Risk
15579826,Young,France,Female,66,439,0.0,1,0,0,0.9555,1,Critical Risk
15668104,Kerr,Spain,Male,37,479,118433.94,1,1,0,0.0649,0,Low Risk
15641604,Frolova,France,Female,55,850,98488.08,1,0,1,0.8729,1,Critical Risk
15587240,Vasilyev,France,Male,40,518,0.0,2,1,0,0.0298,0,Low Risk
15680767,Sabbatini,Germany,Female,64,717,98362.35,2,1,0,0.1753,0,Low Risk
15601594,Ifeanacho,France,Female,51,698,144237.91,4,0,1,1.0,1,Critical Risk
15589969,Capon,France,Male,34,850,0.0,1,1,0,0.1133,0,Low Risk
15703728,Chieloka,Spain,Male,47,700,0.0,1,0,1,0.8894,1,Critical Risk
15617790,Hanson,France,Female,29,626,105767.28,2,0,0,0.0426,0,Low Risk
15662500,Ts'ao,Spain,Male,32,774,0.0,2,0,0,0.0062,0,Low Risk
15778526,Bradshaw,Spain,Female,48,719,0.0,2,0,0,0.2284,0,Moderate Risk
15670584,Nkemakolam,Spain,Male,31,646,0.0,1,1,1,0.0959,0,Low Risk
15748069,Clunie,France,Female,25,485,134467.26,1,1,0,0.0465,0,Low Risk
15680597,Cover,Germany,Male,38,784,138515.02,1,1,0,0.2205,0,Moderate Risk
15628992,Esposito,Germany,Male,32,850,128647.98,2,0,0,0.0359,0,Low Risk
15719624,Hodgson,France,Female,38,669,121858.98,1,0,0,0.294,1,Moderate Risk
15812767,Harvey,Spain,Male,70,731,0.0,2,1,0,0.0159,0,Low Risk
15689201,Dobie,France,Female,49,721,120108.56,1,1,0,0.7124,1,Critical Risk
15614716,Okwudilichukwu,France,Female,37,515,196853.62,1,1,0,0.0973,0,Low Risk
15683618,Dyer,France,Female,35,774,121418.62,1,1,0,0.1485,0,Low Risk
15799631,Chase,Spain,Male,36,585,0.0,2,1,0,0.0062,0,Low Risk
15692259,Baresi,France,Female,29,695,0.0,2,0,0,0.0316,0,Low Risk
15590966,Lo,Germany,Female,42,729,97495.8,2,0,0,0.1247,0,Low Risk
15656426,Tyler,France,Female,42,713,0.0,2,0,0,0.0609,0,Low Risk
15675256,Ts'ui,Spain,Male,33,555,127343.4,1,1,0,0.0593,0,Low Risk
15751185,Aparicio,Spain,Female,50,699,158633.61,1,0,0,0.6946,1,Critical Risk
15789582,Macleod,France,Male,55,587,0.0,1,0,0,0.9677,1,Critical Risk
15651103,Sal,Spain,Female,69,762,183744.98,1,1,0,0.105,0,Low Risk
15672299,Yeh,France,Male,44,510,0.0,2,1,0,0.0187,0,Low Risk
15772250,Udegbunam,Spain,Male,46,842,0.0,1,0,0,0.8089,1,Critical Risk
15763922,Alexandrov,France,Male,31,608,79962.92,2,0,0,0.0254,0,Low Risk
15633870,Ozioma,France,Female,36,850,0.0,2,1,0,0.0254,0,Low Risk
15624323,Atkins,France,Male,36,642,0.0,2,1,0,0.0101,0,Low Risk
15688612,Campos,France,Male,33,850,140956.99,1,0,0,0.0239,0,Low Risk
15694644,Wood,Spain,Female,43,455,0.0,1,1,0,0.2303,0,Moderate Risk
15587174,Kerr,France,Male,29,726,0.0,2,1,1,0.0062,0,Low Risk
15579559,Chienezie,Spain,Male,30,544,145241.63,1,1,0,0.0343,0,Low Risk
15775430,Tsou,Germany,Male,31,651,138008.06,2,0,0,0.0649,0,Low Risk
15623695,McKinnon,France,Female,31,814,0.0,2,1,0,0.0159,0,Low Risk
15760849,Nwachukwu,France,Male,39,537,0.0,2,1,0,0.0124,0,Low Risk
15813095,Nwebube,France,Male,37,553,0.0,2,0,0,0.0219,0,Low Risk
15705281,Burt,Spain,Male,38,800,0.0,1,0,0,0.2513,0,Moderate Risk
15812594,Ross,France,Male,34,791,0.0,2,0,0,0.0124,0,Low Risk
15626322,Lees,Spain,Female,29,699,127570.93,2,0,0,0.0856,0,Low Risk
15723105,Feetham,France,Female,28,756,0.0,1,1,0,0.1471,0,Low Risk
15588449,Chuang,Spain,Female,27,591,107812.67,1,1,1,0.0999,0,Low Risk
15794849,Aitken,Germany,Male,22,850,91560.58,2,0,0,0.0062,0,Low Risk
15620000,Chambers,Germany,Male,34,760,121303.77,2,1,0,0.0557,0,Low Risk
15799720,Coburn,Spain,Male,43,569,161546.68,2,1,0,0.0667,0,Low Risk
15711287,Ahmed,Spain,Female,35,661,128415.45,1,0,0,0.3282,1,Moderate Risk
15613102,Ogochukwu,France,Female,31,670,57530.06,1,1,1,0.1415,0,Low Risk
15621440,Soto,France,Male,38,694,0.0,2,1,0,0.0159,0,Low Risk
15677146,Obiajulu,France,Female,28,728,142243.54,2,0,0,0.0609,0,Low Risk
15801169,Yegorova,Germany,Female,39,764,138341.51,1,0,1,0.8802,1,Critical Risk
15722425,Lucchese,France,Male,32,639,0.0,2,0,0,0.0159,0,Low Risk
15682421,Talbot,France,Female,30,683,0.0,2,1,1,0.0254,0,Low Risk
15691910,Lu,Spain,Male,30,663,0.0,3,0,0,0.4175,1,High Risk
15721779,Arnold,Spain,Male,41,826,146466.46,2,0,0,0.0617,0,Low Risk
15579548,Nicholson,Spain,Male,36,735,0.0,2,0,0,0.0254,0,Low Risk
15681075,Chukwualuka,France,Female,58,682,0.0,1,1,0,0.6259,1,High Risk
15607884,Wallace,France,Female,39,663,0.0,2,1,0,0.0538,0,Low Risk
15767757,Pisano,Spain,Female,29,562,120307.58,1,1,0,0.0365,0,Low Risk
15791550,Kelly,France,Male,27,696,87637.26,2,0,0,0.0124,0,Low Risk
15658589,Brady,Spain,Male,38,850,94652.04,1,1,0,0.0304,0,Low Risk
15670822,Palmer,France,Female,22,719,114415.84,1,1,0,0.0671,0,Low Risk
15629744,Tan,France,Female,71,804,0.0,2,1,0,0.0579,0,Low Risk
15660768,L?,France,Male,40,604,84315.02,1,0,0,0.1205,0,Low Risk
15726310,Mordvinova,Spain,Female,27,782,0.0,2,0,0,0.0281,0,Low Risk
15641298,Corones,Germany,Male,42,512,93955.83,2,0,0,0.13,0,Low Risk
15625675,Clements,France,Male,36,569,67087.69,1,0,0,0.1623,0,Low Risk
15713354,Morrice,Germany,Female,22,597,101528.61,1,0,1,0.3036,1,Moderate Risk
15633866,Hsiung,Germany,Male,30,753,110824.52,1,1,0,0.0896,0,Low Risk
15704231,Barrett,France,Female,33,430,0.0,1,1,0,0.1036,0,Low Risk
15735400,Kanayochukwu,France,Male,28,756,179960.2,1,0,0,0.1138,0,Low Risk
15632826,Tardent,France,Male,38,493,134006.77,1,0,0,0.0843,0,Low Risk
15751022,Bowhay,Germany,Female,37,777,121532.17,2,1,0,0.1691,0,Low Risk
15664737,Lei,Spain,Female,38,779,0.0,2,1,0,0.0257,0,Low Risk
15681126,Baker,Spain,Female,38,702,0.0,1,1,0,0.2172,0,Moderate Risk
15738954,Pisano,France,Male,35,551,129717.3,2,0,0,0.0365,0,Low Risk
15662263,Castillo,Germany,Male,22,749,94762.16,2,1,0,0.0219,0,Low Risk
15621611,Gibson,Germany,Male,55,742,155196.17,1,1,1,0.6688,1,Critical Risk
15783752,Lindsay,Germany,Male,29,752,129514.99,1,1,0,0.1351,0,Low Risk
15709474,Macnamara,Germany,Female,57,740,113386.36,2,1,1,0.6216,1,High Risk
15701280,Romano,France,Male,24,576,0.0,1,1,1,0.0856,0,Low Risk
15671104,Aksakova,Spain,Male,43,637,172196.23,1,1,0,0.0815,0,Low Risk
15796434,Farnsworth,France,Male,28,724,97612.12,1,1,0,0.0352,0,Low Risk
15781505,Giordano,France,Male,20,685,104719.94,2,0,0,0.0352,0,Low Risk
15625819,Arnold,France,Female,38,625,0.0,1,0,0,0.5575,1,High Risk
15753174,Thompson,Germany,Male,37,571,139592.98,3,0,1,0.9968,1,Critical Risk
15654067,Koch,Spain,Female,29,584,0.0,2,0,0,0.0274,0,Low Risk
15724719,Jones,France,Female,22,550,139096.85,1,0,0,0.1034,0,Low Risk
15624695,Otitodilinna,Spain,Female,72,662,140301.72,1,1,0,0.0724,0,Low Risk
15718216,Fleetwood-Smith,Spain,Male,43,803,0.0,1,0,0,0.4276,1,High Risk
15586300,Chinonyelum,France,Male,66,615,0.0,2,1,0,0.0159,0,Low Risk
15783349,Montague,Spain,Male,39,481,111233.09,1,1,0,0.0833,0,Low Risk
15725767,Milani,France,Male,23,701,0.0,2,0,0,0.0101,0,Low Risk
15791925,Palermo,France,Male,29,751,147737.63,1,1,0,0.0179,0,Low Risk
15793585,Anderson,France,Male,35,675,0.0,2,1,0,0.0101,0,Low Risk
15576641,Crawford,Germany,Male,40,733,125725.02,2,1,0,0.0883,0,Low Risk
15749519,Lin,France,Male,38,822,128289.7,3,0,1,0.9594,1,Critical Risk
15684960,Yewen,France,Female,46,559,0.0,1,0,1,0.9191,1,Critical Risk
15591286,Simmons,Germany,Female,49,731,88826.07,1,1,1,0.8127,1,Critical Risk
15668323,Mbadiwe,France,Female,41,678,143443.61,1,0,1,0.3915,1,Moderate Risk
15608528,Munro,France,Female,68,645,0.0,4,1,1,0.9353,1,Critical Risk
15645184,Graham,France,Male,29,701,0.0,2,0,0,0.0124,0,Low Risk
15702566,Lombardo,Spain,Male,26,554,149134.46,1,1,0,0.0325,0,Low Risk
15660840,Kalinin,France,Male,30,723,124119.54,1,0,0,0.0649,0,Low Risk
15750811,Woodward,Germany,Male,44,766,116822.7,1,0,0,0.5111,1,High Risk
15733842,Pirozzi,France,Female,24,597,103219.47,1,0,0,0.0609,0,Low Risk
15581526,Iweobiegbulam,France,Male,41,574,0.0,2,0,0,0.0333,0,Low Risk
15662751,Piazza,Germany,Female,40,655,81954.6,1,1,1,0.2572,0,Moderate Risk
15684319,Baranova,Germany,Female,37,780,95196.26,1,0,1,0.4687,1,High Risk
15702190,Fan,Spain,Male,43,672,0.0,2,1,0,0.0102,0,Low Risk
15588517,Sun,France,Male,38,717,0.0,2,1,0,0.0124,0,Low Risk
15801863,Marino,France,Female,32,521,136555.01,2,1,0,0.0532,0,Low Risk
15584271,Donaldson,France,Male,59,633,0.0,1,1,0,0.6124,1,High Risk
15700366,Burton,France,Male,39,669,119452.03,1,1,0,0.0896,0,Low Risk
15804038,Quinn,France,Male,44,740,0.0,1,1,1,0.3091,1,Moderate Risk
15720820,Sabbatini,Germany,Female,24,462,69881.09,2,1,0,0.0136,0,Low Risk
15743759,Brooks,France,Male,39,619,0.0,2,1,0,0.0159,0,Low Risk
15749947,Black,France,Female,44,665,0.0,2,1,0,0.0426,0,Low Risk
15670496,Schwartz,Spain,Female,27,655,0.0,2,0,0,0.0159,0,Low Risk
15746664,Ts'ui,Spain,Male,20,463,204223.03,1,0,0,0.3234,1,Moderate Risk
15745533,Sargent,France,Female,63,799,110314.21,2,0,1,0.9346,1,Critical Risk
15761497,Udinesi,Spain,Female,48,713,163760.82,1,0,1,0.8539,1,Critical Risk
15628600,Lee,Germany,Female,31,807,141069.18,3,1,0,0.3894,1,Moderate Risk
15627002,Taylor,France,Male,38,728,115934.74,1,1,0,0.0609,0,Low Risk
15614635,Kepley,France,Male,52,582,151457.88,1,1,0,0.3414,1,Moderate Risk
15731281,Ozuluonye,Germany,Female,35,704,154206.07,2,1,0,0.0563,0,Low Risk
15814022,Lassetter,France,Female,26,714,89928.99,1,0,0,0.0609,0,Low Risk
15659194,Mishina,France,Male,30,628,89182.09,1,1,0,0.0274,0,Low Risk
15745030,Trevisano,Germany,Male,41,809,79706.25,2,0,0,0.0419,0,Low Risk
15691817,Iloerika,Spain,Female,44,547,0.0,3,0,1,0.8849,1,Critical Risk
15707488,Tan,France,Female,27,560,0.0,2,0,0,0.0274,0,Low Risk
15784700,Chikelu,France,Male,31,811,117799.28,1,1,0,0.0282,0,Low Risk
15710397,Lin,France,Male,26,584,0.0,2,0,0,0.0124,0,Low Risk
15687648,Nicholson,France,Male,28,691,0.0,2,0,0,0.0062,0,Low Risk
15732281,Ugoji,Germany,Male,34,680,146422.22,1,0,1,0.5828,1,High Risk
15607230,Michel,Germany,Male,33,588,150186.22,2,1,0,0.026,0,Low Risk
15567630,Bruce,Germany,Male,40,721,100275.88,1,0,1,0.6531,1,Critical Risk
15587507,Feng,France,Male,47,850,0.0,1,0,1,0.8318,1,Critical Risk
15733904,McDonald,France,Male,32,529,147493.89,1,0,0,0.0724,0,Low Risk
15709511,Watt,France,Male,43,622,0.0,2,0,0,0.0582,0,Low Risk
15579616,Goodwin,France,Female,42,683,0.0,2,1,0,0.0661,0,Low Risk
15694852,Arcuri,France,Male,29,575,121823.4,2,1,0,0.0144,0,Low Risk
15589924,Rapuluolisa,Spain,Female,40,577,0.0,2,1,0,0.0359,0,Low Risk
15799300,Kao,Germany,Male,31,510,113688.63,1,0,1,0.4082,1,High Risk
15731330,Tsui,Spain,Female,40,652,100471.34,1,1,0,0.1,0,Low Risk
15694129,Summers,Germany,Female,28,569,100032.52,1,0,1,0.4144,1,High Risk
15620372,Cross,Spain,Male,31,687,0.0,2,0,0,0.0124,0,Low Risk
15744622,Osorio,France,Male,32,822,116358.0,1,0,0,0.0649,0,Low Risk
15799815,Bobrov,Germany,Female,23,656,163549.63,1,1,0,0.1133,0,Low Risk
15759250,Barnett,Germany,Male,51,745,99183.9,1,1,0,0.769,1,Critical Risk
15732643,Pike,Spain,Female,53,386,131955.07,1,1,1,0.852,1,Critical Risk
15690540,Gearheart,Spain,Female,41,684,134177.06,1,0,0,0.4169,1,High Risk
15803078,Bruno,Spain,Female,38,635,0.0,2,0,0,0.0542,0,Low Risk
15652180,Egobudike,France,Male,30,582,0.0,2,1,0,0.0062,0,Low Risk
15741195,Okechukwu,Spain,Male,19,613,0.0,1,1,0,0.0565,0,Low Risk
15743490,Zikoranachidimma,Germany,Female,56,795,94348.94,1,0,1,0.9902,1,Critical Risk
15575510,Milanesi,France,Female,32,659,155584.21,1,1,0,0.0856,0,Low Risk
15732610,Ahern,France,Female,28,745,0.0,2,0,0,0.0336,0,Low Risk
15602909,Dickson,Spain,Female,41,604,0.0,2,1,0,0.0419,0,Low Risk
15734058,Anayochukwu,Germany,Male,32,509,170661.47,1,1,0,0.0544,0,Low Risk
15801788,McDonald,Germany,Female,29,706,185544.36,1,0,0,0.3103,1,Moderate Risk
15702462,Fiorentini,Spain,Female,44,619,52831.13,1,1,1,0.3266,1,Moderate Risk
15683416,Russo,Germany,Male,51,572,97750.07,3,1,1,0.9677,1,Critical Risk
15794187,Young,France,Male,36,695,114007.5,2,0,0,0.0576,0,Low Risk
15792989,Bianchi,France,Female,71,543,104308.77,1,1,0,0.0967,0,Low Risk
15613734,Fallaci,France,Female,33,640,84719.13,2,1,0,0.0426,0,Low Risk
15606177,Crawford,France,Male,39,672,0.0,2,0,0,0.0274,0,Low Risk
15636700,Marsh,France,Male,39,701,140236.98,1,1,0,0.0933,0,Low Risk
15645766,Kosisochukwu,Spain,Male,25,634,0.0,2,1,0,0.0,0,Low Risk
15671345,Piccio,Spain,Female,42,531,75302.85,2,0,0,0.1539,0,Low Risk
15652469,Nevels,France,Male,27,699,0.0,2,0,0,0.0101,0,Low Risk
15749638,Kaodilinakachukwu,France,Female,51,605,104760.82,1,1,1,0.6434,1,High Risk
15728706,Amaechi,France,Female,49,534,0.0,1,0,1,0.953,1,Critical Risk
15735439,P'an,Spain,Female,31,449,113693.0,1,0,0,0.0727,0,Low Risk
15778696,Ikemefuna,Spain,Female,36,684,174180.39,1,0,0,0.378,1,Moderate Risk
15624744,Tai,Germany,Male,42,622,115766.26,1,0,1,0.8077,1,Critical Risk
15584338,Winn,France,Female,40,714,0.0,2,0,0,0.081,0,Low Risk
15726178,Hardy,Spain,Female,48,712,0.0,2,0,0,0.247,0,Moderate Risk
15794939,Chiu,France,Female,72,783,121215.9,2,1,0,0.0359,0,Low Risk
15788068,Lopez,Germany,Male,45,743,144677.19,3,0,1,1.0,1,Critical Risk
15572956,Steen,France,Male,36,683,115350.63,1,1,0,0.0649,0,Low Risk
15780386,Ferri,Spain,Male,40,654,105683.63,1,0,0,0.3601,1,Moderate Risk
15791114,Yegorova,France,Male,37,700,135179.49,1,0,0,0.1539,0,Low Risk
15708046,Knowles,Spain,Male,31,744,117551.23,1,0,0,0.1643,0,Low Risk
15719779,May,Germany,Male,25,645,157404.02,2,0,0,0.0274,0,Low Risk
15591550,Bianchi,Spain,Male,36,525,77910.23,1,0,0,0.1471,0,Low Risk
15639368,Pipes,France,Male,25,732,110942.9,1,0,0,0.0433,0,Low Risk
15699830,Doherty,France,Female,40,721,0.0,2,1,0,0.0426,0,Low Risk
15569264,Yobanna,France,Male,32,622,179305.09,1,1,0,0.0781,0,Low Risk
15595158,Hsu,Germany,Male,31,654,150593.59,2,1,0,0.0219,0,Low Risk
15599126,Russell,France,Female,43,529,123815.86,1,1,1,0.2106,0,Moderate Risk
15650575,Payne,Spain,Female,59,720,0.0,2,1,1,0.0843,0,Low Risk
15641490,Windsor,Germany,Female,25,850,69385.17,2,0,0,0.0124,0,Low Risk
15680234,Bray,Germany,Male,27,667,138032.15,1,0,0,0.2489,0,Moderate Risk
15592230,Seleznyov,France,Male,41,620,0.0,2,1,0,0.016,0,Low Risk
15626212,Wark,France,Male,29,616,0.0,1,1,0,0.0609,0,Low Risk
15700627,Y?,Germany,Female,46,637,143500.82,1,0,1,0.9666,1,Critical Risk
15782641,Brown,Spain,Female,29,710,119670.18,1,0,0,0.1839,0,Low Risk
15784445,Huang,Spain,Male,33,717,99106.73,1,0,0,0.0465,0,Low Risk
15813681,Zito,Germany,Male,24,786,120135.55,2,1,0,0.0282,0,Low Risk
15596649,Bailey,France,Female,39,651,0.0,1,0,0,0.6412,1,High Risk
15700460,Allnutt,France,Female,55,530,120905.03,1,1,1,0.7372,1,Critical Risk
15724076,Christie,Spain,Female,57,815,0.0,3,0,1,0.9826,1,Critical Risk
15784000,Pope,Germany,Female,34,715,102277.52,1,0,1,0.6362,1,High Risk
15733966,Johnstone,Germany,Female,55,496,125292.53,1,1,1,0.9024,1,Critical Risk
15612667,Bird,Spain,Male,42,680,0.0,1,0,0,0.5215,1,High Risk
15654025,Jones,France,Female,51,646,101629.3,1,0,0,0.9483,1,Critical Risk
15589431,Pedder,Germany,Male,47,807,171937.27,1,1,0,0.3465,1,Moderate Risk
15578238,Calabrese,France,Male,47,727,0.0,2,0,0,0.0799,0,Low Risk
15566269,Chialuka,France,Male,25,787,0.0,2,0,0,0.0062,0,Low Risk
15639217,McKenzie,France,Male,34,806,0.0,2,0,0,0.0062,0,Low Risk
15688644,Holloway,France,Male,31,603,129743.75,1,0,0,0.0609,0,Low Risk
15662426,Tang,Spain,Male,32,649,0.0,1,1,1,0.0815,0,Low Risk
15720511,Byrne,Germany,Male,41,547,151191.31,1,0,1,0.5104,1,High Risk
15567246,Selwyn,Germany,Male,32,684,102630.13,2,1,0,0.0336,0,Low Risk
15647965,Genovese,France,Female,57,477,114023.64,2,1,1,0.3348,1,Moderate Risk
15679048,Koger,Germany,Male,41,558,124227.14,1,1,0,0.3601,1,Moderate Risk
15675749,Baranov,France,Female,23,695,0.0,2,1,0,0.0159,0,Low Risk
15782181,Greco,Spain,Male,35,592,80285.16,1,0,1,0.1528,0,Low Risk
15795738,Owens,France,Male,31,789,175477.15,1,1,0,0.0644,0,Low Risk
15773751,Y?,France,Female,29,597,132144.35,1,0,0,0.1205,0,Low Risk
15655436,Kendall,Germany,Male,47,839,136911.07,1,1,1,0.4734,1,High Risk
15691396,Ko,Germany,Male,31,405,133299.67,2,1,0,0.0647,0,Low Risk
15796958,Tang,France,Male,39,658,0.0,2,0,0,0.0274,0,Low Risk
15801832,Lombardo,Germany,Male,42,684,117691.0,1,1,1,0.5834,1,High Risk
15661349,Perkins,France,Male,35,633,0.0,2,0,0,0.0316,0,Low Risk
15719265,Feng,France,Male,46,589,0.0,2,0,0,0.1584,0,Low Risk
15779985,Lo,Germany,Female,37,750,133199.71,2,1,0,0.1471,0,Low Risk
15663410,Piccio,Spain,Male,51,771,135506.58,3,1,1,0.9874,1,Critical Risk
15704144,Mazzanti,Germany,Male,33,812,127154.14,2,1,0,0.0254,0,Low Risk
15774104,Chukwualuka,Spain,Male,39,539,0.0,2,1,0,0.0124,0,Low Risk
15812230,Elliot,Germany,Female,42,670,49508.79,3,1,0,0.8473,1,Critical Risk
15742848,Gratton,France,Male,41,673,0.0,1,1,0,0.1951,0,Low Risk
15745326,Carandini,France,Female,62,538,75051.49,1,0,1,0.9589,1,Critical Risk
15674541,Robinson,Spain,Male,52,575,123925.23,1,0,1,0.9109,1,Critical Risk
15728564,Lo,France,Male,41,682,0.0,2,1,1,0.0336,0,Low Risk
15580701,Ma,France,Male,33,712,153819.58,1,0,1,0.0724,0,Low Risk
15688973,Vinogradova,Spain,Female,39,598,0.0,2,1,0,0.0274,0,Low Risk
15709412,H?,Spain,Male,30,776,0.0,2,1,0,0.0,0,Low Risk
15607753,Alexandrova,Spain,Female,23,606,70417.79,1,1,0,0.0297,0,Low Risk
15705352,Yang,Spain,Male,38,686,111484.88,1,1,0,0.0565,0,Low Risk
15602500,Maslova,Spain,Male,38,850,146343.98,1,1,0,0.0228,0,Low Risk
15672437,Buccho,France,Male,72,642,160541.0,2,1,0,0.0159,0,Low Risk
15720968,Young,Germany,Male,27,606,130274.26,2,0,0,0.0593,0,Low Risk
15730796,Barker,France,Female,21,627,98993.02,1,1,0,0.0585,0,Low Risk
15768219,Sung,Spain,Male,36,850,0.0,2,0,0,0.0219,0,Low Risk
15663883,Hansen,Germany,Male,32,850,141827.33,2,1,0,0.0219,0,Low Risk
15589296,Brown,France,Female,40,724,110054.45,1,1,0,0.208,0,Moderate Risk
15586425,Lo Duca,France,Male,28,579,0.0,2,1,0,0.0062,0,Low Risk
15679813,Ellis,Spain,Male,28,727,0.0,1,0,0,0.1516,0,Low Risk
15681410,Korff,Germany,Female,36,813,98088.09,1,1,1,0.4478,1,High Risk
15668283,Gardiner,France,Male,48,642,118317.27,4,0,1,1.0,1,Critical Risk
15624072,Kiernan,Spain,Male,22,669,0.0,2,0,0,0.0159,0,Low Risk
15669664,Thompson,Germany,Male,54,574,99774.5,1,0,1,0.9739,1,Critical Risk
15682728,Mathews,France,Female,32,774,0.0,2,0,0,0.0274,0,Low Risk
15573851,Macrossan,France,Female,38,735,0.0,3,0,1,0.8117,1,Critical Risk
15733661,Illingworth,Spain,Female,27,639,133806.54,2,0,0,0.0452,0,Low Risk
15710012,Bowen,Spain,Male,44,738,0.0,2,0,1,0.0426,0,Low Risk
15763327,Craig,France,Male,32,835,124993.29,2,1,0,0.0124,0,Low Risk
15668853,Menhennitt,Spain,Female,44,637,157622.58,1,1,0,0.1534,0,Low Risk
15639303,Moore,Germany,Male,48,589,126111.61,1,1,0,0.7267,1,Critical Risk
15691011,Shoebridge,France,Male,42,591,161651.37,2,1,0,0.0433,0,Low Risk
15638513,Palermo,France,Female,40,723,142856.95,2,0,0,0.1584,0,Low Risk
15648933,Reilly,Germany,Male,44,831,111100.98,1,1,1,0.553,1,High Risk
15628904,Bowen,Spain,Male,35,733,102918.38,1,1,0,0.0397,0,Low Risk
15644788,Fyodorov,France,Female,30,731,0.0,2,0,0,0.0282,0,Low Risk
15598161,Clements,France,Male,47,654,0.0,2,0,0,0.1773,0,Low Risk
15745624,McKenzie,France,Male,37,828,0.0,2,0,0,0.0124,0,Low Risk
15733169,Craig,Spain,Male,22,590,125265.61,1,1,0,0.0359,0,Low Risk
15801417,Iloerika,France,Male,37,657,82500.28,1,1,0,0.0592,0,Low Risk
15592707,Dolgorukova,Germany,Female,64,531,175754.87,2,1,0,0.0722,0,Low Risk
15593954,Eva,France,Female,47,516,109387.33,1,0,0,0.7324,1,Critical Risk
15714431,Yeh,France,Male,37,561,100443.36,2,1,0,0.0336,0,Low Risk
15638257,P'an,Spain,Female,54,682,83102.72,2,1,0,0.3201,1,Moderate Risk
15690939,Howe,Spain,Male,28,575,0.0,1,1,0,0.0289,0,Low Risk
15723613,Jenkins,France,Female,28,623,0.0,2,0,0,0.0274,0,Low Risk
15813640,Shih,France,Female,40,642,0.0,2,0,0,0.0569,0,Low Risk
15707322,Nnamdi,France,Female,48,779,115290.27,1,0,1,0.7778,1,Critical Risk
15588918,Mitchell,France,Female,42,671,0.0,2,0,0,0.0609,0,Low Risk
15600357,Findlay,France,Female,40,495,140197.71,2,0,0,0.2535,0,Moderate Risk
15747014,Pisani,France,Female,28,850,105245.34,1,1,0,0.0159,0,Low Risk
15809830,Belisario,France,Male,50,630,0.0,2,1,0,0.1465,0,Low Risk
15662245,Pomeroy,France,Male,32,588,0.0,2,1,0,0.0,0,Low Risk
15651075,Ibrahimova,Germany,Male,35,562,142296.13,1,1,0,0.2328,0,Moderate Risk
15594456,K?,Spain,Female,56,740,99097.33,1,1,1,0.4034,1,High Risk
15583462,Graham,France,Male,28,695,171069.39,2,1,0,0.0359,0,Low Risk
15757661,Trevisano,France,Female,39,589,0.0,2,0,0,0.0489,0,Low Risk
15729117,Trevisano,France,Female,31,607,102523.88,1,1,0,0.0609,0,Low Risk
15749671,K?,France,Male,35,794,0.0,2,1,0,0.0062,0,Low Risk
15566253,Manning,Germany,Male,44,580,143391.07,1,0,1,0.7903,1,Critical Risk
15595153,Tucker,Germany,Female,44,644,106022.73,2,0,0,0.4734,1,High Risk
15698572,Schaffer,Spain,Female,36,636,0.0,1,0,0,0.4007,1,High Risk
15674149,Esomchi,Germany,Male,36,599,128960.21,2,1,0,0.0581,0,Low Risk
15623082,Ch'ang,France,Female,35,507,0.0,2,0,0,0.0343,0,Low Risk
15797905,Walker,France,Female,48,682,0.0,2,0,0,0.2843,1,Moderate Risk
15746028,Chu,France,Female,24,714,0.0,2,0,0,0.0167,0,Low Risk
15582951,Crawford,France,Female,25,696,126442.59,1,0,0,0.1471,0,Low Risk
15616471,Milne,Spain,Male,51,599,0.0,1,1,0,0.4917,1,High Risk
15641575,Anenechukwu,France,Male,37,577,127261.35,1,0,0,0.132,0,Low Risk
15638803,Donaldson,Spain,Female,32,733,0.0,2,0,0,0.0359,0,Low Risk
15808283,Kelly,France,Female,33,647,0.0,1,0,0,0.442,1,High Risk
15811200,Ts'ao,France,Female,34,831,0.0,2,0,0,0.0254,0,Low Risk
15733476,Gonzalez,Germany,Male,30,543,73481.05,1,1,0,0.064,0,Low Risk
15633274,Tai,France,Male,34,679,160515.37,1,0,0,0.0711,0,Low Risk
15582168,Muravyova,Germany,Female,61,713,149525.34,2,0,0,0.8167,1,Critical Risk
15807269,Milanesi,Germany,Male,43,690,166522.78,1,0,1,0.4373,1,High Risk
15602979,Lin,France,Male,29,751,135536.5,1,0,0,0.0609,0,Low Risk
15660417,Lambert,Germany,Female,43,613,120481.69,1,0,1,0.7558,1,Critical Risk
15590199,Temple,Spain,Male,28,701,103421.32,1,1,0,0.0187,0,Low Risk
15641794,Ridley,France,Male,33,698,135658.73,2,1,0,0.0216,0,Low Risk
15779174,Young,France,Female,36,451,0.0,2,1,0,0.0343,0,Low Risk
15785547,Slye,France,Male,28,665,191402.82,2,0,0,0.0653,0,Low Risk
15795124,Pan,Germany,Male,50,726,94504.35,1,1,0,0.6346,1,High Risk
15718912,Hsueh,Germany,Female,44,608,126147.84,1,1,1,0.6391,1,High Risk
15592028,Roberts,France,Female,46,549,0.0,1,1,0,0.5749,1,High Risk
15580227,Moss,France,Male,33,803,0.0,2,0,0,0.0124,0,Low Risk
15657830,Andrews,France,Male,43,663,87624.03,2,0,0,0.1115,0,Low Risk
15798256,Takasuka,France,Female,45,558,153697.53,2,0,1,0.5239,1,High Risk
15643819,Dawson,France,Female,25,714,0.0,2,0,0,0.0274,0,Low Risk
15754301,Bruche,France,Male,39,704,0.0,1,0,0,0.3268,1,Moderate Risk
15726855,Oliver,Germany,Female,45,805,116585.97,1,0,1,0.9666,1,Critical Risk
15755225,Ryan,Germany,Male,34,659,134464.58,2,0,0,0.1516,0,Low Risk
15725221,Sabbatini,Germany,Male,62,738,83008.31,1,1,0,0.2004,0,Moderate Risk
15789055,Watt,Spain,Male,35,635,113635.16,1,0,0,0.1803,0,Low Risk
15617507,Wilson,Spain,Female,36,530,0.0,2,0,0,0.0359,0,Low Risk
15668894,Abramova,Germany,Male,41,661,122552.48,2,1,0,0.1162,0,Low Risk
15589563,Purdy,Spain,Male,31,531,118899.45,2,0,0,0.0426,0,Low Risk
15693162,Higgins,France,Female,29,694,99713.87,1,0,0,0.1485,0,Low Risk
15750099,Marshall,France,Female,36,731,0.0,1,0,0,0.5264,1,High Risk
15795540,Reye,France,Female,36,556,134208.22,1,1,0,0.1623,0,Low Risk
15794941,Chibueze,Germany,Female,41,647,85906.65,3,0,0,0.8387,1,Critical Risk
15611848,Kwemtochukwu,Germany,Male,32,850,137714.25,1,1,0,0.0667,0,Low Risk
15581237,Biryukova,Spain,Male,33,573,160777.9,1,1,0,0.0419,0,Low Risk
15738150,Chidozie,France,Male,45,591,0.0,2,1,0,0.0305,0,Low Risk
15678571,Barber,France,Male,21,723,0.0,2,0,0,0.0101,0,Low Risk
15736124,Thompson,France,Male,25,617,102585.88,2,1,0,0.0062,0,Low Risk
15623202,Maslov,Germany,Female,39,704,102556.18,2,0,1,0.3928,1,Moderate Risk
15804201,Jones,Germany,Male,42,457,126772.57,1,1,0,0.4122,1,High Risk
15596863,Chidumaga,Germany,Female,38,787,158373.23,1,1,0,0.2671,0,Moderate Risk
15696277,Hs?,France,Female,34,651,0.0,2,0,0,0.0542,0,Low Risk
15748608,Trentini,Germany,Male,42,612,141927.1,1,1,0,0.4901,1,High Risk
15723864,Lucas,Spain,Male,47,828,109876.82,2,0,1,0.5178,1,High Risk
15802390,Willoughby,France,Female,34,724,0.0,2,1,0,0.0274,0,Low Risk
15774336,Jamieson,Germany,Male,44,648,111369.79,2,1,0,0.12,0,Low Risk
15648766,Robertson,Spain,Male,35,569,116969.35,1,0,0,0.1263,0,Low Risk
15659094,Ojiofor,Germany,Female,34,765,136729.51,2,0,0,0.1554,0,Low Risk
15606397,Cameron,Germany,Female,44,577,152086.15,1,1,1,0.4823,1,High Risk
15642619,Mayne,Spain,Male,46,603,0.0,2,0,0,0.127,0,Low Risk
15666032,Mancini,Spain,Male,28,568,127289.28,1,0,0,0.0684,0,Low Risk
15595842,Paramor,Germany,Male,45,748,119852.01,1,0,1,0.8775,1,Critical Risk
15753837,Young,Spain,Male,38,573,0.0,2,1,0,0.0,0,Low Risk
15783882,Daly,Spain,Female,41,771,0.0,2,1,0,0.0343,0,Low Risk
15799790,Carter,France,Male,35,763,0.0,1,1,0,0.0856,0,Low Risk
15628155,Dike,France,Female,35,410,117183.74,1,1,0,0.0999,0,Low Risk
15703778,Hughes,France,Male,33,728,129907.63,1,1,0,0.0365,0,Low Risk
15722322,Green,Spain,Female,78,655,0.0,2,1,0,0.0124,0,Low Risk
15639278,Chinomso,Germany,Female,36,580,145387.32,2,1,1,0.0706,0,Low Risk
15568487,Gorshkov,France,Male,35,712,124616.23,1,1,0,0.0545,0,Low Risk
15682084,Chinomso,France,Male,31,680,0.0,2,0,0,0.0101,0,Low Risk
15642821,Ijendu,Spain,Female,48,383,95808.19,1,0,1,0.9736,1,Critical Risk
15601387,Yen,France,Male,35,721,0.0,2,0,0,0.0254,0,Low Risk
15642515,Arcuri,France,Female,42,620,0.0,2,1,0,0.0609,0,Low Risk
15710421,Baresi,Spain,Female,36,774,117152.3,1,0,0,0.1803,0,Low Risk
15726774,Field,France,Male,35,563,106250.72,1,0,0,0.0645,0,Low Risk
15649078,Christian,Germany,Female,27,850,111837.78,2,1,0,0.0289,0,Low Risk
15641877,Ross,France,Male,47,681,97023.21,1,1,0,0.0685,0,Low Risk
15796496,Trevisani,France,Female,31,631,137687.72,1,0,0,0.1584,0,Low Risk
15815690,Akabueze,Spain,Female,40,614,113348.5,1,1,0,0.1374,0,Low Risk
15631739,Dunn,Spain,Male,24,704,122109.78,1,1,0,0.0136,0,Low Risk
15625584,Martin,France,Male,32,786,120452.4,2,0,0,0.0159,0,Low Risk
15802466,Donaldson,France,Female,53,534,0.0,2,1,0,0.1305,0,Low Risk
15697028,McClinton,Spain,Male,34,590,65812.35,2,1,0,0.0204,0,Low Risk
15575759,Bentley,Spain,Female,40,583,54428.37,1,0,1,0.5828,1,High Risk
15567442,Ibezimako,France,Female,75,656,0.0,2,1,0,0.0,0,Low Risk
15746805,Thomson,France,Male,33,597,0.0,2,0,0,0.0254,0,Low Risk
15636330,Ch'in,Germany,Female,48,588,143279.58,2,0,1,0.814,1,Critical Risk
15714970,Holbrook,Germany,Male,32,667,103846.65,1,0,0,0.3956,1,Moderate Risk
15653784,Solomina,France,Male,37,627,125190.86,1,1,0,0.0475,0,Low Risk
15693543,McDonald,France,Female,33,708,0.0,2,1,0,0.0254,0,Low Risk
15773283,Dennis,France,Male,65,641,38340.02,1,0,1,0.8841,1,Critical Risk
15742534,Faulk,Germany,Female,28,527,123802.98,2,1,0,0.0593,0,Low Risk
15569878,Dale,France,Male,37,592,96651.03,1,1,0,0.0297,0,Low Risk
15729454,Gorbunov,France,Male,33,465,0.0,2,0,0,0.0159,0,Low Risk
15578375,Farrell,France,Male,39,628,0.0,2,0,0,0.0336,0,Low Risk
15785559,De Luca,France,Male,43,678,133237.21,1,0,1,0.3971,1,Moderate Risk
15649414,Walker,France,Female,61,570,142105.35,1,1,0,0.3901,1,Moderate Risk
15701605,Forster,France,Male,37,815,166115.42,1,0,0,0.1103,0,Low Risk
15686696,Brown,France,Female,37,817,81070.34,2,0,0,0.0593,0,Low Risk
15625586,Monaldo,France,Male,35,717,0.0,1,1,0,0.1305,0,Low Risk
15654975,Wu,France,Female,53,641,123835.52,2,1,0,0.6225,1,High Risk
15782993,Pan,France,Male,51,624,123401.43,2,1,0,0.1955,0,Low Risk
15774382,Longo,Germany,Male,49,579,169377.31,1,1,0,0.3806,1,Moderate Risk
15689602,Findlay,France,Male,38,698,130015.24,1,1,0,0.0588,0,Low Risk
15756155,Fu,France,Male,32,645,0.0,2,1,0,0.0062,0,Low Risk
15812647,Yin,France,Male,34,691,133936.04,2,0,0,0.055,0,Low Risk
15736043,Hamilton,France,Male,34,638,114543.27,1,1,0,0.0565,0,Low Risk
15696744,Miller,France,Female,31,705,119794.67,1,0,0,0.132,0,Low Risk
15602572,Hsing,France,Male,33,720,0.0,2,1,0,0.0101,0,Low Risk
15674765,Mitchell,Spain,Male,44,553,0.0,1,0,0,0.5094,1,High Risk
15678725,Chamberlin,France,Female,29,658,0.0,2,1,0,0.0159,0,Low Risk
15694444,Buttenshaw,Germany,Female,32,648,157138.99,3,0,1,0.9092,1,Critical Risk
15795878,Anayochukwu,Spain,Male,45,636,0.0,2,1,0,0.0247,0,Low Risk
15735346,Wallace,Germany,Female,41,527,136733.24,1,1,0,0.4536,1,High Risk
15687094,Calabresi,Germany,Female,28,717,82498.14,2,0,0,0.0289,0,Low Risk
15790067,Sun,Spain,Male,39,614,151914.93,1,0,0,0.1962,0,Low Risk
15605742,Tuan,France,Male,43,737,80090.93,1,0,1,0.2283,0,Moderate Risk
15566740,Nazarova,Spain,Male,51,587,83739.32,1,1,0,0.4233,1,High Risk
15664897,Bryant,France,Female,35,682,181166.44,1,1,1,0.2769,1,Moderate Risk
15585777,Pai,France,Male,38,710,130588.82,1,1,0,0.0609,0,Low Risk
15650864,Power,France,Male,42,507,0.0,2,0,0,0.0336,0,Low Risk
15806709,Hao,Germany,Male,33,609,94126.67,1,0,0,0.2246,0,Moderate Risk
15633818,McMillan,France,Male,32,786,0.0,2,0,0,0.0101,0,Low Risk
15713845,Merrett,France,Male,38,688,148045.68,1,0,1,0.1831,0,Low Risk
15639662,Phillips,France,Male,38,710,0.0,2,0,0,0.0062,0,Low Risk
15567013,De Luca,Spain,Male,33,779,0.0,2,0,0,0.0124,0,Low Risk
15777784,Tu,France,Female,44,733,168165.84,1,1,0,0.2481,0,Moderate Risk
15800251,Elder,Germany,Female,26,583,72835.56,2,0,0,0.0281,0,Low Risk
15651315,Dilke,France,Male,41,627,0.0,2,0,0,0.0352,0,Low Risk
15651450,Panicucci,Germany,Male,31,666,123212.08,2,1,0,0.0336,0,Low Risk
15784218,Mason,Spain,Male,38,620,0.0,2,1,0,0.0274,0,Low Risk
15572398,Townsend,Spain,Female,39,614,0.0,2,1,0,0.0343,0,Low Risk
15707962,Gunson,France,Male,40,606,119501.88,2,0,0,0.0896,0,Low Risk
15705663,Milano,Germany,Female,39,700,144550.83,2,1,0,0.1128,0,Low Risk
15645355,Macleod,Germany,Male,34,677,126729.41,1,1,1,0.3203,1,Moderate Risk
15729557,Olisaemeka,Germany,Male,36,850,119984.07,1,0,1,0.5262,1,High Risk
15631436,Gleeson,France,Male,35,564,0.0,1,0,0,0.3016,1,Moderate Risk
15583073,Martin,Spain,Female,56,771,0.0,1,1,1,0.6167,1,High Risk
15614361,Liao,Spain,Male,42,620,121490.05,1,1,0,0.0811,0,Low Risk
15724684,Sung,Spain,Male,46,610,91897.8,1,0,0,0.5215,1,High Risk
15700083,Lai,Spain,Male,39,609,139443.75,2,0,0,0.1266,0,Low Risk
15636541,Cartwright,Germany,Male,35,683,144961.97,1,1,0,0.3157,1,Moderate Risk
15796015,Wu,Germany,Male,42,633,126041.02,1,1,0,0.5552,1,High Risk
15787222,Ch'in,Germany,Male,28,676,69459.05,2,1,0,0.0062,0,Low Risk
15594270,Biryukov,France,Male,38,693,198338.77,2,1,0,0.0925,0,Low Risk
15701524,Ting,France,Male,36,709,0.0,2,0,0,0.0219,0,Low Risk
15645847,P'eng,Germany,Male,35,569,109196.66,3,0,1,0.9826,1,Critical Risk
15708867,Niu,Spain,Female,38,684,134168.5,3,0,1,0.9739,1,Critical Risk
15613140,Mellor,France,Male,34,565,0.0,1,1,0,0.1133,0,Low Risk
15628893,Power,France,Male,29,681,0.0,1,0,0,0.1442,0,Low Risk
15764073,Arcuri,Spain,Female,36,503,0.0,2,1,0,0.0062,0,Low Risk
15782879,Lang,France,Male,40,656,0.0,2,1,0,0.0124,0,Low Risk
15635964,Eve,Germany,Male,65,566,120100.41,1,0,1,0.9902,1,Critical Risk
15726087,Ch'in,France,Female,62,592,0.0,1,1,0,0.5516,1,High Risk
15726313,Napolitani,Spain,Female,50,687,0.0,2,0,0,0.3838,1,Moderate Risk
15578073,Barker,Spain,Male,22,686,0.0,2,0,0,0.0062,0,Low Risk
15786249,Whitfield,Spain,Male,30,616,0.0,2,0,0,0.0062,0,Low Risk
15812850,Stradford,Spain,Male,67,494,0.0,2,1,0,0.0124,0,Low Risk
15596972,Brownlow,France,Male,38,534,0.0,1,0,0,0.2869,1,Moderate Risk
15620579,Dunn,Spain,Female,31,695,0.0,2,1,0,0.0124,0,Low Risk
15768270,DeRose,Spain,Female,31,579,0.0,2,0,0,0.0221,0,Low Risk
15656597,Wang,Germany,Male,38,432,135559.8,2,1,0,0.0565,0,Low Risk
15699446,Hobbs,Germany,Female,25,816,150355.35,2,1,0,0.0124,0,Low Risk
15615004,Anderson,France,Female,37,730,0.0,2,1,0,0.0343,0,Low Risk
15704771,Ugochukwu,France,Female,35,593,133489.12,2,1,0,0.0542,0,Low Risk
15588372,Kirsova,Germany,Female,37,715,105489.31,1,0,1,0.6862,1,Critical Risk
15681439,Tsou,Germany,Male,25,775,60205.2,2,0,0,0.0124,0,Low Risk
15607509,Ozerova,France,Male,38,539,0.0,2,0,0,0.0254,0,Low Risk
15670343,Li,Spain,Male,19,576,0.0,2,0,0,0.0101,0,Low Risk
15597968,Fyans,Spain,Male,50,617,0.0,1,0,1,0.958,1,Critical Risk
15658432,Freeman,France,Male,40,688,0.0,1,1,0,0.2285,0,Moderate Risk
15616431,Chiu,France,Male,33,608,0.0,1,1,0,0.1704,0,Low Risk
15796957,Iadanza,Spain,Male,35,597,0.0,3,1,1,0.6216,1,High Risk
15815552,Ferguson,France,Female,42,670,112333.63,1,1,0,0.2292,0,Moderate Risk
15631871,Kelly,Germany,Female,57,616,116936.81,1,1,0,0.82,1,Critical Risk
15635870,She,Germany,Female,50,579,117721.02,1,1,1,0.9124,1,Critical Risk
15596713,Christie,France,Male,37,786,165896.22,2,1,0,0.0297,0,Low Risk
15684211,Creel,Spain,Female,44,704,153656.85,1,0,0,0.4366,1,High Risk
15760521,Thompson,France,Female,50,796,94164.0,1,1,0,0.5691,1,High Risk
15608408,Lazareva,Spain,Male,39,598,0.0,2,0,0,0.0397,0,Low Risk
15804721,Boni,France,Male,49,602,191808.73,1,0,0,0.6521,1,Critical Risk
15730272,Evseev,France,Male,58,619,152199.33,1,1,0,0.2756,1,Moderate Risk
15741988,Marino,Germany,Female,52,492,125396.24,1,0,1,0.9798,1,Critical Risk
15771728,Mackenzie,Germany,Male,41,641,104405.54,3,0,0,0.9677,1,Critical Risk
15605113,Sutherland,France,Female,27,518,133801.49,1,1,0,0.0585,0,Low Risk
15661945,Nicolay,Spain,Female,40,623,0.0,3,0,0,0.8038,1,Critical Risk
15783816,Lori,France,Female,28,733,0.0,2,0,0,0.0124,0,Low Risk
15721207,Piazza,Germany,Male,42,625,100047.33,1,0,0,0.6497,1,High Risk
15764072,Somerville,France,Female,31,759,109848.6,1,1,0,0.0565,0,Low Risk
15689412,Christie,France,Female,32,604,127849.38,1,0,0,0.1465,0,Low Risk
15798385,Grave,Spain,Female,46,512,0.0,2,1,0,0.0565,0,Low Risk
15775339,Lori,France,Female,29,520,95947.76,1,0,0,0.0369,0,Low Risk
15585256,Iloerika,Spain,Male,26,805,0.0,2,1,0,0.0,0,Low Risk
15797329,Muir,France,Male,43,626,137638.69,1,0,1,0.3383,1,Moderate Risk
15780220,Pauley,France,Male,38,656,0.0,1,1,0,0.13,0,Low Risk
15648951,Kao,Spain,Male,41,785,0.0,2,1,0,0.0,0,Low Risk
15752409,Grant,France,Male,31,553,0.0,2,0,0,0.0124,0,Low Risk
15807524,Chukwuma,France,Female,44,569,0.0,2,0,0,0.0711,0,Low Risk
15766649,Vincent,France,Male,38,670,89416.99,1,0,0,0.0592,0,Low Risk
15696812,Lazareva,Spain,Male,42,586,0.0,2,1,0,0.0136,0,Low Risk
15581295,Ch'ien,Spain,Female,45,617,0.0,1,0,0,0.9472,1,Critical Risk
15663234,Bishop,France,Female,60,508,143262.04,1,1,0,0.3601,1,Moderate Risk
15741417,Chibuzo,Spain,Female,35,624,119656.45,2,1,0,0.0343,0,Low Risk
15695174,Chang,France,Male,29,654,132954.64,1,1,0,0.0565,0,Low Risk
15665168,Calabrese,Germany,Female,44,681,105206.7,2,1,0,0.2466,0,Moderate Risk
15601503,Tokaryev,Spain,Male,28,578,0.0,2,0,0,0.0101,0,Low Risk
15706131,Logan,Spain,Female,37,621,83061.26,2,0,0,0.0585,0,Low Risk
15782758,Ozerova,France,Male,40,632,147650.68,1,1,0,0.0655,0,Low Risk
15591091,Goering,France,Male,44,644,73348.56,1,0,1,0.4567,1,High Risk
15715877,Lo,France,Male,28,821,0.0,2,0,0,0.0101,0,Low Risk
15756918,Simmons,France,Female,38,754,0.0,2,0,0,0.0124,0,Low Risk
15746662,Maduabuchim,Spain,Female,27,568,116320.68,1,1,0,0.0532,0,Low Risk
15626679,Linger,France,Male,33,584,0.0,2,1,0,0.0062,0,Low Risk
15793343,Yeh,France,Female,29,549,0.0,2,1,0,0.0124,0,Low Risk
15576774,Stevenson,France,Female,38,729,0.0,2,0,0,0.0365,0,Low Risk
15801316,Ifeatu,France,Male,61,523,66250.71,1,1,0,0.2388,0,Moderate Risk
15800514,Kenechukwu,Germany,Female,24,477,95675.62,2,0,1,0.0585,0,Low Risk
15662232,Learmonth,Germany,Male,42,675,92616.64,2,0,0,0.0993,0,Low Risk
15737778,Dickson,Spain,Female,41,782,0.0,1,0,0,0.653,1,Critical Risk
15782096,Volkova,Spain,Female,36,616,0.0,1,1,1,0.2632,0,Moderate Risk
15783522,Mitchell,Spain,Female,37,738,100565.94,1,1,0,0.0609,0,Low Risk
15785373,Wong,Spain,Female,42,717,190305.78,1,0,1,0.6555,1,Critical Risk
15756272,James,Germany,Female,35,526,118536.4,1,0,1,0.7644,1,Critical Risk
15615245,Shao,France,Male,19,660,127649.64,1,1,0,0.0498,0,Low Risk
15600174,Walton,France,Male,35,525,165358.77,1,1,0,0.0572,0,Low Risk
15752956,Stanley,Spain,Male,29,629,0.0,2,1,0,0.0062,0,Low Risk
15644882,Watson,Germany,Female,36,616,78249.53,1,0,0,0.2449,0,Moderate Risk
15766272,Folliero,Germany,Female,61,521,125193.96,1,1,0,0.7043,1,Critical Risk
15800620,Fitzgerald,France,Female,29,691,0.0,2,0,0,0.0186,0,Low Risk
15569764,Garner,Germany,Female,41,687,154007.21,1,0,0,0.5818,1,High Risk
15747458,Folliero,Spain,Female,43,677,133214.88,2,1,0,0.0971,0,Low Risk
15573171,Liao,Spain,Male,63,695,146202.93,1,1,1,0.1929,0,Low Risk
15736769,Lucchesi,France,Female,27,663,0.0,2,0,0,0.0397,0,Low Risk
15763381,Chan,France,Male,30,496,90963.49,1,1,0,0.0179,0,Low Risk
15814430,Ma,Spain,Male,41,747,0.0,1,0,1,0.4827,1,High Risk
15638607,Nwabugwu,France,Female,52,546,0.0,1,0,1,0.9902,1,Critical Risk
15737133,P'eng,Spain,Male,68,706,114386.85,1,1,0,0.0973,0,Low Risk
15613945,Andrews,France,Female,26,472,0.0,2,0,0,0.0159,0,Low Risk
15659937,Otutodilinna,France,Female,40,703,0.0,2,1,0,0.0569,0,Low Risk
15765287,Grant,France,Female,38,850,0.0,2,0,0,0.013,0,Low Risk
15661723,Abramovich,Spain,Male,71,667,137260.78,1,1,1,0.1448,0,Low Risk
15766064,Komarova,France,Male,33,559,111060.05,2,0,0,0.0577,0,Low Risk
15649616,Otutodilichukwu,Spain,Male,60,636,124447.73,1,1,1,0.2439,0,Moderate Risk
15719017,Donaldson,France,Female,34,672,0.0,2,1,0,0.0262,0,Low Risk
15720919,Duggan,France,Male,42,667,0.0,1,1,1,0.351,1,Moderate Risk
15706706,Chinwendu,Germany,Male,33,648,135310.41,2,1,0,0.0305,0,Low Risk
15709653,Hamilton,France,Male,32,497,0.0,2,0,0,0.0101,0,Low Risk
15805104,Smith,France,Female,73,743,0.0,2,1,0,0.0186,0,Low Risk
15622442,Mazzi,France,Male,29,619,0.0,2,0,0,0.0062,0,Low Risk
15572801,Krischock,Spain,Male,34,639,139393.19,2,0,0,0.0426,0,Low Risk
15767598,Kent,Spain,Male,28,540,0.0,2,0,0,0.0062,0,Low Risk
15757897,Binder,France,Female,26,766,104258.8,1,1,0,0.033,0,Low Risk
15568104,Zubarev,France,Female,26,749,0.0,2,1,0,0.0124,0,Low Risk
15763414,Degtyarev,Germany,Male,32,655,113447.01,1,0,0,0.3704,1,Moderate Risk
15732265,Obialo,France,Male,33,630,0.0,2,0,0,0.0159,0,Low Risk
15621974,Davydova,Germany,Female,33,778,111063.73,2,0,0,0.1534,0,Low Risk
15803947,Teng,Germany,Female,30,757,161378.02,1,0,1,0.4092,1,High Risk
15720706,Hsing,Spain,Female,39,529,82766.43,1,1,0,0.1044,0,Low Risk
15759290,Coleman,Spain,Male,29,620,0.0,2,0,0,0.0062,0,Low Risk
15651664,Wilder,France,Female,61,615,104267.7,1,0,1,0.9736,1,Critical Risk
15795132,Molineux,France,Female,25,735,91718.8,1,0,0,0.0671,0,Low Risk
15811565,Cocci,Spain,Female,47,705,63488.7,1,1,1,0.4203,1,High Risk
15713774,Chikwendu,Spain,Female,46,644,12459.19,1,0,1,0.946,1,Critical Risk
15691840,Fraser,Germany,Female,37,505,159863.9,2,1,0,0.0516,0,Low Risk
15682021,Lai,Germany,Male,23,471,104592.55,2,0,0,0.0546,0,Low Risk
15612931,Korovin,Spain,Female,50,722,132088.59,1,1,0,0.5185,1,High Risk
15676707,Sidorov,Spain,Female,39,577,0.0,2,0,0,0.0489,0,Low Risk
15601383,Ibrahimova,Spain,Male,44,744,120654.68,1,0,0,0.3846,1,Moderate Risk
15662662,Duigan,France,Female,30,573,0.0,2,0,0,0.0274,0,Low Risk
15752694,Taylor,France,Female,32,653,83772.95,1,1,0,0.0644,0,Low Risk
15590683,Donaldson,France,Female,31,660,172325.67,1,1,0,0.132,0,Low Risk
15773591,Jobson,France,Male,46,787,117685.31,2,1,0,0.0609,0,Low Risk
15723620,Lu,France,Male,41,617,0.0,2,1,0,0.0254,0,Low Risk
15671779,Nebechi,France,Male,39,567,0.0,2,0,0,0.0282,0,Low Risk
15672966,Cross,Spain,Female,64,682,0.0,2,1,0,0.0352,0,Low Risk
15624667,Wallace,France,Male,35,684,135871.5,1,1,0,0.0604,0,Low Risk
15812888,Perreault,France,Male,41,447,0.0,4,1,1,0.9501,1,Critical Risk
15724154,Manna,Germany,Female,49,625,128504.76,1,0,1,0.9736,1,Critical Risk
15749540,Hsiung,France,Male,36,585,0.0,2,0,0,0.0254,0,Low Risk
15621063,Gibbons,France,Female,42,516,56228.25,1,0,0,0.4384,1,High Risk
15661626,Algeranoff,Germany,Female,45,732,98792.4,1,0,1,0.908,1,Critical Risk
15698703,Doherty,Germany,Male,40,628,181768.32,2,1,0,0.0419,0,Low Risk
15801431,Rowe,Spain,Female,48,682,101198.01,1,1,0,0.2266,0,Moderate Risk
15649451,Yates,France,Male,25,746,0.0,2,1,0,0.0062,0,Low Risk
15626156,Galloway,France,Female,60,655,0.0,2,1,0,0.1332,0,Low Risk
15606158,Genovese,France,Female,39,644,0.0,1,0,0,0.3035,1,Moderate Risk
15589496,Arrington,France,Male,34,778,139064.06,2,0,0,0.0281,0,Low Risk
15730345,Miah,France,Female,35,617,104508.1,1,1,0,0.1471,0,Low Risk
15572038,Chijindum,Germany,Male,35,660,113948.58,1,0,1,0.6229,1,High Risk
15643439,Ferguson,France,Male,47,537,0.0,2,1,0,0.0896,0,Low Risk
15604158,Smith,France,Female,39,554,0.0,2,1,0,0.1203,0,Low Risk
15657396,Marshall,France,Male,31,806,0.0,2,1,0,0.0062,0,Low Risk
15709478,P'an,Germany,Male,37,611,117524.72,2,1,0,0.0792,0,Low Risk
15628824,Burton,France,Female,37,665,160389.82,1,1,0,0.1737,0,Low Risk
15814519,Kamdibe,France,Female,37,648,0.0,2,0,0,0.0365,0,Low Risk
15636520,Milani,France,Male,27,692,125547.53,1,0,0,0.0311,0,Low Risk
15794414,Forbes,Spain,Male,46,507,92783.68,1,1,0,0.0684,0,Low Risk
15643671,Chiekwugo,Germany,Male,49,696,97036.22,2,0,1,0.5366,1,High Risk
15700650,Cousens,France,Male,34,681,0.0,2,0,0,0.0101,0,Low Risk
15680224,Ross,France,Female,26,687,0.0,2,1,0,0.0124,0,Low Risk
15784286,Wood,Spain,Male,40,641,102145.13,1,1,0,0.0609,0,Low Risk
15693996,Hawks,France,Female,33,507,113452.66,1,0,0,0.0901,0,Low Risk
15764343,T'ien,Spain,Female,46,688,155681.72,1,0,0,0.5896,1,High Risk
15704168,Ting,Germany,Male,38,535,127475.24,1,0,1,0.6621,1,Critical Risk
15680197,Thynne,France,Male,41,701,0.0,2,1,0,0.0509,0,Low Risk
15633729,Wang,France,Male,43,488,112751.13,1,1,0,0.0684,0,Low Risk
15577683,Maclean,France,Female,29,539,0.0,2,1,0,0.0124,0,Low Risk
15800746,Watson,France,Male,45,674,144889.18,1,1,1,0.1539,0,Low Risk
15788686,Gibson,Spain,Male,40,538,0.0,2,1,0,0.0101,0,Low Risk
15742798,French,France,Female,22,829,150126.44,1,0,1,0.1539,0,Low Risk
15596647,Henderson,France,Male,54,768,69712.74,1,1,0,0.3235,1,Moderate Risk
15756070,Greenwood,Spain,Female,44,585,0.0,2,1,0,0.0365,0,Low Risk
15775116,Anderson,France,Male,31,581,0.0,2,0,0,0.0062,0,Low Risk
15575428,Mistry,Germany,Female,35,682,117438.92,2,1,0,0.1497,0,Low Risk
15654074,Tuan,France,Male,38,653,119315.75,1,0,0,0.1762,0,Low Risk
15695872,Fiorentini,France,Female,30,712,89571.59,1,1,0,0.0609,0,Low Risk
15568885,Scott,Germany,Female,34,620,102251.57,1,0,0,0.5655,1,High Risk
15725036,Jideofor,France,Male,42,709,118546.71,1,1,0,0.0993,0,Low Risk
15632665,Yevseyev,France,Male,61,832,0.0,1,1,1,0.6216,1,High Risk
15571476,Kelly,Spain,Male,38,635,103257.14,1,0,0,0.104,0,Low Risk
15776850,Smith,Spain,Female,43,749,124209.02,1,1,0,0.2266,0,Moderate Risk
15623649,Ogle,Spain,Male,32,629,0.0,2,1,0,0.0062,0,Low Risk
15751131,Moss,Spain,Female,41,836,150302.84,1,1,0,0.1233,0,Low Risk
15688128,Loggia,Spain,Male,34,542,108653.93,1,1,0,0.0492,0,Low Risk
15678412,Nwankwo,France,Female,45,645,85325.93,1,0,0,0.6555,1,Critical Risk
15770291,Allan,France,Female,29,844,0.0,2,0,0,0.0159,0,Low Risk
15583392,Woronoff,Germany,Male,37,747,135776.36,3,0,1,0.9946,1,Critical Risk
15690731,Wolfe,France,Male,40,645,131411.24,1,1,0,0.0671,0,Low Risk
15697948,Henderson,Spain,Female,36,752,0.0,2,1,0,0.0254,0,Low Risk
15608328,Sutherland,Spain,Female,41,760,0.0,2,0,0,0.055,0,Low Risk
15766378,Marsden,Germany,Female,45,714,106431.97,2,1,0,0.411,1,High Risk
15600813,Hyde,France,Male,50,717,90305.76,1,1,0,0.2876,1,Moderate Risk
15706217,Kao,Germany,Male,28,645,117466.03,2,1,0,0.0336,0,Low Risk
15601417,T'ang,France,Male,32,681,148884.47,2,1,0,0.0159,0,Low Risk
15610972,Crawford,Germany,Female,44,681,91115.76,2,0,1,0.2416,0,Moderate Risk
15674620,Dilibe,Germany,Female,37,679,77373.87,2,1,0,0.0522,0,Low Risk
15785350,Austin,Spain,Male,23,528,104744.89,1,0,0,0.0856,0,Low Risk
15749119,Santiago,France,Female,31,710,0.0,2,1,0,0.0159,0,Low Risk
15756535,Chibugo,Germany,Male,39,733,91538.51,1,1,0,0.2954,1,Moderate Risk
15700965,Toscano,France,Female,32,724,0.0,2,1,0,0.0262,0,Low Risk
15791851,Afanasyeva,France,Female,34,726,185734.75,1,1,0,0.0667,0,Low Risk
15717156,Sokolov,France,Male,30,520,143396.54,2,1,0,0.0062,0,Low Risk
15740846,Wei,France,Male,40,556,125909.85,1,1,0,0.0989,0,Low Risk
15573284,Olisanugo,France,Female,45,579,0.0,2,0,0,0.1351,0,Low Risk
15729083,Gorman,France,Male,36,674,154525.7,1,1,0,0.0592,0,Low Risk
15611612,Priestley,France,Female,29,570,0.0,1,0,0,0.1872,0,Low Risk
15694381,Lloyd,France,Male,51,631,100654.8,1,0,0,0.86,1,Critical Risk
15651737,Salmond,Spain,Male,44,623,83325.77,1,1,0,0.116,0,Low Risk
15663168,MacDonald,France,Male,35,665,110934.54,1,0,0,0.1539,0,Low Risk
15643426,Robertson,Spain,Female,36,523,113680.54,1,0,0,0.1719,0,Low Risk
15618245,Chukwumaobim,Germany,Male,31,706,117020.08,2,0,0,0.0649,0,Low Risk
15717527,Ifeanacho,France,Female,49,619,145359.99,1,0,0,0.8077,1,Critical Risk
15793478,Li Fonti,Germany,Female,39,593,151391.68,1,0,1,0.6216,1,High Risk
15642248,Ko,Spain,Male,66,608,123935.35,1,1,0,0.0701,0,Low Risk
15640377,Goloubev,France,Female,36,526,0.0,2,0,0,0.0403,0,Low Risk
15723950,Kruglov,Spain,Male,40,684,70291.02,1,1,1,0.0811,0,Low Risk
15590327,Liao,Germany,Female,42,604,166031.45,1,0,0,0.5656,1,High Risk
15706199,White,Germany,Male,36,636,96643.32,1,0,0,0.431,1,High Risk
15671514,Sinclair,Spain,Female,33,669,0.0,2,1,0,0.0124,0,Low Risk
15727041,Fiorentini,France,Male,71,624,0.0,2,1,0,0.0124,0,Low Risk
15738063,Shen,France,Male,29,631,0.0,2,1,0,0.0062,0,Low Risk
15711733,Rapuokwu,France,Male,48,753,0.0,2,1,0,0.0792,0,Low Risk
15652320,Woronoff,France,Male,40,588,0.0,2,0,0,0.0274,0,Low Risk
15634180,Holden,Germany,Male,26,729,97268.1,2,0,0,0.0576,0,Low Risk
15694566,Roberts,France,Female,42,602,0.0,2,0,1,0.2036,0,Moderate Risk
15726103,Tsou,Germany,Female,55,689,76296.81,1,0,1,0.9826,1,Critical Risk
15646351,Somerville,Spain,Male,27,486,0.0,2,0,0,0.0062,0,Low Risk
15730044,Greco,Germany,Female,42,809,64497.94,3,1,1,0.8722,1,Critical Risk
15795186,Leonard,France,Male,38,562,0.0,1,0,0,0.3346,1,Moderate Risk
15784890,McKenzie,Spain,Female,32,763,0.0,2,0,0,0.0216,0,Low Risk
15694125,McElhone,France,Male,57,669,0.0,2,1,0,0.0609,0,Low Risk
15565891,Dipietro,France,Male,39,709,0.0,2,0,0,0.0298,0,Low Risk
15674254,Kerr,Spain,Female,45,554,0.0,2,1,0,0.031,0,Low Risk
15775206,Hunter,France,Male,37,699,0.0,2,0,0,0.0455,0,Low Risk
15797627,Niehaus,Spain,Male,54,732,134249.7,1,1,0,0.3153,1,Moderate Risk
15649853,Craig,France,Female,45,625,0.0,1,1,1,0.6998,1,Critical Risk
15610379,Barclay-Harvey,France,Male,30,599,105443.68,1,1,0,0.0241,0,Low Risk
15659800,Teng,Spain,Female,50,584,0.0,1,1,1,0.8313,1,Critical Risk
15716236,Milani,France,Male,35,499,0.0,2,0,0,0.0159,0,Low Risk
15672053,Mistry,Spain,Male,38,526,0.0,2,0,0,0.0159,0,Low Risk
15663933,Jamieson,Germany,Female,35,625,86147.46,2,0,1,0.0856,0,Low Risk
15814236,Kay,Spain,Female,38,537,96939.06,1,1,0,0.0883,0,Low Risk
15583597,Ikedinachukwu,Spain,Male,47,696,106758.6,1,1,0,0.1923,0,Low Risk
15607395,Holt,France,Female,33,679,112528.65,2,0,0,0.1027,0,Low Risk
15694556,Nkemakolam,France,Male,60,684,116563.58,1,0,1,0.9267,1,Critical Risk
15744109,Hartung,France,Male,32,850,0.0,1,1,0,0.0632,0,Low Risk
15800688,Ch'en,Spain,Female,42,495,0.0,2,0,0,0.0588,0,Low Risk
15810878,Baker,Spain,Female,38,537,141786.78,1,1,0,0.1553,0,Low Risk
15587835,Osinachi,France,Male,41,850,136416.82,1,1,0,0.0508,0,Low Risk
15763515,Shih,France,Male,30,513,0.0,2,0,0,0.0124,0,Low Risk
15725882,Feng,Germany,Female,40,618,133245.52,2,1,0,0.1923,0,Low Risk
15788022,Sternberg,Germany,Female,41,802,90757.64,2,1,0,0.0901,0,Low Risk
15663917,Adams,France,Male,43,547,92350.36,1,1,0,0.1288,0,Low Risk
15656865,Gray,Germany,Male,69,613,78778.49,1,1,0,0.1545,0,Low Risk
15667971,Shepherd,Germany,Female,34,592,102143.93,2,1,0,0.0576,0,Low Risk
15800366,Walton,France,Male,29,546,0.0,1,1,0,0.0977,0,Low Risk
15717231,Yang,Germany,Male,37,721,98459.6,1,0,0,0.3674,1,Moderate Risk
15643188,Barnett,Germany,Female,47,671,114603.76,2,0,1,0.7778,1,Critical Risk
15671351,Romani,Spain,Male,35,624,0.0,2,0,0,0.0254,0,Low Risk
15573628,Greene,Germany,Female,51,751,148074.79,1,0,1,0.9798,1,Critical Risk
15698953,Hart,Spain,Male,36,636,0.0,3,1,1,0.653,1,Critical Risk
15753888,Johnston,Spain,Female,62,607,108004.64,1,1,1,0.2117,0,Moderate Risk
15737961,Miller,Germany,Female,29,509,107712.57,2,1,0,0.0548,0,Low Risk
15801701,Robson,Spain,Male,35,653,0.0,2,1,0,0.0062,0,Low Risk
15684419,Wallace,Spain,Female,37,709,0.0,3,0,0,0.6221,1,High Risk
15794266,Cross,France,Male,32,559,145303.52,1,0,0,0.0609,0,Low Risk
15810711,Marcum,Germany,Male,37,684,138476.41,2,1,0,0.0661,0,Low Risk
15771270,North,France,Female,27,635,127471.56,1,1,1,0.1165,0,Low Risk
15607786,Mao,France,Male,26,709,156551.63,1,1,0,0.0124,0,Low Risk
15624519,Calabrese,Germany,Female,49,656,97092.87,1,0,1,0.9544,1,Critical Risk
15799910,Martin,France,Male,32,793,0.0,2,0,1,0.0101,0,Low Risk
15602479,Fleming,Spain,Male,37,609,129312.79,1,1,0,0.0701,0,Low Risk
15617419,Roberts,Germany,Female,29,618,100315.1,2,1,0,0.0343,0,Low Risk
15657603,Finch,France,Female,35,850,81684.97,1,0,0,0.0882,0,Low Risk
15570379,Whitelegge,Spain,Male,51,669,88827.53,1,0,1,0.8239,1,Critical Risk
15772996,Rooke,Germany,Male,40,594,152092.44,2,1,0,0.055,0,Low Risk
15729574,Lu,Spain,Male,71,616,0.0,2,1,0,0.0124,0,Low Risk
15737267,Marcelo,France,Female,49,676,0.0,1,0,1,0.9736,1,Critical Risk
15799128,Matthews,Spain,Female,38,608,102406.76,1,1,0,0.074,0,Low Risk
15813327,Romani,France,Male,21,710,109130.96,2,1,0,0.0179,0,Low Risk
15711921,Scott,France,Male,29,695,0.0,2,1,0,0.0,0,Low Risk
15654300,Mao,Germany,Male,33,530,75242.28,1,1,0,0.0959,0,Low Risk
15569945,Horsley,Spain,Male,29,509,0.0,2,0,0,0.0124,0,Low Risk
15569666,Goddard,France,Female,45,517,0.0,1,0,1,0.9677,1,Critical Risk
15681887,Eskridge,Germany,Male,33,758,129142.54,2,1,0,0.0641,0,Low Risk
15608873,Smith,France,Male,51,665,0.0,1,0,0,0.9063,1,Critical Risk
15762091,Simpson,Germany,Female,22,631,139129.92,1,1,0,0.2055,0,Moderate Risk
15722053,Oguejiofor,Spain,Male,33,576,0.0,2,1,0,0.0062,0,Low Risk
15782100,Holloway,Spain,Male,22,544,66483.32,1,1,0,0.0661,0,Low Risk
15765300,L?,Germany,Male,40,596,62389.03,3,0,1,0.8261,1,Critical Risk
15743570,Feng,France,Female,34,481,0.0,2,1,0,0.0136,0,Low Risk
15608541,Claiborne,France,Male,46,498,91857.66,1,0,1,0.6124,1,High Risk
15750671,Egobudike,Spain,Male,31,512,0.0,2,0,0,0.0124,0,Low Risk
15813659,Folliero,France,Female,56,594,0.0,1,0,1,0.9902,1,Critical Risk
15757867,Bray,France,Female,30,570,176173.52,1,0,1,0.2315,0,Moderate Risk
15652914,Ibrahimov,Spain,Male,38,721,0.0,1,1,0,0.1465,0,Low Risk
15723818,Carpenter,France,Female,37,453,131834.76,2,0,0,0.0822,0,Low Risk
15713819,Walsh,France,Male,48,562,92347.96,1,1,0,0.349,1,Moderate Risk
15656484,Woods,France,Male,40,682,0.0,2,1,0,0.0159,0,Low Risk
15778515,Wu,France,Male,40,748,95297.11,1,0,0,0.1868,0,Low Risk
15803840,Forbes,France,Female,32,729,0.0,2,0,0,0.0343,0,Low Risk
15735339,Lynch,France,Male,39,663,0.0,1,0,0,0.4243,1,High Risk
15600392,Amaechi,France,Female,53,735,123845.36,2,1,1,0.6216,1,High Risk
15625740,Enriquez,Germany,Male,62,627,143426.34,2,1,0,0.1516,0,Low Risk
15663817,Y?an,France,Male,46,713,0.0,1,1,0,0.3772,1,Moderate Risk
15734461,Brooks,Germany,Male,31,562,112708.2,1,1,0,0.1718,0,Low Risk
15780142,Wang,France,Male,43,632,100013.51,1,0,0,0.2544,0,Moderate Risk
15709920,Burke,France,Female,33,479,208165.53,1,0,1,0.5823,1,High Risk
15684248,Meng,Spain,Male,21,658,0.0,2,1,0,0.0,0,Low Risk
15643158,Chiganu,France,Female,40,598,0.0,1,0,1,0.6006,1,High Risk
15693902,Hunt,France,Male,19,597,0.0,2,1,0,0.0062,0,Low Risk
15578307,Lucchese,France,Female,33,512,121685.31,2,1,0,0.0359,0,Low Risk
15585379,Humphries,France,Male,39,704,111525.02,1,0,0,0.0724,0,Low Risk
15758510,Frolova,France,Male,26,474,0.0,2,0,0,0.0062,0,Low Risk
15692918,Hsing,Germany,Male,36,604,113546.3,1,1,0,0.1502,0,Low Risk
15705301,Parkes,France,Male,41,683,95696.52,2,1,0,0.0352,0,Low Risk
15718231,Gregory,France,Male,28,537,88963.31,2,1,0,0.0144,0,Low Risk
15567991,Obiuto,Spain,Male,31,794,144880.34,2,1,0,0.0124,0,Low Risk
15772650,Longo,France,Male,55,732,136576.02,1,1,1,0.3134,1,Moderate Risk
15574795,Lombardo,France,Female,38,495,63093.01,1,1,0,0.0815,0,Low Risk
15706036,Lombardo,Germany,Male,38,552,132271.12,2,1,0,0.0815,0,Low Risk
15723856,Gonzalez,France,Female,29,602,88814.4,2,1,0,0.0336,0,Low Risk
15812920,Nwabugwu,Germany,Male,40,607,90594.55,1,1,0,0.3457,1,Moderate Risk
15691287,Ford,Germany,Female,33,675,141816.25,1,0,1,0.5565,1,High Risk
15804797,Gilleland,France,Female,54,443,138547.97,1,1,1,0.6032,1,High Risk
15708650,Fullwood,France,Female,31,727,52192.08,2,1,0,0.0455,0,Low Risk
15712777,Kao,France,Male,38,482,124976.19,1,0,0,0.1419,0,Low Risk
15786469,Montalvo,France,Female,34,686,0.0,2,0,0,0.0282,0,Low Risk
15669219,Wilson,Germany,Male,35,588,104356.38,1,0,0,0.3844,1,Moderate Risk
15641004,Doyne,Spain,Female,48,605,150315.92,1,1,0,0.2656,0,Moderate Risk
15648067,Onwuamaeze,France,Male,39,583,129299.28,2,0,0,0.0896,0,Low Risk
15704014,K'ung,Germany,Male,37,738,140950.92,2,0,0,0.0609,0,Low Risk
15645136,O'Donnell,Spain,Male,30,744,128065.12,1,0,0,0.0896,0,Low Risk
15709604,McMillan,France,Male,23,781,107433.48,1,0,0,0.0609,0,Low Risk
15713637,Chinedum,France,Male,34,699,117468.67,1,0,0,0.0711,0,Low Risk
15793901,Capon,France,Female,27,639,0.0,2,0,0,0.0179,0,Low Risk
15569759,Rawling,France,Female,27,583,0.0,3,0,0,0.7194,1,Critical Risk
15712930,Duncan,France,Male,42,587,0.0,1,0,0,0.4101,1,High Risk
15586504,Trevisani,France,Male,40,694,0.0,2,0,0,0.0426,0,Low Risk
15677317,Ankudinova,France,Female,29,570,153040.03,1,1,1,0.0609,0,Low Risk
15664270,Balsillie,Germany,Male,45,692,142084.04,4,0,1,0.9978,1,Critical Risk
15731519,Kerr,France,Female,30,511,0.0,2,0,0,0.0322,0,Low Risk
15745623,Worsnop,France,Male,32,788,112079.58,1,0,0,0.0592,0,Low Risk
15813862,Yevseyev,Spain,Male,66,526,132044.6,2,1,0,0.0609,0,Low Risk
15641934,Manna,Spain,Female,46,749,66582.81,1,0,1,0.7828,1,Critical Risk
15713043,Siciliani,France,Female,33,691,0.0,2,1,0,0.0254,0,Low Risk
15700749,Powell,France,Female,39,481,0.0,1,1,0,0.2519,0,Moderate Risk
15697567,Bazarova,France,Male,33,752,0.0,2,1,0,0.0062,0,Low Risk
15715414,White,France,Female,38,658,102895.1,1,0,0,0.3057,1,Moderate Risk
15639530,Buda,Spain,Male,42,679,0.0,1,1,0,0.2048,0,Moderate Risk
15726058,Cattaneo,Germany,Male,27,754,117578.35,2,1,0,0.0274,0,Low Risk
15725665,Lo,France,Male,47,679,198546.1,2,0,1,0.6367,1,High Risk
15698872,Brown,Spain,Female,39,633,0.0,2,0,0,0.0365,0,Low Risk
15812184,Rose,France,Female,31,674,0.0,1,0,0,0.2869,1,Moderate Risk
15742609,Lombardo,Germany,Male,28,600,116623.31,1,1,0,0.1351,0,Low Risk
15815043,McMillan,Spain,Male,49,645,0.0,2,0,0,0.2187,0,Moderate Risk
15640648,Howe,France,Male,36,698,0.0,2,1,0,0.0124,0,Low Risk
15627203,Hsu,Spain,Male,54,508,0.0,1,1,0,0.2804,1,Moderate Risk
15786196,Han,France,Female,44,555,105770.7,3,0,1,0.9892,1,Critical Risk
15612095,Calabrese,France,Female,48,751,0.0,1,0,1,0.9736,1,Critical Risk
15674368,Riley,France,Female,39,738,94435.45,2,1,0,0.0684,0,Low Risk
15783477,Biryukov,Germany,Female,39,706,112889.91,1,1,0,0.5291,1,High Risk
15757559,Broadhurst,France,Female,53,595,0.0,2,0,1,0.556,1,High Risk
15591036,Genovesi,Germany,Female,43,577,127940.47,1,0,1,0.7508,1,Critical Risk
15761241,Hsieh,Germany,Female,36,578,129745.1,1,1,0,0.4541,1,High Risk
15695078,Kemp,France,Male,32,699,0.0,2,1,0,0.0062,0,Low Risk
15645744,Chukwudi,France,Female,30,826,0.0,2,1,0,0.0159,0,Low Risk
15566988,Iqbal,Germany,Female,46,656,141535.52,1,0,1,0.9677,1,Critical Risk
15749300,Teng,France,Female,47,556,139914.27,1,1,0,0.4479,1,High Risk
15594340,Tao,France,Male,41,569,120243.49,1,0,1,0.3016,1,Moderate Risk
15607065,Chinedum,France,Male,34,765,91835.16,1,0,0,0.0609,0,Low Risk
15778089,Stevenson,Spain,Male,37,544,0.0,2,0,0,0.0254,0,Low Risk
15773723,Duncan,Spain,Female,22,588,67178.19,1,1,1,0.0452,0,Low Risk
15697035,Garrett,Spain,Female,31,740,0.0,2,0,0,0.0274,0,Low Risk
15679668,Yao,Spain,Male,38,850,115378.94,1,1,0,0.046,0,Low Risk
15709861,He,Germany,Male,30,766,127786.28,2,1,0,0.0482,0,Low Risk
15791958,Mazzi,France,Female,41,849,0.0,2,1,1,0.0397,0,Low Risk
15791030,Edwards,France,Female,33,612,64900.32,2,0,0,0.0593,0,Low Risk
15695339,Lucchesi,Germany,Male,53,517,109172.88,1,0,1,0.9978,1,Critical Risk
15658813,Siciliani,France,Female,55,645,0.0,2,1,0,0.1471,0,Low Risk
15715709,Shih,Germany,Male,43,696,114091.38,1,1,0,0.5468,1,High Risk
15722533,Logue,France,Female,40,716,0.0,2,1,0,0.0593,0,Low Risk
15683118,Rechner,France,Male,32,590,0.0,2,0,0,0.0159,0,Low Risk
15672798,O'Brien,France,Female,45,656,145933.27,1,1,0,0.2272,0,Moderate Risk
15680112,Stewart,Germany,Female,35,473,131504.73,1,0,0,0.468,1,High Risk
15714575,Batt,Germany,Female,44,742,107926.02,1,1,1,0.7003,1,Critical Risk
15806808,Hope,Germany,Female,57,834,112281.6,3,0,1,1.0,1,Critical Risk
15590637,Ahmed,France,Male,41,721,0.0,2,1,0,0.0274,0,Low Risk
15657535,Pearson,Spain,Male,29,590,0.0,1,1,1,0.0623,0,Low Risk
15696141,Kruglov,Spain,Female,31,516,0.0,1,0,0,0.1864,0,Low Risk
15811947,Gordon,France,Male,33,850,124781.67,1,1,0,0.0144,0,Low Risk
15649024,Trujillo,France,Female,39,748,132865.56,1,1,1,0.2224,0,Moderate Risk
15594928,Pagnotto,Germany,Female,38,798,129055.13,1,0,0,0.6225,1,High Risk
15765532,Horton,Germany,Male,76,612,96166.88,1,1,0,0.0435,0,Low Risk
15741719,DeRose,France,Female,40,540,165298.12,1,1,0,0.1133,0,Low Risk
15665629,Chiang,Spain,Female,33,719,0.0,2,0,0,0.0274,0,Low Risk
15728917,Gill,France,Male,48,598,120682.53,1,0,1,0.7018,1,Critical Risk
15762993,Trevisano,Spain,Male,32,796,102773.15,2,1,0,0.0159,0,Low Risk
15571193,Morrison,Germany,Male,42,579,144386.32,1,1,1,0.498,1,High Risk
15653521,Onuora,Germany,Female,40,850,104449.8,1,1,0,0.1901,0,Low Risk
15802220,Ikenna,Spain,Male,35,599,137102.65,1,0,0,0.1842,0,Low Risk
15644132,Mancini,France,Female,30,724,142475.87,1,1,0,0.0711,0,Low Risk
15600832,Moss,France,Female,43,508,0.0,1,0,0,0.6555,1,Critical Risk
15797919,Ting,Spain,Male,37,773,103195.2,2,0,0,0.0592,0,Low Risk
15603743,Tai,France,Male,28,526,112070.44,1,1,0,0.0352,0,Low Risk
15579714,Pan,France,Female,29,542,0.0,2,1,0,0.0121,0,Low Risk
15634295,Wilson,France,Male,35,470,96473.59,1,0,0,0.0419,0,Low Risk
15786680,Bianchi,Spain,Male,37,805,0.0,2,0,0,0.0124,0,Low Risk
15623499,Holman,Germany,Male,49,548,108437.89,1,0,1,0.9736,1,Critical Risk
15691823,Obidimkpa,France,Male,37,672,153195.59,1,1,0,0.0649,0,Low Risk
15809279,Wallace,France,Male,45,773,96877.21,1,1,0,0.1704,0,Low Risk
15758039,Ash,France,Male,44,614,0.0,2,1,0,0.0352,0,Low Risk
15807163,Ku,France,Female,38,537,0.0,1,0,1,0.477,1,High Risk
15631639,Uspensky,France,Female,40,704,95452.89,1,1,0,0.3547,1,Moderate Risk
15713770,Shih,Spain,Male,41,586,63873.56,1,0,0,0.2875,1,Moderate Risk
15698167,Kumm,France,Female,24,677,148298.59,2,0,0,0.0592,0,Low Risk
15781710,Carey,Spain,Female,31,558,0.0,2,0,0,0.0271,0,Low Risk
15801296,Farber,Germany,Female,37,634,143258.85,2,0,0,0.1247,0,Low Risk
15704378,Calabrese,Germany,Male,37,655,121342.24,1,1,0,0.3088,1,Moderate Risk
15767891,Findlay,Germany,Female,28,619,99152.73,2,0,0,0.0649,0,Low Risk
15640667,Yu,France,Female,41,662,0.0,2,0,0,0.0649,0,Low Risk
15702145,Edments,Spain,Male,33,705,68423.89,1,1,0,0.0248,0,Low Risk
15679738,Brown,Spain,Female,35,527,0.0,1,0,1,0.3266,1,Moderate Risk
15636634,Lindon,Germany,Female,25,630,79656.81,1,0,0,0.1205,0,Low Risk
15809227,Chukwudi,France,Male,35,850,0.0,2,1,0,0.0,0,Low Risk
15601811,Caldwell,France,Female,53,668,110240.04,1,0,1,0.9585,1,Critical Risk
15625494,Li Fonti,France,Female,32,573,125321.84,2,1,0,0.0426,0,Low Risk
15723737,Pitcher,France,Male,27,680,0.0,1,0,0,0.13,0,Low Risk
15682955,Capon,France,Female,32,758,84378.9,1,1,0,0.0592,0,Low Risk
15758856,Kable,France,Male,45,597,0.0,2,0,0,0.0855,0,Low Risk
15746065,Lo Duca,Germany,Male,35,580,136281.41,2,1,0,0.0559,0,Low Risk
15783865,Kulikova,France,Male,59,622,119380.37,1,1,0,0.3589,1,Moderate Risk
15745455,Navarrete,Germany,Male,62,638,108716.59,2,1,0,0.2158,0,Moderate Risk
15583033,Huguley,France,Female,20,640,0.0,2,1,0,0.0124,0,Low Risk
15644212,Han,Spain,Male,28,644,0.0,2,0,0,0.0477,0,Low Risk
15735688,Horsley,France,Female,31,753,106596.29,1,0,0,0.1465,0,Low Risk
15658577,Massie,France,Female,37,629,99546.25,3,1,1,0.9869,1,Critical Risk
15606887,Singh,France,Female,30,775,0.0,1,0,1,0.4903,1,High Risk
15783026,H?,France,Female,41,701,0.0,1,0,0,0.6225,1,High Risk
15579892,Doyle,Spain,Male,19,708,112615.86,1,1,0,0.0124,0,Low Risk
15802088,Grant,Spain,Female,22,521,0.0,1,1,0,0.046,0,Low Risk
15589323,Law,France,Female,24,636,0.0,2,1,0,0.0124,0,Low Risk
15636395,King,France,Female,31,529,0.0,2,0,0,0.0254,0,Low Risk
15712772,Onwubiko,France,Male,28,757,75381.15,1,1,0,0.0303,0,Low Risk
15700937,Romano,Spain,Female,24,767,0.0,2,1,0,0.0101,0,Low Risk
15766659,Okwudilichukwu,Spain,Male,33,525,0.0,2,0,0,0.0159,0,Low Risk
15814033,Milano,Spain,Male,38,759,0.0,2,0,0,0.026,0,Low Risk
15783007,Parker,Germany,Female,45,520,123086.39,1,1,1,0.8402,1,Critical Risk
15654183,Aitken,France,Female,26,738,0.0,2,0,0,0.0282,0,Low Risk
15609899,Obiora,Spain,Male,37,548,0.0,1,0,0,0.3608,1,Moderate Risk
15747323,Vasilyeva,Spain,Male,48,535,109472.47,1,0,1,0.7909,1,Critical Risk
15582591,Chiabuotu,Spain,Male,59,615,155766.05,1,1,0,0.2207,0,Moderate Risk
15738835,Slater,Germany,Male,38,850,101985.81,2,0,0,0.0671,0,Low Risk
15782404,Hughes,France,Female,34,487,96019.5,1,0,0,0.0661,0,Low Risk
15697480,Menkens,France,Male,30,731,0.0,2,1,0,0.0062,0,Low Risk
15697045,Pisani,Spain,Female,35,726,0.0,2,1,0,0.0159,0,Low Risk
15781234,Y?an,France,Female,35,609,147900.43,1,0,0,0.2397,0,Moderate Risk
15579891,Milani,France,Male,52,714,100755.66,1,1,0,0.4007,1,High Risk
15805690,Chin,Spain,Female,35,694,0.0,1,0,1,0.399,1,Moderate Risk
15612139,Fu,France,Female,33,786,83036.05,1,1,1,0.0671,0,Low Risk
15568834,Howells,Spain,Male,27,698,125427.37,2,0,0,0.0538,0,Low Risk
15709917,Ni,France,Female,46,601,98202.76,1,0,0,0.7267,1,Critical Risk
15718843,Maslova,Spain,Male,41,769,72509.91,1,0,0,0.2328,0,Moderate Risk
15799494,Forster,Germany,Male,44,850,140393.65,2,1,0,0.0262,0,Low Risk
15673439,Sun,Spain,Female,50,646,142644.64,2,1,1,0.3203,1,Moderate Risk
15669011,Bocharova,France,Female,44,659,23503.31,1,1,1,0.5939,1,High Risk
15581388,Y?an,Spain,Male,33,487,145729.71,1,0,0,0.0792,0,Low Risk
15743153,Singh,Germany,Female,40,740,122295.17,2,1,0,0.2175,0,Moderate Risk
15579787,Nkemakonam,France,Male,39,686,0.0,2,0,0,0.0282,0,Low Risk
15759966,Chiemenam,Spain,Female,36,612,119799.27,2,0,0,0.1503,0,Low Risk
15601045,Angelo,Spain,Male,37,655,163708.58,2,0,0,0.1121,0,Low Risk
15764021,Frolov,France,Male,34,617,61687.33,2,0,0,0.0262,0,Low Risk
15687218,West,France,Female,27,674,79144.34,1,1,0,0.0592,0,Low Risk
15626452,Beatham,Spain,Male,32,711,0.0,2,1,0,0.0062,0,Low Risk
15700964,Pollard,Germany,Female,27,624,104848.68,1,1,0,0.2469,0,Moderate Risk
15768887,Hsing,Spain,Male,26,597,0.0,2,1,0,0.0062,0,Low Risk
15735358,Dowse,Spain,Male,46,682,0.0,1,1,0,0.205,0,Moderate Risk
15749472,Lucciano,France,Male,45,775,0.0,1,0,0,0.7747,1,Critical Risk
15685872,Godfrey,France,Female,29,727,146652.01,1,1,0,0.0577,0,Low Risk
15760851,Gratton,France,Male,31,629,0.0,2,0,0,0.0124,0,Low Risk
15734588,Manning,France,Male,46,684,0.0,2,1,0,0.0433,0,Low Risk
15784594,Mazzi,Germany,Female,37,549,130622.34,2,1,0,0.1471,0,Low Risk
15606435,Wall,Germany,Male,69,593,187013.13,2,1,0,0.0269,0,Low Risk
15790247,Sims,Spain,Male,40,536,0.0,2,1,0,0.0101,0,Low Risk
15676433,Allan,France,Female,36,707,0.0,1,0,0,0.4391,1,High Risk
15625905,Griffen,Spain,Male,41,592,0.0,2,0,0,0.0542,0,Low Risk
15626414,Russell,France,Male,44,703,98862.54,1,0,0,0.2826,1,Moderate Risk
15623220,Brown,Spain,Female,45,723,0.0,2,0,0,0.1981,0,Low Risk
15752857,Palerma,Germany,Male,52,452,98443.14,2,0,0,0.7857,1,Critical Risk
15677908,Gilbert,Spain,Male,42,552,0.0,2,0,0,0.0257,0,Low Risk
15773013,Uvarov,France,Female,47,633,0.0,1,1,1,0.7101,1,Critical Risk
15623972,Wisdom,Germany,Female,23,479,123575.51,1,1,0,0.1375,0,Low Risk
15738627,Hussain,France,Male,25,768,0.0,2,1,0,0.0,0,Low Risk
15643392,Woods,France,Male,31,742,105239.1,1,1,0,0.0462,0,Low Risk
15684868,Cameron,Germany,Male,56,668,110993.79,1,0,1,0.9946,1,Critical Risk
15627854,Mai,Spain,Male,44,707,0.0,2,1,0,0.0159,0,Low Risk
15669253,Gibson,Spain,Male,39,754,157691.98,2,0,1,0.1443,0,Low Risk
15758023,Grigoryeva,Germany,Male,47,544,105245.21,1,0,1,0.927,1,Critical Risk
15574558,Gunter,Spain,Male,32,718,0.0,2,1,0,0.0,0,Low Risk
15635256,Arcuri,France,Male,31,762,117687.35,1,1,0,0.0359,0,Low Risk
15680399,Tung,France,Male,23,772,0.0,2,0,0,0.0124,0,Low Risk
15674720,Smith,Germany,Female,37,691,123067.63,1,1,1,0.4421,1,High Risk
15580249,Lori,France,Male,45,502,0.0,1,0,0,0.5963,1,High Risk
15675431,Chidimma,France,Female,34,563,0.0,2,0,0,0.0274,0,Low Risk
15698285,Ting,France,Female,41,676,101457.14,1,1,0,0.1661,0,Low Risk
15810775,Tsao,Spain,Male,52,576,100549.43,2,1,0,0.1201,0,Low Risk
15678173,Collee,Spain,Male,35,629,174588.8,2,1,0,0.0576,0,Low Risk
15665222,Lettiere,Spain,Male,52,625,121161.57,1,0,0,0.8534,1,Critical Risk
15803908,Fu,France,Male,45,628,0.0,2,1,0,0.0359,0,Low Risk
15586039,Bergamaschi,Germany,Female,36,471,90063.74,2,1,0,0.0558,0,Low Risk
15802570,Dyer,France,Female,45,811,0.0,2,1,0,0.0572,0,Low Risk
15781451,Buccho,France,Male,42,504,134936.97,2,0,0,0.074,0,Low Risk
15721019,Jones,France,Female,24,687,110495.27,1,0,0,0.1734,0,Low Risk
15738588,Nebechi,Germany,Female,37,660,133200.09,1,0,0,0.6151,1,High Risk
15730657,Ibekwe,France,Female,41,548,82596.8,1,1,0,0.1969,0,Low Risk
15739292,Gorshkov,Germany,Male,31,609,103837.75,1,1,0,0.1162,0,Low Risk
15725945,Nweke,Spain,Female,42,659,0.0,1,0,1,0.653,1,Critical Risk
15813159,Hairston,France,Male,52,526,93590.47,1,1,1,0.4406,1,High Risk
15636820,Loggia,Germany,Male,40,725,104149.66,1,0,0,0.6013,1,High Risk
15603880,Morgan,Germany,Male,38,519,114141.64,1,1,1,0.3807,1,Moderate Risk
15619494,Abdulov,Germany,Female,31,562,117153.0,1,1,0,0.2715,0,Moderate Risk
15596992,Norris,Germany,Male,45,482,156353.46,1,0,1,0.783,1,Critical Risk
15735025,Clark,Spain,Male,37,535,175534.78,2,1,0,0.0458,0,Low Risk
15730759,Chukwudi,France,Female,27,561,135637.0,1,0,1,0.2068,0,Moderate Risk
15752912,Perkin,France,Female,30,661,0.0,2,0,0,0.0254,0,Low Risk
15711316,Ch'ang,France,Male,27,771,0.0,2,1,0,0.0,0,Low Risk
15738785,Kang,France,Male,26,545,0.0,2,1,0,0.0101,0,Low Risk
15777896,Chukwudi,Germany,Female,33,850,83415.04,1,1,0,0.0667,0,Low Risk
15628963,Frolova,Germany,Male,43,601,141859.12,2,1,0,0.0609,0,Low Risk
15742126,Chiu,Germany,Male,38,712,132767.66,2,1,0,0.0582,0,Low Risk
15575623,Simpson,France,Female,31,589,110635.32,1,0,0,0.0822,0,Low Risk
15741652,McLean,Spain,Male,37,600,177657.35,1,1,0,0.0465,0,Low Risk
15738884,Hu,Germany,Male,41,642,157777.58,1,0,0,0.5225,1,High Risk
15615050,Savage,Germany,Male,47,575,107915.94,2,1,1,0.2505,0,Moderate Risk
15803005,Wallace,Germany,Female,57,570,86568.75,1,1,0,0.7465,1,Critical Risk
15743498,Winter,Germany,Male,52,532,137755.76,1,0,1,0.9902,1,Critical Risk
15720463,Ho,France,Male,30,796,137262.71,2,0,0,0.0254,0,Low Risk
15588695,Su,Spain,Male,32,833,0.0,1,1,1,0.0684,0,Low Risk
15665802,Li Fonti,Spain,Female,36,642,0.0,2,1,0,0.0254,0,Low Risk
15571144,Ives,France,Male,28,655,0.0,2,1,0,0.0159,0,Low Risk
15750731,Trevisani,Germany,Male,50,736,116309.01,1,0,1,0.9826,1,Critical Risk
15605134,Bond,France,Female,34,617,131244.65,2,0,0,0.0661,0,Low Risk
15626044,Lettiere,Germany,Male,28,762,125155.83,2,1,0,0.0328,0,Low Risk
15737910,Houghton,Germany,Male,35,703,140691.08,2,0,0,0.0896,0,Low Risk
15761076,Lei,France,Male,41,507,58820.32,2,1,0,0.0343,0,Low Risk
15710105,Stirling,Germany,Female,26,581,105099.45,1,1,1,0.2596,0,Moderate Risk
15577402,Grant,France,Male,31,593,0.0,2,1,0,0.0062,0,Low Risk
15803337,Baresi,France,Male,23,648,168372.52,1,0,0,0.0781,0,Low Risk
15654372,Pearce,Germany,Male,34,462,94682.56,2,0,0,0.0419,0,Low Risk
15585867,Rutledge,Spain,Male,36,596,0.0,2,1,0,0.0124,0,Low Risk
15662488,Udegbunam,France,Female,44,627,0.0,2,0,1,0.0609,0,Low Risk
15604813,Zaytseva,France,Male,40,494,0.0,2,1,0,0.0282,0,Low Risk
15611644,Onyemauchechukwu,France,Male,73,627,146329.73,1,1,0,0.0101,0,Low Risk
15674928,Mullah,Spain,Male,37,850,0.0,2,0,0,0.0124,0,Low Risk
15656100,Candler,France,Female,49,632,167962.7,1,0,0,0.8411,1,Critical Risk
15764293,Konovalova,France,Male,33,490,0.0,2,1,0,0.0062,0,Low Risk
15636423,Lei,France,Male,40,715,0.0,1,1,0,0.1832,0,Low Risk
15607629,Hollis,France,Male,48,679,0.0,2,0,0,0.1803,0,Low Risk
15577313,Lionel,France,Male,44,619,116967.68,1,0,1,0.1972,0,Low Risk
15714493,Francis,Spain,Female,33,465,0.0,2,1,0,0.0101,0,Low Risk
15643359,Carter,Spain,Male,32,736,0.0,1,1,0,0.0661,0,Low Risk
15687913,Mai,Germany,Female,34,501,93244.42,1,1,0,0.1675,0,Low Risk
15790935,Johnson,France,Female,29,535,0.0,2,1,0,0.0124,0,Low Risk
15708693,Sherman,France,Female,33,759,0.0,2,0,0,0.0281,0,Low Risk
15672016,Sabbatini,France,Male,35,819,0.0,2,1,0,0.0,0,Low Risk
15727605,Shih,Germany,Male,43,533,80442.06,2,1,0,0.0677,0,Low Risk
15651144,Yao,Germany,Female,35,632,150561.03,2,0,0,0.0661,0,Low Risk
15749401,Ko,France,Male,60,686,0.0,3,1,1,0.8767,1,Critical Risk
15691874,Kazakova,France,Female,34,687,125474.44,1,0,0,0.1054,0,Low Risk
15620735,Chiganu,Germany,Female,33,667,127076.68,2,0,0,0.1623,0,Low Risk
15769781,Nucci,Spain,Female,25,699,0.0,2,1,0,0.0062,0,Low Risk
15624611,Marsden,Spain,Male,37,497,128650.11,2,1,0,0.0329,0,Low Risk
15773071,Serena,Spain,Female,33,780,145580.61,1,1,0,0.1167,0,Low Risk
15720371,McLean,France,Female,51,652,0.0,1,0,1,0.9902,1,Critical Risk
15717984,Longo,France,Male,47,477,144900.58,1,0,1,0.6759,1,Critical Risk
15806407,Wilson,France,Female,37,652,0.0,2,0,0,0.0542,0,Low Risk
15785042,Hsiung,France,Female,31,488,97588.6,1,0,0,0.0792,0,Low Risk
15809302,Wright,France,Male,24,572,0.0,2,1,0,0.0062,0,Low Risk
15677550,Folliero,France,Female,38,755,0.0,2,0,0,0.0542,0,Low Risk
15654096,Johnston,Germany,Female,24,779,122200.31,2,0,0,0.1149,0,Low Risk
15617320,Palermo,Spain,Female,46,693,151709.33,1,0,0,0.6531,1,Critical Risk
15653065,Nwabugwu,Spain,Female,22,530,0.0,2,0,0,0.0124,0,Low Risk
15649112,Endrizzi,Spain,Female,33,738,122134.4,2,1,0,0.0403,0,Low Risk
15690526,Tuan,Germany,Male,31,690,137260.45,2,0,0,0.0609,0,Low Risk
15806945,Udobata,France,Female,30,611,88594.14,1,0,0,0.1034,0,Low Risk
15670066,Ibezimako,Spain,Male,34,643,0.0,2,1,0,0.0062,0,Low Risk
15625761,Maclean,Germany,Male,41,632,127205.32,4,0,1,1.0,1,Critical Risk
15761525,Shaw,Spain,Female,31,727,96997.09,2,0,0,0.0281,0,Low Risk
15735080,Cummins,France,Female,64,508,0.0,1,1,0,0.2917,1,Moderate Risk
15619537,Lavrentiev,France,Male,31,550,142200.19,2,1,0,0.0254,0,Low Risk
15598162,Saunders,Germany,Female,39,754,160761.41,1,1,0,0.3281,1,Moderate Risk
15694300,Fiorentino,France,Male,26,759,0.0,2,0,0,0.0124,0,Low Risk
15637235,Knight,Spain,Male,33,794,0.0,2,0,0,0.0062,0,Low Risk
15612444,Manfrin,France,Male,29,549,0.0,2,0,0,0.0124,0,Low Risk
15626457,Zetticci,France,Male,31,671,116234.61,1,0,0,0.0609,0,Low Risk
15627995,Angelo,Germany,Female,26,756,155143.52,1,1,1,0.1746,0,Low Risk
15706128,Zhdanov,France,Female,21,632,0.0,2,0,0,0.0251,0,Low Risk
15666430,Peck,France,Male,38,579,0.0,2,0,0,0.0298,0,Low Risk
15627385,Uwaezuoke,France,Male,34,748,84009.47,1,1,0,0.0565,0,Low Risk
15581323,White,Germany,Female,28,488,139246.22,2,0,0,0.0452,0,Low Risk
15608109,Greco,Germany,Male,58,710,170113.0,2,1,0,0.1034,0,Low Risk
15801942,Chu,Spain,Female,41,619,0.0,3,1,1,0.8862,1,Critical Risk
15567431,Kodilinyechukwu,France,Male,64,773,145578.28,1,1,0,0.1737,0,Low Risk
15810167,Scott,Spain,Male,75,657,126273.95,1,1,0,0.0254,0,Low Risk
15644501,Enyinnaya,France,Female,26,579,162482.76,1,1,0,0.0511,0,Low Risk
15785290,Hao,France,Male,29,542,0.0,1,0,0,0.0609,0,Low Risk
15611157,McElhone,France,Female,32,709,87814.89,1,0,0,0.1351,0,Low Risk
15673837,Ko,Spain,Male,61,617,113858.95,1,1,0,0.2388,0,Moderate Risk
15656822,Day,Germany,Male,43,568,87612.64,4,1,1,0.9727,1,Critical Risk
15580560,Harris,France,Female,73,769,0.0,1,1,0,0.0793,0,Low Risk
15760641,Gerald,Germany,Male,26,608,106648.98,1,1,0,0.0802,0,Low Risk
15587584,Nebeuwa,Spain,Male,31,503,0.0,2,1,0,0.0,0,Low Risk
15604146,Kaodilinakachukwu,Germany,Female,38,608,103653.51,2,1,0,0.1471,0,Low Risk
15813974,Maruff,Germany,Male,37,731,116880.53,1,0,1,0.5536,1,High Risk
15746986,Howe,Germany,Female,40,850,97990.49,2,0,0,0.1133,0,Low Risk
15759741,Knepper,Germany,Female,34,591,150635.3,1,1,0,0.1981,0,Low Risk
15734892,Fennell,Spain,Male,37,579,0.0,2,1,0,0.0101,0,Low Risk
15797194,T'ao,France,Male,39,570,129674.89,2,0,0,0.1146,0,Low Risk
15723786,Morris,France,Female,37,709,0.0,2,0,0,0.0542,0,Low Risk
15642726,Holmes,France,Male,53,611,83568.26,1,0,0,0.5862,1,High Risk
15664339,Yu,Spain,Male,48,775,178144.91,2,0,1,0.7135,1,Critical Risk
15754526,Walker,Germany,Male,36,699,147137.74,1,1,0,0.2877,1,Moderate Risk
15703037,Edwards,France,Male,37,618,0.0,1,1,1,0.3195,1,Moderate Risk
15751412,Harvey,France,Male,36,704,114370.41,1,1,0,0.0576,0,Low Risk
15609558,McDonald,Germany,Female,47,835,108289.28,2,1,1,0.3142,1,Moderate Risk
15572408,Chambers,Germany,Male,39,714,149887.49,2,0,0,0.1305,0,Low Risk
15613923,Reed,Spain,Female,43,581,170172.9,1,1,0,0.1789,0,Low Risk
15747000,Shih,France,Male,27,592,0.0,2,1,0,0.0,0,Low Risk
15731781,Onyemachukwu,France,Male,43,551,0.0,2,0,0,0.0545,0,Low Risk
15727198,Teng,Germany,Female,28,689,64808.32,2,0,0,0.0359,0,Low Risk
15794273,Hand,France,Female,56,604,62732.65,1,1,0,0.686,1,Critical Risk
15804950,Onyemauchechukwu,France,Female,41,514,0.0,2,1,0,0.0222,0,Low Risk
15576304,Bailey,France,Male,29,698,95167.55,1,1,0,0.0538,0,Low Risk
15645200,Chiang,Germany,Female,54,581,152508.99,1,0,1,0.9677,1,Critical Risk
15779627,Maclean,Germany,Male,31,573,134644.19,1,1,0,0.1167,0,Low Risk
15750755,Yobachi,Spain,Female,33,449,0.0,2,0,0,0.0186,0,Low Risk
15569654,Munro,Germany,Female,31,850,51293.47,1,0,0,0.1145,0,Low Risk
15753079,Chidi,France,Male,41,612,0.0,3,0,0,0.7944,1,Critical Risk
15684995,Chamberlain,Spain,Male,49,690,116622.73,1,1,0,0.1898,0,Low Risk
15790763,Trujillo,Spain,Female,49,599,0.0,2,0,0,0.3142,1,Moderate Risk
15766458,Tang,France,Male,33,498,198113.86,1,0,0,0.0689,0,Low Risk
15616221,Wilson,France,Female,29,497,85646.81,1,0,1,0.0671,0,Low Risk
15776124,Mann,Spain,Male,51,802,0.0,1,1,0,0.5167,1,High Risk
15665811,Parry,France,Male,33,644,141234.98,1,0,0,0.0842,0,Low Risk
15729804,Manfrin,France,Male,34,714,0.0,2,1,0,0.0124,0,Low Risk
15714062,Millar,France,Female,40,690,77641.99,1,0,1,0.5395,1,High Risk
15592197,Simmons,Spain,Male,30,522,0.0,2,0,0,0.0159,0,Low Risk
15793116,Beneventi,Germany,Female,40,502,117304.29,1,0,0,0.5905,1,High Risk
15638231,Chung,Spain,Female,62,730,0.0,2,1,0,0.0426,0,Low Risk
15697678,Maxwell,Germany,Male,36,590,92340.69,2,1,0,0.0403,0,Low Risk
15800412,Dale,Germany,Male,35,458,146780.52,2,1,0,0.0228,0,Low Risk
15597610,Stevens,Spain,Male,41,553,144974.55,1,1,0,0.0724,0,Low Risk
15726634,Wei,France,Male,47,479,0.0,1,0,0,0.8489,1,Critical Risk
15670866,Chiu,France,Male,31,693,0.0,2,1,0,0.0062,0,Low Risk
15667462,Duncan,Spain,Male,43,707,0.0,2,0,0,0.0449,0,Low Risk
15662574,Brady,Spain,Male,37,636,115137.26,1,0,0,0.1888,0,Low Risk
15716926,Macleod,France,Male,33,807,101952.97,2,0,0,0.0159,0,Low Risk
15603554,Berkeley,France,Female,45,513,164649.52,3,0,1,1.0,1,Critical Risk
15716800,Kaur,France,Male,31,582,0.0,2,1,0,0.0,0,Low Risk
15679429,Bell,France,Male,32,694,91956.49,1,1,0,0.0179,0,Low Risk
15616122,Nwokike,France,Male,39,777,0.0,2,1,0,0.0159,0,Low Risk
15742172,Williamson,Germany,Male,32,598,123938.6,2,0,0,0.0569,0,Low Risk
15792305,Mountgarrett,Germany,Male,46,762,123571.77,3,1,1,0.9786,1,Critical Risk
15636016,Wreford,France,Female,34,588,120777.88,1,1,0,0.0896,0,Low Risk
15733138,Paterson,Germany,Male,42,663,90248.79,1,1,0,0.2962,1,Moderate Risk
15669741,Hou,France,Male,36,777,0.0,1,0,0,0.3016,1,Moderate Risk
15616954,Smith,France,Male,71,592,0.0,2,1,0,0.0274,0,Low Risk
15729238,Peng,Germany,Male,48,631,106396.48,1,1,1,0.7505,1,Critical Risk
15718242,Wollstonecraft,Germany,Female,47,725,104887.43,1,0,1,0.9666,1,Critical Risk
15682914,Bolton,France,Male,34,850,72079.71,1,1,0,0.0144,0,Low Risk
15654274,Corrie,France,Male,37,540,0.0,2,0,0,0.0282,0,Low Risk
15691457,Boyle,Spain,Male,36,674,0.0,2,1,0,0.0101,0,Low Risk
15719649,Lambie,France,Male,38,553,99844.68,1,0,0,0.1539,0,Low Risk
15778897,Cartwright,France,Female,28,630,0.0,2,1,0,0.0159,0,Low Risk
15589437,Lu,France,Male,26,466,156815.71,1,1,0,0.0335,0,Low Risk
15682369,Pisano,France,Male,47,613,146034.74,1,1,0,0.2092,0,Moderate Risk
15626507,Chukwubuikem,France,Male,27,558,152283.39,1,0,0,0.0576,0,Low Risk
15571995,Harper,Germany,Female,33,775,118897.1,2,1,0,0.0576,0,Low Risk
15673333,Wilson,Germany,Male,52,698,96781.39,1,1,0,0.6421,1,High Risk
15748752,Ch'in,Germany,Male,33,608,102772.67,2,0,0,0.0609,0,Low Risk
15725302,Streeton,Spain,Female,20,670,0.0,2,0,0,0.0274,0,Low Risk
15722083,Ch'ang,Spain,Male,39,591,0.0,2,0,0,0.0282,0,Low Risk
15771442,Pennington,France,Male,40,633,150578.0,1,1,1,0.1154,0,Low Risk
15803633,T'ien,France,Female,46,678,0.0,2,0,0,0.2154,0,Moderate Risk
15672185,Liu,France,Male,47,590,0.0,2,0,0,0.1374,0,Low Risk
15806486,Cunningham,France,Female,48,705,0.0,2,0,0,0.2972,1,Moderate Risk
15570895,Ch'in,France,Male,42,608,163548.07,1,0,0,0.1985,0,Low Risk
15614520,Smith,France,Female,37,682,148580.12,1,0,0,0.2358,0,Moderate Risk
15687492,Anderson,Germany,Male,32,596,96709.07,2,0,0,0.0254,0,Low Risk
15675337,Forbes,Germany,Female,34,395,106011.59,1,1,1,0.7568,1,Critical Risk
15721047,Ansell,Germany,Male,37,578,135650.88,1,0,0,0.2935,1,Moderate Risk
15589017,Chiu,Germany,Male,55,547,111362.76,3,0,1,1.0,1,Critical Risk
15611186,Yevdokimova,France,Male,37,609,39344.83,1,1,1,0.1642,0,Low Risk
15617301,Chamberlin,Germany,Male,36,774,130809.77,1,0,0,0.5914,1,High Risk
15726046,Johnston,France,Female,27,712,133009.51,1,0,0,0.1266,0,Low Risk
15585748,McDonald,Germany,Female,28,585,135337.49,2,1,0,0.0576,0,Low Risk
15672826,Chen,France,Female,32,666,112536.57,2,1,0,0.0446,0,Low Risk
15595162,Cattaneo,Spain,Female,35,708,122570.69,1,0,0,0.0896,0,Low Risk
15650026,Barclay-Harvey,France,Male,44,513,63562.02,2,1,1,0.0544,0,Low Risk
15745826,Dawson,France,Male,37,445,0.0,2,1,0,0.0124,0,Low Risk
15708610,Costa,Germany,Male,44,690,100368.63,2,0,0,0.2206,0,Moderate Risk
15624471,Chikwado,France,Male,37,850,0.0,2,0,0,0.0124,0,Low Risk
15590097,Ch'eng,Spain,Female,33,537,136082.0,1,0,0,0.1704,0,Low Risk
15689328,Harrison,Germany,Male,48,705,114169.16,1,0,1,0.9736,1,Critical Risk
15582154,Crawford,France,Female,45,670,47884.92,1,1,0,0.4858,1,High Risk
15734626,Gibson,Spain,Female,36,652,0.0,2,1,0,0.0251,0,Low Risk
15702806,Martin,Spain,Male,24,696,0.0,1,0,0,0.0551,0,Low Risk
15620756,Stokes,France,Male,49,747,202904.64,1,1,1,0.7346,1,Critical Risk
15611331,Niu,France,Female,46,511,0.0,1,1,1,0.7124,1,Critical Risk
15576935,Ampt,Spain,Male,43,743,161807.18,2,1,1,0.0475,0,Low Risk
15661275,Wynn,Germany,Male,52,532,110791.97,1,0,1,0.9946,1,Critical Risk
15814940,Lawrence,Spain,Female,33,642,0.0,2,1,0,0.0159,0,Low Risk
15768471,Wagner,Germany,Female,54,554,108755.0,1,0,1,0.9968,1,Critical Risk
15697391,Argyle,Spain,Female,34,604,0.0,2,0,0,0.0343,0,Low Risk
15793346,Ofodile,France,Female,72,602,0.0,2,1,0,0.0198,0,Low Risk
15608338,Chiemenam,Spain,Female,55,757,117294.12,4,0,1,1.0,1,Critical Risk
15578546,Akobundu,Germany,Male,26,491,102251.14,1,1,0,0.0855,0,Low Risk
15656921,Locke,France,Male,31,850,0.0,2,0,0,0.0062,0,Low Risk
15761340,Bullen,France,Male,22,521,0.0,2,1,0,0.0,0,Low Risk
15591135,Forster,France,Male,37,726,132057.92,2,0,0,0.0644,0,Low Risk
15623219,Smith,France,Male,33,596,0.0,1,0,1,0.2396,0,Moderate Risk
15655229,Craig,Germany,Female,35,850,114285.2,1,1,0,0.2449,0,Moderate Risk
15805884,Archer,France,Female,41,637,0.0,2,0,0,0.1327,0,Low Risk
15668289,McWilliams,Spain,Male,32,690,76087.98,1,1,0,0.0604,0,Low Risk
15568562,Moss,France,Male,40,689,160272.27,1,0,0,0.2199,0,Moderate Risk
15773276,Townsend,Spain,Male,63,633,114552.6,1,0,1,0.9472,1,Critical Risk
15622801,Brown,France,Female,27,555,102000.17,1,1,0,0.0588,0,Low Risk
15779886,Munson,Spain,Male,24,563,0.0,2,0,0,0.0062,0,Low Risk
15713673,T'ien,France,Female,33,494,137853.0,1,1,0,0.0426,0,Low Risk
15783083,Shubin,France,Male,27,534,0.0,2,0,0,0.0159,0,Low Risk
15742824,Isayeva,Germany,Male,42,696,162318.61,1,0,0,0.5652,1,High Risk
15621550,Hung,Spain,Female,50,535,140292.58,3,0,1,1.0,1,Critical Risk
15799480,Webb,France,Male,34,600,0.0,2,1,0,0.0,0,Low Risk
15625247,Scott,France,Female,34,807,0.0,1,0,0,0.1731,0,Low Risk
15755241,Rahman,France,Female,52,714,0.0,1,1,1,0.848,1,Critical Risk
15575679,Lori,France,Male,24,590,126431.54,1,0,0,0.0594,0,Low Risk
15668235,Cooke,France,Female,41,614,123475.04,1,1,0,0.3047,1,Moderate Risk
15683183,Volkova,Germany,Female,45,766,97652.96,1,0,0,0.9276,1,Critical Risk
15684592,Lamb,Spain,Male,42,557,0.0,2,1,0,0.0271,0,Low Risk
15591169,Hawes,Germany,Female,49,788,137455.99,1,0,1,0.9666,1,Critical Risk
15653455,Smith,France,Female,38,648,0.0,2,1,0,0.0286,0,Low Risk
15732563,Swanton,Germany,Female,33,726,99046.31,2,1,0,0.0536,0,Low Risk
15656471,Mitchell,France,Male,33,773,0.0,2,1,0,0.0,0,Low Risk
15598510,Colombo,Germany,Male,27,583,105907.42,2,1,0,0.0239,0,Low Risk
15766427,Shaw,Germany,Male,52,565,97720.35,2,0,1,0.8097,1,Critical Risk
15785342,Shipp,France,Male,25,705,0.0,2,1,0,0.0062,0,Low Risk
15641595,Jonathan,Spain,Male,43,685,97392.18,2,0,0,0.1467,0,Low Risk
15798429,Hernandez,France,Male,29,741,0.0,2,1,0,0.0062,0,Low Risk
15648136,Green,Germany,Female,28,658,152812.58,1,0,0,0.3462,1,Moderate Risk
15812482,Young,France,Male,27,575,139301.68,1,0,0,0.0609,0,Low Risk
15790810,Han,France,Female,41,844,76319.64,1,1,1,0.2437,0,Moderate Risk
15687421,Highland,Spain,Male,67,559,125919.35,1,0,1,0.9056,1,Critical Risk
15765643,Hamilton,France,Male,37,725,124348.38,2,1,0,0.0477,0,Low Risk
15654878,Yobanna,France,Male,29,450,117199.8,1,1,0,0.0271,0,Low Risk
15686835,Crawford,Germany,Female,57,738,148384.64,1,0,1,0.9902,1,Critical Risk
15768340,Beavers,Germany,Female,19,642,113905.48,1,1,0,0.291,1,Moderate Risk
15673599,Williamson,Spain,Male,32,618,133476.09,1,1,0,0.0609,0,Low Risk
15689096,Beneventi,France,Male,47,590,117879.32,1,1,0,0.2674,0,Moderate Risk
15684294,Chidumaga,France,Male,50,735,0.0,2,1,0,0.0701,0,Low Risk
15615828,Mitchell,France,Male,34,550,122359.5,1,0,0,0.078,0,Low Risk
15746012,Chibugo,Spain,Female,28,729,0.0,2,1,1,0.0365,0,Low Risk
15615797,Hyde,Germany,Male,59,743,108585.35,1,1,1,0.7645,1,Critical Risk
15788494,Alekseeva,France,Male,31,555,145875.74,1,0,0,0.1139,0,Low Risk
15793856,Abdulov,Spain,Female,36,667,121542.57,2,1,0,0.0569,0,Low Risk
15629545,Buckley,Spain,Female,41,790,109508.68,1,0,0,0.3005,1,Moderate Risk
15661198,Howard,Germany,Male,34,727,146407.11,1,1,0,0.1713,0,Low Risk
15715117,Peel,France,Female,39,744,0.0,1,0,0,0.4901,1,High Risk
15701074,Herz,Germany,Male,35,629,112330.83,1,1,0,0.3135,1,Moderate Risk
15793046,Holden,France,Female,35,619,90413.12,1,1,0,0.13,0,Low Risk
15623744,McLean,France,Male,34,634,105302.66,1,1,0,0.0426,0,Low Risk
15611329,Findlay,Spain,Female,35,608,0.0,2,1,0,0.0262,0,Low Risk
15740428,Wyatt,France,Female,35,507,0.0,2,0,0,0.0167,0,Low Risk
15781534,Rapuluolisa,Germany,Female,35,536,121520.36,1,0,0,0.5813,1,High Risk
15618243,Buckland,Spain,Female,43,730,103960.38,1,1,0,0.108,0,Low Risk
15784161,Hargreaves,Germany,Male,39,583,102945.01,1,0,0,0.6281,1,High Risk
15700325,Onyeoruru,France,Female,24,644,92760.55,1,0,0,0.0609,0,Low Risk
15659064,Salas,Spain,Male,37,790,0.0,2,1,0,0.0062,0,Low Risk
15658364,Laney,Germany,Female,40,807,134590.21,1,1,0,0.5104,1,High Risk
15704340,Fu,France,Female,37,581,104255.03,1,0,0,0.1623,0,Low Risk
15793455,Tien,Spain,Female,55,627,0.0,1,0,1,0.9874,1,Critical Risk
15579777,Sazonova,France,Male,41,850,0.0,2,0,0,0.0124,0,Low Risk
15632345,Tuan,France,Female,35,754,0.0,2,0,0,0.0471,0,Low Risk
15814468,Wei,Germany,Male,50,551,121399.98,1,1,1,0.856,1,Critical Risk
15754820,Bergamaschi,Germany,Male,35,637,147127.81,2,1,0,0.0343,0,Low Risk
15707505,Taylor,Spain,Male,31,699,125927.51,2,0,0,0.0609,0,Low Risk
15699507,Messersmith,France,Female,25,542,0.0,2,1,0,0.0101,0,Low Risk
15799600,Coles,Germany,Male,48,640,111599.32,1,1,0,0.8015,1,Critical Risk
15794472,Brookes,France,Female,27,553,0.0,2,0,0,0.0281,0,Low Risk
15646632,Reid,France,Male,38,741,0.0,2,0,0,0.0282,0,Low Risk
15676353,Etheridge,France,Male,35,598,114212.6,1,1,0,0.0554,0,Low Risk
15566312,Jolly,Spain,Female,42,660,0.0,3,1,1,0.8903,1,Critical Risk
15570414,Chizoba,Spain,Male,41,618,115251.64,1,0,0,0.3383,1,Moderate Risk
15776743,Eberegbulam,France,Male,43,647,0.0,2,1,0,0.0302,0,Low Risk
15674637,Pagnotto,France,Female,68,491,107571.61,1,1,0,0.2469,0,Moderate Risk
15730418,Lucchesi,France,Female,32,652,0.0,2,0,0,0.0274,0,Low Risk
15739972,Hughes,Germany,Female,45,650,152367.21,3,0,1,0.9968,1,Critical Risk
15661591,Panicucci,Germany,Male,39,413,130969.77,2,1,0,0.0994,0,Low Risk
15675585,Burns,Germany,Female,25,416,97738.97,2,1,0,0.0554,0,Low Risk
15814750,Ricci,Spain,Male,34,629,0.0,2,1,0,0.0,0,Low Risk
15593454,Lambert,Spain,Female,40,678,113794.22,1,0,0,0.4704,1,High Risk
15663421,Esposito,Spain,Male,28,527,128396.33,2,0,0,0.0562,0,Low Risk
15576196,Benson,Spain,Female,48,743,118207.69,2,0,1,0.6225,1,High Risk
15677324,Botts,Germany,Male,73,683,124730.26,1,1,0,0.0585,0,Low Risk
15568742,Parkes,France,Female,41,536,0.0,1,0,0,0.631,1,High Risk
15693764,Mai,Spain,Male,52,663,136298.65,1,0,1,0.939,1,Critical Risk
15714260,Castiglione,France,Female,38,646,0.0,2,0,0,0.0565,0,Low Risk
15798200,Manna,France,Male,35,707,0.0,3,1,0,0.5185,1,High Risk
15656627,Lin,France,Male,34,602,0.0,2,1,0,0.0062,0,Low Risk
15791111,Fink,France,Female,47,635,125724.95,2,0,0,0.6225,1,High Risk
15638269,Baresi,France,Male,67,597,0.0,2,1,0,0.0269,0,Low Risk
15807473,Morehead,France,Male,38,503,0.0,2,1,0,0.0136,0,Low Risk
15708534,Afamefuna,Spain,Female,64,524,0.0,1,0,1,0.9767,1,Critical Risk
15640686,Greco,France,Male,46,700,95872.86,1,0,1,0.5511,1,High Risk
15588904,Balashova,France,Male,33,692,0.0,1,0,1,0.1773,0,Low Risk
15768763,Bogdanov,France,Male,37,562,0.0,1,1,1,0.1419,0,Low Risk
15770543,Lowe,France,Male,37,679,74260.03,1,0,0,0.1511,0,Low Risk
15642162,Ponce,Germany,Male,35,603,123407.69,1,0,1,0.4958,1,High Risk
15714046,Trevisano,Spain,Male,33,720,123783.91,2,1,0,0.0282,0,Low Risk
15575060,Gardner,France,Male,24,797,0.0,2,0,0,0.0062,0,Low Risk
15812040,Lorenzo,France,Male,36,594,153880.15,1,0,0,0.1321,0,Low Risk
15812073,Palmer,France,Female,31,529,0.0,2,1,0,0.0159,0,Low Risk
15706810,Zuyeva,Germany,Female,32,606,106301.85,2,1,0,0.0419,0,Low Risk
15584090,Jen,Spain,Female,40,621,0.0,2,1,1,0.0365,0,Low Risk
15810807,Alekseeva,France,Female,43,513,0.0,2,0,0,0.148,0,Low Risk
15582033,Manfrin,Germany,Male,44,753,138076.47,1,0,1,0.7768,1,Critical Risk
15687607,Chiemenam,France,Female,30,605,135422.31,1,1,0,0.0747,0,Low Risk
15588406,Chiemenam,Spain,Female,37,574,0.0,2,0,0,0.0305,0,Low Risk
15784099,Clark,France,Female,38,726,126875.62,1,0,0,0.3321,1,Moderate Risk
15701352,Fanucci,Spain,Female,28,611,96381.68,2,0,0,0.0542,0,Low Risk
15789371,Cattaneo,Germany,Female,41,593,119703.1,2,1,0,0.1981,0,Low Risk
15602845,Udinesi,Germany,Male,41,466,152102.18,2,0,0,0.0927,0,Low Risk
15707918,Bentley,Germany,Female,36,741,127675.39,2,0,0,0.2336,0,Moderate Risk
15602812,Holmes,Germany,Female,44,684,133776.86,2,1,0,0.1553,0,Low Risk
15675888,Austin,Spain,Female,33,550,72788.03,1,1,0,0.0475,0,Low Risk
15591822,Mackenzie,Spain,Male,26,593,76226.9,1,0,0,0.0657,0,Low Risk
15738501,Booth,Germany,Male,48,601,163630.76,1,1,1,0.642,1,High Risk
15585907,Collier,Spain,Female,30,676,0.0,2,0,0,0.0289,0,Low Risk
15579040,Hs?,France,Female,46,556,0.0,2,0,0,0.3846,1,Moderate Risk
15804211,Oluchukwu,France,Male,36,719,155423.17,1,1,0,0.0281,0,Low Risk
15736126,Sung,Germany,Male,55,850,98710.89,1,1,1,0.5997,1,High Risk
15745399,Marino,Spain,Female,49,649,0.0,1,0,1,0.9605,1,Critical Risk
15760749,Vinogradov,Spain,Male,41,509,126683.8,1,1,0,0.0609,0,Low Risk
15637118,Burns,France,Male,33,684,140700.61,1,0,0,0.1108,0,Low Risk
15657829,Fanucci,Germany,Male,30,806,168078.83,1,0,1,0.3195,1,Moderate Risk
15738497,Chukwujamuike,Spain,Male,44,729,107726.93,2,0,0,0.1949,0,Low Risk
15690695,Flynn,France,Female,33,683,0.0,2,1,0,0.0316,0,Low Risk
15762351,Chao,Spain,Female,63,689,0.0,2,1,0,0.0572,0,Low Risk
15791172,Yeh,Germany,Female,21,672,35741.69,1,0,0,0.2083,0,Moderate Risk
15598982,Klein,Germany,Female,53,602,98268.84,1,1,1,0.8558,1,Critical Risk
15734765,Mahmood,France,Female,20,739,133800.98,1,1,0,0.0711,0,Low Risk
15642912,Tu,France,Female,21,618,125682.79,1,0,0,0.0792,0,Low Risk
15769516,Shcherbakov,France,Female,42,674,0.0,2,0,0,0.0569,0,Low Risk
15789379,Zetticci,France,Male,26,762,130428.78,1,0,0,0.1098,0,Low Risk
15695103,Carr,Spain,Male,37,790,0.0,2,1,0,0.0062,0,Low Risk
15801924,Browne,Spain,Female,27,754,0.0,2,0,0,0.0124,0,Low Risk
15767804,Feng,France,Male,44,729,0.0,2,0,0,0.0433,0,Low Risk
15718039,Ferguson,Germany,Female,47,606,137138.2,2,1,0,0.4177,1,High Risk
15579994,Shaw,France,Male,23,616,73112.95,1,1,0,0.0336,0,Low Risk
15595037,Palermo,France,Male,47,772,152347.01,1,1,0,0.2721,0,Moderate Risk
15600720,Moore,Spain,Male,41,652,115144.68,1,0,0,0.3347,1,Moderate Risk
15782608,Huang,France,Male,43,743,0.0,2,0,1,0.0419,0,Low Risk
15566894,Gray,France,Male,39,793,137817.52,1,0,0,0.0896,0,Low Risk
15749123,Sokolova,Spain,Male,45,743,157332.26,1,0,0,0.5914,1,High Risk
15668943,Henderson,France,Male,37,746,0.0,2,0,0,0.0274,0,Low Risk
15577423,Mosley,Germany,Female,39,627,124586.93,1,0,1,0.7829,1,Critical Risk
15623102,Nnaemeka,Spain,Male,38,713,116980.78,2,1,0,0.0345,0,Low Risk
15728012,Everett,Spain,Female,40,678,128398.38,1,0,0,0.4858,1,High Risk
15683363,Goddard,Spain,Male,39,540,0.0,1,1,0,0.2391,0,Moderate Risk
15699335,Kuo,Germany,Female,33,615,137657.25,2,1,0,0.0649,0,Low Risk
15574369,Bianchi,Spain,Male,53,415,167259.44,1,1,0,0.2197,0,Moderate Risk
15703167,Rouse,France,Female,45,628,0.0,2,0,0,0.1998,0,Low Risk
15754874,Nwoye,France,Male,26,700,119009.57,1,0,0,0.0989,0,Low Risk
15723216,Greco,Germany,Male,33,623,80002.33,1,1,0,0.0684,0,Low Risk
15725094,Fang,France,Female,37,623,140211.88,1,1,0,0.13,0,Low Risk
15647974,Chiemenam,France,Female,44,679,118742.74,2,0,0,0.0999,0,Low Risk
15583371,Artemiev,Spain,Male,37,632,138207.08,1,0,1,0.2454,0,Moderate Risk
15772559,Burrows,France,Female,47,790,148636.21,1,1,1,0.6032,1,High Risk
15711251,Chizuoke,France,Male,45,514,178827.79,1,0,0,0.7334,1,Critical Risk
15719212,T'ien,France,Male,33,491,83134.3,1,0,0,0.13,0,Low Risk
15764927,Rogova,France,Male,92,753,121513.31,1,1,0,0.0254,0,Low Risk
15731412,Trevisano,Germany,Female,37,693,95900.04,1,1,0,0.397,1,Moderate Risk
15719170,Sagese,France,Female,30,679,112543.42,1,1,0,0.074,0,Low Risk
15596011,Artyomova,Spain,Male,34,529,0.0,1,1,0,0.0661,0,Low Risk
15614834,Long,Spain,Female,31,619,141751.82,1,1,0,0.0792,0,Low Risk
15600510,Hsueh,Spain,Female,37,680,124140.57,2,0,0,0.1539,0,Low Risk
15625706,White,Germany,Male,45,693,116546.59,2,0,1,0.5215,1,High Risk
15781409,Lazarev,France,Female,28,834,0.0,1,0,0,0.1872,0,Low Risk
15722583,Benjamin,Spain,Female,29,636,157576.47,2,1,0,0.0336,0,Low Risk
15677243,Wan,Spain,Male,43,538,0.0,2,0,0,0.0433,0,Low Risk
15815070,Romano,Germany,Female,44,566,141428.99,2,0,0,0.2595,0,Moderate Risk
15705899,Craig,Spain,Male,35,597,127510.99,1,1,0,0.0576,0,Low Risk
15701522,Yermolayeva,France,Female,29,711,0.0,2,1,0,0.0062,0,Low Risk
15755978,Tseng,France,Male,31,606,0.0,2,0,0,0.0144,0,Low Risk
15722090,Tseng,Spain,Male,51,615,81818.49,1,1,0,0.3014,1,Moderate Risk
15783526,Le Hunte,France,Male,36,589,100895.54,1,1,0,0.0343,0,Low Risk
15632125,Blake,Germany,Male,45,606,63832.43,1,1,0,0.4822,1,High Risk
15688395,Lane,France,Male,29,582,0.0,2,0,0,0.0124,0,Low Risk
15666975,Sparks,France,Female,36,710,116085.06,1,0,0,0.2671,0,Moderate Risk
15682211,Tu,France,Male,57,467,0.0,2,1,0,0.0856,0,Low Risk
15637411,Tochukwu,France,Male,30,749,0.0,2,1,0,0.0,0,Low Risk
15591512,Whittaker,Germany,Female,33,564,115761.51,1,1,1,0.3016,1,Moderate Risk
15606855,Wang,Spain,Male,26,730,0.0,2,1,0,0.0,0,Low Risk
15763683,Northern,Germany,Male,32,678,139626.01,1,1,1,0.147,0,Low Risk
15641782,Humphries,France,Female,31,540,0.0,1,1,1,0.1984,0,Low Risk
15677184,Cremonesi,France,Female,35,767,115576.44,1,1,0,0.1471,0,Low Risk
15775042,Ku,France,Female,23,615,0.0,2,0,0,0.0167,0,Low Risk
15616630,Tobenna,Germany,Female,41,583,77647.6,1,0,0,0.5284,1,High Risk
15800233,Okwuadigbo,France,Female,40,850,0.0,2,0,0,0.0343,0,Low Risk
15588419,Johnston,Germany,Female,34,651,148962.46,1,0,1,0.4641,1,High Risk
15595557,Li,France,Male,22,798,0.0,2,0,0,0.0062,0,Low Risk
15626143,Talbot,France,Male,37,695,0.0,2,1,0,0.0101,0,Low Risk
15566030,Tu,Germany,Male,41,497,80542.81,1,0,1,0.3057,1,Moderate Risk
15701412,T'ien,France,Male,40,739,0.0,2,0,0,0.0352,0,Low Risk
15702464,Ross,France,Female,34,549,0.0,2,0,0,0.0305,0,Low Risk
15573348,Maclean,France,Male,35,850,102050.47,1,1,0,0.0062,0,Low Risk
15704160,Wan,Spain,Male,49,648,0.0,1,0,1,0.9207,1,Critical Risk
15693704,Tsou,France,Female,24,679,114948.76,2,1,0,0.0426,0,Low Risk
15664752,Jack,Germany,Male,39,606,136000.45,2,0,0,0.2371,0,Moderate Risk
15628292,Lucchesi,France,Male,32,850,156001.68,2,1,0,0.0101,0,Low Risk
15621195,Ch'eng,Germany,Male,41,619,147974.16,2,0,0,0.1458,0,Low Risk
15668629,Saunders,Spain,Male,44,719,0.0,2,0,0,0.0204,0,Low Risk
15635197,Glover,Germany,Male,26,640,90402.77,1,1,0,0.0618,0,Low Risk
15592761,Tung,France,Male,40,710,0.0,2,0,0,0.0352,0,Low Risk
15574283,Padovano,France,Male,31,580,0.0,2,1,0,0.0062,0,Low Risk
15598097,Johnstone,France,Male,44,550,0.0,2,0,0,0.0604,0,Low Risk
15711352,Endrizzi,France,Female,31,841,162701.65,2,1,0,0.0251,0,Low Risk
15620751,Secombe,France,Male,34,760,0.0,2,0,0,0.0124,0,Low Risk
15656717,Elewechi,France,Female,30,687,0.0,2,0,0,0.0297,0,Low Risk
15643121,Chu,Germany,Female,35,753,82453.96,2,0,0,0.0638,0,Low Risk
15723671,Lucciano,France,Male,35,661,100107.99,1,0,0,0.0781,0,Low Risk
15752846,Pinto,France,Male,28,699,0.0,2,1,0,0.0,0,Low Risk
15640852,McGregor,Germany,Female,39,617,83348.89,3,0,1,0.9677,1,Critical Risk
15789313,Ugorji,Germany,Female,44,595,96553.52,2,0,1,0.3203,1,Moderate Risk
15793688,Bancks,France,Male,50,669,201009.64,1,0,1,0.9798,1,Critical Risk
15770405,Warlow-Davies,France,Female,27,613,125167.74,1,0,0,0.104,0,Low Risk
15702561,Dale,France,Male,32,782,0.0,1,1,0,0.0592,0,Low Risk
15625964,Buckley,France,Female,43,582,153313.67,1,0,0,0.4808,1,High Risk
15761364,Nkemjika,France,Male,30,679,0.0,2,0,0,0.0136,0,Low Risk
15590286,Fairley,France,Female,40,611,125879.29,1,0,0,0.3601,1,Moderate Risk
15587978,Boothby,Germany,Female,37,455,170057.62,1,1,0,0.1955,0,Low Risk
15773242,Chukwuhaenye,France,Male,32,621,0.0,2,1,0,0.0062,0,Low Risk
15761053,Lock,Germany,Male,48,596,131326.47,1,0,1,0.7783,1,Critical Risk
15702095,Clarke,Spain,Female,56,585,128472.8,1,0,1,0.9666,1,Critical Risk
15764253,Ramsey,France,Male,32,742,160485.16,1,0,0,0.13,0,Low Risk
15700801,Eipper,Germany,Male,42,850,84445.68,3,1,1,0.8468,1,Critical Risk
15730590,Ko,Germany,Female,40,738,115409.18,2,0,0,0.3436,1,Moderate Risk
15643916,Munro,Spain,Male,46,619,62400.48,1,1,1,0.2076,0,Moderate Risk
15720636,McGregor,France,Female,50,628,143054.56,1,1,1,0.6897,1,Critical Risk
15795429,Henderson,France,Male,24,487,133628.09,2,1,0,0.0062,0,Low Risk
15609254,Fernandez,Spain,Female,41,513,107135.04,2,1,0,0.0954,0,Low Risk
15625141,Porter,Spain,Male,26,563,0.0,2,0,0,0.0,0,Low Risk
15810898,Pan,France,Female,65,803,151659.52,2,1,0,0.0896,0,Low Risk
15775797,Esposito,Spain,Female,32,607,0.0,3,1,0,0.3672,1,Moderate Risk
15795246,Kaeppel,Germany,Female,51,628,155903.82,2,1,0,0.2877,1,Moderate Risk
15795275,Lamb,Spain,Female,49,521,82940.25,2,0,1,0.5906,1,High Risk
15571869,Lei,Germany,Female,50,669,112650.89,1,0,1,0.9902,1,Critical Risk
15694143,Conti,France,Female,41,686,0.0,1,0,0,0.6225,1,High Risk
15748231,Hargreaves,Germany,Male,35,700,95853.39,2,0,0,0.0298,0,Low Risk
15632185,Yermolayev,France,Female,42,663,82228.67,2,0,0,0.222,0,Moderate Risk
15806249,Kerr,Spain,Female,31,671,0.0,2,1,0,0.0218,0,Low Risk
15743293,Waters,Germany,Female,35,651,163700.78,3,1,1,0.9652,1,Critical Risk
15598157,Onyeorulu,France,Male,34,728,106328.08,1,0,0,0.0842,0,Low Risk
15700946,Kolesnikova,France,Female,34,574,152992.91,1,1,0,0.0671,0,Low Risk
15722692,Kazakova,France,Male,38,464,116439.65,1,0,0,0.0856,0,Low Risk
15696506,MacDonald,Spain,Male,27,604,101352.78,1,0,0,0.0856,0,Low Risk
15728823,Sharwood,Spain,Female,37,836,0.0,2,0,0,0.0343,0,Low Risk
15808851,Bufkin,Germany,Female,75,511,105609.17,1,1,0,0.1086,0,Low Risk
15675231,Nwankwo,France,Female,45,518,0.0,2,1,0,0.0667,0,Low Risk
15732299,Boniwell,France,Male,67,756,0.0,3,1,0,0.5972,1,High Risk
15706269,Willis,France,Female,47,489,103894.38,2,1,0,0.2515,0,Moderate Risk
15590078,Burns,Spain,Male,27,622,139834.93,1,1,0,0.0331,0,Low Risk
15776985,Kung,France,Female,36,652,112518.71,2,1,0,0.0649,0,Low Risk
15756743,Howells,France,Female,37,625,115895.42,1,0,0,0.2466,0,Moderate Risk
15782364,Bevan,Spain,Female,39,521,146408.68,1,0,0,0.2547,0,Moderate Risk
15604093,Neitenstein,France,Male,34,546,165363.31,2,1,1,0.0303,0,Low Risk
15749328,Johnson,France,Female,45,697,0.0,2,0,1,0.2595,0,Moderate Risk
15656322,Sandover,Germany,Male,33,571,71843.15,1,0,0,0.1679,0,Low Risk
15685564,Nnamutaezinwa,Spain,Male,35,748,105492.53,1,1,0,0.0609,0,Low Risk
15785831,Sinclair,France,Male,35,591,183027.25,1,1,0,0.0684,0,Low Risk
15796218,Wei,Germany,Male,29,814,131968.57,2,1,0,0.0124,0,Low Risk
15716218,Higgins,France,Female,45,709,104118.5,1,1,0,0.5575,1,High Risk
15572735,Chang,Spain,Male,27,433,0.0,2,1,0,0.0062,0,Low Risk
15633840,Henderson,France,Male,20,781,125023.1,2,1,0,0.0179,0,Low Risk
15608760,Cox,France,Female,30,656,74323.2,1,1,0,0.0661,0,Low Risk
15627848,Tsui,France,Male,38,683,109346.13,2,0,0,0.0609,0,Low Risk
15792029,Lee,France,Male,32,620,0.0,2,0,0,0.0124,0,Low Risk
15617331,Sergeyeva,Germany,Female,39,637,109698.41,1,1,1,0.5468,1,High Risk
15651740,Napolitani,Spain,Female,30,525,0.0,2,1,0,0.0159,0,Low Risk
15636407,Beatham,Germany,Female,34,793,127758.09,1,0,0,0.6221,1,High Risk
15607526,Lu,Germany,Male,50,638,102645.48,1,0,1,0.9826,1,Critical Risk
15632576,Yashina,France,Male,31,520,93249.4,1,0,0,0.0576,0,Low Risk
15581505,Bales,France,Male,35,641,0.0,2,0,0,0.0159,0,Low Risk
15612207,Hill,Germany,Female,51,840,87779.83,1,1,1,0.8592,1,Critical Risk
15707242,Ibeamaka,Spain,Male,40,504,0.0,2,0,0,0.0316,0,Low Risk
15721937,Romilly,France,Male,38,686,138131.34,1,1,0,0.0452,0,Low Risk
15773852,Hayes,Germany,Male,38,533,70362.52,2,1,0,0.0365,0,Low Risk
15719778,Chiu,France,Female,32,577,0.0,2,0,0,0.0159,0,Low Risk
15650538,Sun,Germany,Female,48,445,168286.58,1,0,1,0.8521,1,Critical Risk
15797475,Brennan,France,Male,44,720,86102.27,1,0,1,0.3855,1,Moderate Risk
15780359,Storey,Germany,Male,25,643,115142.9,1,1,0,0.1584,0,Low Risk
15737104,Lawson,Germany,Female,47,652,126597.89,2,1,1,0.6259,1,High Risk
15789936,T'ao,France,Female,33,663,0.0,2,0,0,0.0476,0,Low Risk
15709523,Yao,Germany,Female,30,525,157989.21,2,1,0,0.0254,0,Low Risk
15593425,Bracewell,Spain,Female,54,662,187997.15,1,0,1,0.9677,1,Critical Risk
15776725,Kerr,Germany,Male,54,724,172192.49,1,1,0,0.5357,1,High Risk
15604706,Blake,Germany,Male,38,581,133105.47,1,0,1,0.5813,1,High Risk
15790958,Sanders,Spain,Male,38,685,0.0,2,1,0,0.0062,0,Low Risk
15747534,Torkelson,France,Male,46,595,0.0,1,0,1,0.691,1,Critical Risk
15574237,Hsueh,France,Female,21,588,0.0,2,1,0,0.0124,0,Low Risk
15690332,Wang,Germany,Male,35,647,192407.97,1,1,0,0.1496,0,Low Risk
15661290,Hightower,Germany,Female,38,785,107199.75,1,0,0,0.7472,1,Critical Risk
15651883,Genovesi,Germany,Female,55,794,115796.7,1,0,1,0.9925,1,Critical Risk
15808905,Levan,France,Male,37,823,164858.18,1,1,0,0.0592,0,Low Risk
15715532,Lai,Germany,Male,38,687,117633.28,1,1,0,0.3024,1,Moderate Risk
15786078,Loginov,France,Female,28,850,0.0,2,0,0,0.0124,0,Low Risk
15652401,Lafleur,France,Female,36,496,0.0,2,0,0,0.0281,0,Low Risk
15673074,Obidimkpa,Germany,Female,30,527,126663.51,1,1,0,0.3036,1,Moderate Risk
15598744,Ch'ang,Germany,Female,71,576,140273.47,1,1,1,0.1717,0,Low Risk
15785975,Mason,Spain,Female,60,525,0.0,2,1,0,0.1108,0,Low Risk
15613180,Miranda,Germany,Male,21,727,153344.72,1,1,0,0.0792,0,Low Risk
15584229,Simon,Germany,Female,23,671,123943.18,1,1,0,0.2476,0,Moderate Risk
15773804,Golubeva,France,Male,39,625,0.0,1,0,0,0.4252,1,High Risk
15699515,Manfrin,Germany,Male,33,643,98630.31,2,1,0,0.0254,0,Low Risk
15705313,Stange,France,Female,33,707,58036.33,1,1,0,0.0724,0,Low Risk
15693817,Ferrari,Spain,Male,28,539,0.0,2,0,0,0.0124,0,Low Risk
15673790,Taylor,Germany,Male,45,498,109200.74,2,1,0,0.225,0,Moderate Risk
15674868,Wei,Spain,Female,30,696,0.0,2,1,0,0.0426,0,Low Risk
15692110,Ch'eng,France,Female,33,758,0.0,1,0,0,0.3941,1,Moderate Risk
15645904,Parsons,France,Female,33,685,0.0,2,1,0,0.0289,0,Low Risk
15581332,Pan,Germany,Female,30,655,83173.98,2,1,0,0.0097,0,Low Risk
15808544,Cameron,France,Female,40,747,0.0,1,0,1,0.5963,1,High Risk
15734948,Igwebuike,Spain,Male,24,601,0.0,2,0,0,0.0062,0,Low Risk
15654531,Tuan,France,Male,22,477,82559.42,2,0,1,0.0124,0,Low Risk
15637774,Fraser,France,Male,32,558,73494.21,1,0,0,0.1162,0,Low Risk
15677141,Turnbull,Spain,Male,29,586,132450.24,1,1,0,0.0426,0,Low Risk
15739578,Chiazagomekpere,France,Male,49,850,128663.9,1,0,1,0.6216,1,High Risk
15697360,Yudina,France,Female,36,505,79951.9,1,1,1,0.1737,0,Low Risk
15655213,Udinese,Germany,Female,51,591,132508.3,1,1,1,0.9173,1,Critical Risk
15580872,Chinweike,Germany,Female,38,761,120530.13,2,0,0,0.3142,1,Moderate Risk
15683213,Bergamaschi,France,Female,35,554,74988.59,2,1,0,0.0419,0,Low Risk
15801188,Milliner,France,Female,47,774,94722.88,1,1,0,0.4421,1,High Risk
15645029,Knowles,Spain,Female,33,771,0.0,2,0,0,0.0281,0,Low Risk
15633181,Swinton,France,Male,31,792,71269.89,2,1,0,0.0124,0,Low Risk
15598259,Gregory,Germany,Female,41,673,98612.1,1,0,0,0.7606,1,Critical Risk
15576000,Chibueze,France,Male,40,765,138033.55,1,1,0,0.1167,0,Low Risk
15766047,Sukhorukova,France,Female,41,748,91621.69,1,1,0,0.1185,0,Low Risk
15596339,French,France,Male,54,422,140014.42,1,1,0,0.4641,1,High Risk
15715199,Estrada,Spain,Male,27,568,126815.97,2,1,0,0.0274,0,Low Risk
15615938,Fleming,France,Female,64,502,139663.37,1,1,0,0.3235,1,Moderate Risk
15679991,Kennedy,France,Female,28,524,0.0,2,1,0,0.0159,0,Low Risk
15626135,Combes,France,Male,34,689,165312.27,1,0,0,0.0701,0,Low Risk
15792934,Carruthers,France,Male,26,661,0.0,2,0,0,0.0062,0,Low Risk
15744046,Andrejew,Spain,Male,33,606,0.0,2,1,0,0.0062,0,Low Risk
15700826,Ko,Germany,Female,54,678,123699.28,2,1,0,0.6862,1,Critical Risk
15756301,Daniels,Germany,Female,29,636,97325.15,1,1,0,0.1915,0,Low Risk
15586517,Toscano,France,Male,32,647,97041.16,1,1,0,0.0482,0,Low Risk
15751297,Wilson,France,Male,36,732,0.0,2,0,0,0.0254,0,Low Risk
15710365,Thomson,France,Male,50,646,104129.24,2,0,1,0.7315,1,Critical Risk
15679307,Kazantseva,France,Female,43,559,0.0,1,1,0,0.553,1,High Risk
15610753,Cremonesi,France,Male,28,581,104367.5,1,1,0,0.0305,0,Low Risk
15811036,Ferri,France,Male,46,565,135369.71,1,1,0,0.319,1,Moderate Risk
15610912,Ferri,Spain,Female,41,657,112119.48,1,0,0,0.4176,1,High Risk
15619932,Lombardi,France,Male,66,847,123760.68,1,1,0,0.13,0,Low Risk
15746199,Eluemuno,France,Female,41,558,0.0,1,1,1,0.3744,1,Moderate Risk
15584967,Chiganu,Spain,Male,57,596,0.0,2,1,0,0.0449,0,Low Risk
15734365,Hsueh,France,Male,39,579,0.0,2,1,0,0.0124,0,Low Risk
15726960,O'Brien,France,Female,36,741,0.0,2,1,0,0.0269,0,Low Risk
15665177,Booth,France,Male,44,613,0.0,2,1,0,0.0413,0,Low Risk
15779915,O'Loghlin,Spain,Male,31,694,0.0,1,0,0,0.3016,1,Moderate Risk
15729110,Lavrov,Spain,Female,42,729,0.0,2,0,1,0.0735,0,Low Risk
15575399,Somadina,France,Female,42,480,152160.21,2,0,0,0.2474,0,Moderate Risk
15678374,Colombo,France,Female,59,666,0.0,2,1,0,0.13,0,Low Risk
15792679,Troupe,France,Male,24,575,0.0,2,1,0,0.0062,0,Low Risk
15668767,Kenenna,France,Male,36,850,0.0,2,0,0,0.0062,0,Low Risk
15761886,Franklin,France,Male,36,740,172381.8,1,1,0,0.0671,0,Low Risk
15583076,Deleon,Germany,Male,41,588,106116.56,2,0,0,0.1368,0,Low Risk
15815615,Kung,France,Male,36,681,141952.07,1,1,0,0.0649,0,Low Risk
15591942,Zito,Spain,Female,33,611,0.0,2,1,0,0.0062,0,Low Risk
15724924,Giordano,France,Female,37,589,138497.84,1,1,0,0.1375,0,Low Risk
15762123,Davide,Spain,Female,34,717,0.0,2,0,0,0.0359,0,Low Risk
15567893,Lei,Germany,Male,33,556,124213.36,2,0,0,0.1162,0,Low Risk
15648989,Moss,France,Male,37,850,126872.6,1,0,0,0.0508,0,Low Risk
15662021,Lucciano,Spain,Female,42,685,0.0,2,0,0,0.0264,0,Low Risk
15691627,Tai,France,Female,37,713,0.0,1,1,0,0.1731,0,Low Risk
15731751,Osinachi,France,Female,26,437,120923.52,1,1,0,0.0416,0,Low Risk
15635277,Coates,Spain,Male,47,605,142643.54,1,0,0,0.6248,1,High Risk
15655252,Larionova,Germany,Male,41,758,79857.64,1,1,0,0.1068,0,Low Risk
15803941,Seleznev,France,Male,46,600,95502.21,1,0,0,0.3794,1,Moderate Risk
15714380,Butcher,France,Male,38,827,0.0,2,0,0,0.0101,0,Low Risk
15666559,Gould,Germany,Male,23,608,197715.93,2,1,0,0.0121,0,Low Risk
15799998,Cunningham,France,Female,30,608,85859.76,1,0,0,0.1584,0,Low Risk
15703763,Sanderson,France,Male,44,554,85304.27,1,1,0,0.0684,0,Low Risk
15795640,Mai,Germany,Female,35,683,132371.3,2,0,0,0.1196,0,Low Risk
15780056,Reid,Spain,Male,33,660,0.0,1,0,0,0.3195,1,Moderate Risk
15777873,Downer,France,Female,31,628,0.0,1,0,1,0.4573,1,High Risk
15584749,Humphries,Germany,Male,39,668,79896.0,1,0,0,0.3928,1,Moderate Risk
15765258,Bochsa,France,Female,29,776,0.0,2,1,0,0.0159,0,Low Risk
15623346,Czajkowski,France,Male,36,820,0.0,2,0,0,0.0124,0,Low Risk
15614054,Pankhurst,France,Male,36,665,0.0,2,1,0,0.0101,0,Low Risk
15766185,She,Germany,Male,31,850,146587.3,1,1,0,0.0527,0,Low Risk
15667632,Birdseye,France,Female,42,703,0.0,2,1,0,0.0575,0,Low Risk
15599024,Hope,Spain,Male,32,506,0.0,2,1,0,0.0,0,Low Risk
15798709,Gill,Spain,Male,32,588,109109.33,1,1,0,0.0337,0,Low Risk
15741921,Moon,Spain,Female,26,622,0.0,2,1,0,0.0062,0,Low Risk
15793671,Watt,France,Male,34,606,0.0,1,0,0,0.3195,1,Moderate Risk
15797900,Chinomso,France,Male,56,517,142147.32,1,0,1,0.8894,1,Critical Risk
15667932,Bellucci,Spain,Female,43,758,0.0,2,1,0,0.0446,0,Low Risk
15795933,Barese,France,Female,49,677,0.0,2,1,0,0.13,0,Low Risk
15660403,Fleming,Spain,Female,35,827,0.0,2,1,0,0.0124,0,Low Risk
15736299,Bell,France,Female,36,729,109106.8,1,0,0,0.2175,0,Moderate Risk
15759034,Li Fonti,France,Male,36,654,112262.84,1,0,0,0.1388,0,Low Risk
15724663,Christmas,Spain,Female,36,654,0.0,2,0,0,0.0455,0,Low Risk
15594556,Chuter,Spain,Male,52,619,0.0,2,1,0,0.0465,0,Low Risk
15737169,Johnson,Spain,Male,26,642,144238.7,1,1,0,0.0308,0,Low Risk
15632472,Scott,Spain,Female,32,472,159397.75,1,1,0,0.0442,0,Low Risk
15722813,Byrne,Spain,Male,30,470,125385.01,1,0,0,0.1332,0,Low Risk
15588450,Chukwudi,France,Female,60,633,69365.25,1,1,0,0.3569,1,Moderate Risk
15736717,Ma,France,Male,31,602,155271.83,1,1,0,0.0365,0,Low Risk
15680683,Simmons,Spain,Male,29,640,197200.04,2,0,0,0.1314,0,Low Risk
15710316,Fang,Spain,Female,48,454,144837.79,1,1,0,0.1533,0,Low Risk
15746333,Blake,France,Female,57,562,0.0,3,0,1,0.9978,1,Critical Risk
15606861,Tien,France,Male,34,636,0.0,2,0,0,0.0124,0,Low Risk
15641285,Yusupova,Spain,Male,50,621,163085.79,1,1,0,0.3856,1,Moderate Risk
15662908,Davidson,Germany,Male,38,795,125903.22,2,1,0,0.0609,0,Low Risk
15814267,Zhdanova,France,Male,22,550,154377.3,1,1,0,0.0297,0,Low Risk
15614923,Nielson,Spain,Male,41,630,107511.52,1,1,0,0.0684,0,Low Risk
15579223,Niu,Germany,Male,30,573,127406.5,1,0,0,0.3153,1,Moderate Risk
15651389,Kay,Spain,Male,24,561,143656.55,1,1,0,0.0365,0,Low Risk
15677087,Green,France,Female,39,662,138106.75,1,0,0,0.3203,1,Moderate Risk
15665784,She,France,Male,27,637,128940.24,1,0,0,0.0609,0,Low Risk
15576706,Ajuluchukwu,Germany,Male,37,651,114453.58,1,1,0,0.3595,1,Moderate Risk
15615473,Sabbatini,France,Female,33,646,0.0,2,0,0,0.0274,0,Low Risk
15587299,Board,France,Female,48,567,0.0,1,0,0,0.9677,1,Critical Risk
15655389,Leckie,France,Male,41,638,131762.94,1,1,0,0.104,0,Low Risk
15784491,Ho,France,Female,31,725,0.0,1,0,0,0.3203,1,Moderate Risk
15809999,Gordon,France,Female,41,709,150300.65,2,0,0,0.1795,0,Low Risk
15681115,Iroawuchi,Spain,Male,39,787,108935.39,1,1,0,0.0403,0,Low Risk
15629390,Liao,France,Male,37,653,135847.47,1,0,0,0.1539,0,Low Risk
15792668,Hamilton,Germany,Male,37,661,109908.06,2,0,1,0.2394,0,Moderate Risk
15583863,Chimaobim,Germany,Male,49,681,142946.18,1,0,1,0.9544,1,Critical Risk
15681878,Fan,Germany,Male,45,436,104339.11,2,1,1,0.1981,0,Low Risk
15782875,Cayley,France,Male,33,663,157274.36,2,1,0,0.0281,0,Low Risk
15732235,Kuykendall,France,Male,64,662,98848.19,1,1,0,0.1108,0,Low Risk
15735909,McDonald,Germany,Female,39,607,105103.33,1,0,1,0.7926,1,Critical Risk
15653448,Duncan,France,Male,34,754,0.0,2,1,0,0.0062,0,Low Risk
15587647,Browne,Germany,Female,66,850,127120.62,1,1,1,0.5491,1,High Risk
15701037,Barton,France,Male,39,578,0.0,2,0,0,0.0274,0,Low Risk
15727499,Boyle,Germany,Female,36,666,129118.5,2,0,0,0.1768,0,Low Risk
15724838,Moretti,France,Female,43,599,0.0,1,0,0,0.783,1,Critical Risk
15666711,Ukaegbulam,France,Female,46,586,0.0,3,1,1,0.9729,1,Critical Risk
15588933,Nwankwo,France,Female,36,825,146053.66,1,1,0,0.0805,0,Low Risk
15763111,Niu,Spain,Female,67,808,124577.15,1,1,0,0.1743,0,Low Risk
15805676,Hsu,Spain,Male,29,515,151012.55,2,0,0,0.0569,0,Low Risk
15586674,Shaw,Spain,Female,58,663,216109.88,1,1,1,0.8629,1,Critical Risk
15744553,Ho,France,Male,34,444,144318.97,1,0,0,0.0609,0,Low Risk
15776629,Christie,France,Female,39,650,0.0,2,0,0,0.0592,0,Low Risk
15647207,Onwuemelie,France,Male,26,609,0.0,2,0,0,0.0124,0,Low Risk
15715638,Ch'ang,Germany,Male,77,824,27517.15,2,1,0,0.0062,0,Low Risk
15750602,Clendinnen,France,Male,29,662,147092.65,1,0,0,0.095,0,Low Risk
15766810,Onyemauchechi,Germany,Female,51,699,92246.14,2,1,0,0.429,1,High Risk
15756625,Crawford,France,Female,41,752,0.0,2,0,1,0.1162,0,Low Risk
15639552,Mellor,Germany,Female,40,603,148897.02,1,0,0,0.6216,1,High Risk
15633213,Rizzo,Spain,Male,50,628,0.0,1,0,1,0.9666,1,Critical Risk
15610416,Christie,France,Female,36,745,0.0,1,0,1,0.3578,1,Moderate Risk
15715208,Watkins,Germany,Female,33,804,138335.96,1,1,0,0.2099,0,Moderate Risk
15619608,Ojiofor,Germany,Female,50,454,92895.56,1,0,1,0.9288,1,Critical Risk
15628697,Tung,Spain,Male,46,631,160736.63,1,1,0,0.1574,0,Low Risk
15643826,McKay,France,Male,32,503,0.0,2,1,0,0.0062,0,Low Risk
15718588,Meng,France,Female,37,548,0.0,2,0,0,0.055,0,Low Risk
15709741,Hussain,France,Male,28,668,107141.27,1,0,0,0.078,0,Low Risk
15723318,Mactier,France,Female,55,619,0.0,3,0,1,0.9978,1,Critical Risk
15717328,Hsueh,France,Female,37,842,132446.08,2,0,1,0.0609,0,Low Risk
15771299,Nnachetam,France,Female,57,707,92053.0,1,1,1,0.6577,1,Critical Risk
15706223,Barnes,Spain,Male,38,715,96798.79,2,1,0,0.0101,0,Low Risk
15612358,Christie,Germany,Male,35,573,134498.54,2,1,0,0.0585,0,Low Risk
15769191,Lipton,France,Male,55,509,132387.91,2,1,0,0.2199,0,Moderate Risk
15618816,Yu,Germany,Female,40,670,147171.2,1,1,0,0.4101,1,High Risk
15730810,Storey,Spain,Male,44,613,100524.69,1,1,0,0.0544,0,Low Risk
15783463,Read,France,Female,26,678,0.0,2,0,0,0.0159,0,Low Risk
15616213,Levy,Germany,Female,51,555,138214.5,1,0,1,0.9764,1,Critical Risk
15611287,Chiu,France,Female,30,777,0.0,2,1,0,0.0251,0,Low Risk
15786454,Moore,Spain,Male,55,552,0.0,1,1,0,0.5405,1,High Risk
15768682,Amies,Spain,Male,39,640,0.0,1,1,0,0.1388,0,Low Risk
15766172,Tsao,France,Male,34,541,128743.55,1,0,0,0.0855,0,Low Risk
15637646,Rowley,France,Male,31,756,122647.32,1,0,0,0.0446,0,Low Risk
15653404,Aliyev,Spain,Female,24,684,79263.9,1,1,0,0.0388,0,Low Risk
15690546,Riley,France,Female,42,618,0.0,4,0,1,0.9736,1,Critical Risk
15735636,Toscano,France,Female,53,604,121389.78,1,1,1,0.5264,1,High Risk
15605424,Oluchukwu,Spain,Male,38,624,123906.55,1,0,0,0.2266,0,Moderate Risk
15568449,Fu,Spain,Male,38,661,143006.7,1,1,0,0.0592,0,Low Risk
15688085,Warner,Spain,Female,28,627,157597.61,1,1,0,0.0642,0,Low Risk
15683483,Fleming,Spain,Male,38,812,127117.8,2,1,0,0.0254,0,Low Risk
15659567,Ch'iu,France,Female,39,473,117103.26,2,1,1,0.0843,0,Low Risk
15766667,Langler,Spain,Male,36,717,102989.83,2,1,0,0.0159,0,Low Risk
15624975,Angelo,Spain,Male,28,693,145118.83,1,1,0,0.0264,0,Low Risk
15660878,T'ien,France,Male,92,705,126076.24,2,1,0,0.0101,0,Low Risk
15586557,Milani,France,Male,41,661,0.0,1,1,0,0.3195,1,Moderate Risk
15746183,Pye,France,Female,27,573,0.0,2,1,0,0.0159,0,Low Risk
15631457,Asher,France,Male,37,639,98186.7,1,1,0,0.0842,0,Low Risk
15754053,Chung,France,Female,67,718,0.0,3,1,0,0.6143,1,High Risk
15645839,Yudin,France,Male,37,570,0.0,1,1,0,0.183,0,Low Risk
15689955,Arcuri,France,Female,40,461,0.0,2,0,0,0.0802,0,Low Risk
15593510,Capon,Germany,Female,33,638,129335.65,1,1,1,0.4391,1,High Risk
15654964,Piccio,Spain,Male,48,608,75801.74,1,0,0,0.6797,1,Critical Risk
15594039,Lung,Spain,Male,42,599,0.0,2,0,0,0.0426,0,Low Risk
15625929,Trevisan,France,Female,44,762,159316.64,1,0,0,0.3687,1,Moderate Risk
15815295,John,France,Female,38,662,96479.81,1,0,0,0.2397,0,Moderate Risk
15621818,Anayolisa,Germany,Male,29,747,117726.33,1,1,0,0.1485,0,Low Risk
15652700,Ritchie,France,Male,39,539,0.0,2,1,0,0.0124,0,Low Risk
15636860,Ch'eng,France,Male,43,625,122351.29,1,0,0,0.3069,1,Moderate Risk
15569432,Macleod,France,Female,48,656,0.0,2,1,1,0.1205,0,Low Risk
15751455,Boyle,France,Female,48,469,0.0,1,0,1,0.9736,1,Critical Risk
15800583,Chukwuemeka,Spain,Female,43,621,0.0,1,0,0,0.6421,1,High Risk
15770214,Bryant,France,Female,27,754,0.0,2,0,0,0.0282,0,Low Risk
15613463,Hackett,Germany,Female,50,679,132598.38,2,1,0,0.3997,1,Moderate Risk
15587066,Kovaleva,France,Male,38,535,119272.29,1,0,1,0.0684,0,Low Risk
15693752,Reed,France,Male,37,487,0.0,2,1,0,0.0062,0,Low Risk
15714874,Major,France,Female,42,850,0.0,2,1,0,0.0254,0,Low Risk
15657809,Lo,France,Male,55,585,106415.57,3,1,1,0.9968,1,Critical Risk
15651955,Hanson,France,Male,31,603,0.0,2,1,0,0.0,0,Low Risk
15570912,Ogbonnaya,Germany,Female,32,728,127772.1,2,1,0,0.1121,0,Low Risk
15640266,Windsor,Spain,Male,41,621,104631.67,1,1,0,0.0609,0,Low Risk
15652069,Calabrese,France,Male,30,833,0.0,2,0,0,0.0062,0,Low Risk
15596074,Keating,France,Male,37,502,0.0,1,1,0,0.0671,0,Low Risk
15800268,Costa,Germany,Male,37,825,118050.79,1,1,0,0.4007,1,High Risk
15809847,Tan,France,Male,46,668,0.0,2,0,0,0.0644,0,Low Risk
15599074,Ma,Spain,Female,40,487,136093.74,1,1,0,0.0787,0,Low Risk
15599591,Martin,Germany,Female,39,600,88477.36,2,0,0,0.1584,0,Low Risk
15776096,Halpern,Spain,Male,34,606,161572.24,1,1,0,0.046,0,Low Risk
15611669,Nyhan,Germany,Male,50,623,126608.37,1,1,1,0.778,1,Critical Risk
15694098,Jackson,France,Female,54,575,68332.96,1,1,0,0.6224,1,High Risk
15713347,Reynolds,Spain,Male,48,577,179852.26,1,0,0,0.6554,1,Critical Risk
15713094,Tai,France,Female,25,651,0.0,2,1,0,0.0159,0,Low Risk
15811978,Trevisani,Germany,Male,46,693,104763.41,1,1,0,0.5783,1,High Risk
15799925,Uwakwe,France,Male,60,800,88541.57,2,1,0,0.12,0,Low Risk
15692575,Kerr,France,Male,38,760,162888.73,1,0,1,0.1784,0,Low Risk
15743149,Findlay,France,Female,35,711,0.0,1,1,0,0.1623,0,Low Risk
15776947,Ugorji,Spain,Male,43,637,0.0,1,0,1,0.5706,1,High Risk
15700656,Balashova,France,Male,32,662,0.0,2,0,0,0.0101,0,Low Risk
15594515,Cheng,France,Female,44,568,0.0,2,0,1,0.0609,0,Low Risk
15787884,Martin,France,Female,30,692,0.0,2,1,0,0.0159,0,Low Risk
15577988,Skinner,France,Female,35,614,0.0,2,1,0,0.0101,0,Low Risk
15795586,McDonald,France,Male,35,478,92474.05,1,0,0,0.1162,0,Low Risk
15677739,Dellucci,France,Male,36,562,0.0,2,0,0,0.0219,0,Low Risk
15720134,Reynolds,Germany,Male,30,709,115479.48,2,1,0,0.0532,0,Low Risk
15688868,Birdsall,France,Female,26,684,87098.91,1,0,0,0.1345,0,Low Risk
15642996,Tsai,Germany,Female,42,546,86351.85,2,0,0,0.2146,0,Moderate Risk
15771222,Oguejiofor,France,Female,42,779,0.0,2,0,0,0.058,0,Low Risk
15605059,Mackie,Germany,Male,63,576,148843.56,1,0,1,0.9813,1,Critical Risk
15568088,Jamieson,Germany,Male,44,481,163714.52,1,0,0,0.3412,1,Moderate Risk
15665943,Mai,France,Male,25,445,0.0,2,0,0,0.0062,0,Low Risk
15795571,Patterson,Spain,Male,36,606,94153.56,1,1,0,0.0588,0,Low Risk
15662243,Taylor,France,Male,50,559,162702.35,1,0,1,0.843,1,Critical Risk
15593128,Vinogradoff,France,Female,56,608,129255.2,2,0,1,0.9358,1,Critical Risk
15589739,North,France,Male,41,698,90605.29,1,1,0,0.1099,0,Low Risk
15787602,Carter,Spain,Male,39,568,0.0,2,1,0,0.0101,0,Low Risk
15685019,Graham,France,Male,29,528,102787.42,1,0,0,0.0609,0,Low Risk
15704209,Noble,France,Female,39,802,120145.96,2,1,1,0.0684,0,Low Risk
15605264,Walker,Germany,Male,47,669,63723.78,2,1,0,0.0833,0,Low Risk
15708265,Chibugo,Spain,Female,24,581,159203.71,1,1,1,0.0326,0,Low Risk
15740264,Yobachi,France,Male,38,640,0.0,2,0,0,0.0336,0,Low Risk
15615477,Ignatyeva,Spain,Female,44,529,0.0,2,0,0,0.0609,0,Low Risk
15727361,Chiemela,France,Female,51,547,0.0,2,1,0,0.1951,0,Low Risk
15760216,Pokrovskaya,France,Female,49,718,0.0,1,0,1,0.9677,1,Critical Risk
15806134,Storey,Germany,Male,34,707,162691.16,2,0,0,0.0609,0,Low Risk
15601351,Moroney,France,Male,43,735,127806.91,1,1,0,0.0901,0,Low Risk
15669262,Maslov,France,Male,43,765,157960.49,2,0,0,0.1447,0,Low Risk
15696989,Chukwueloka,Germany,Female,52,469,139493.25,3,0,1,1.0,1,Critical Risk
15688498,Chu,Germany,Female,21,594,87096.82,2,0,0,0.0403,0,Low Risk
15686964,Spence,France,Female,34,675,84944.58,1,0,0,0.0684,0,Low Risk
15625035,Mills,France,Male,50,703,160139.59,2,1,0,0.1181,0,Low Risk
15618391,Doyle,France,Male,33,810,0.0,2,1,0,0.0,0,Low Risk
15591344,Donnelly,Spain,Male,42,715,0.0,2,1,0,0.0136,0,Low Risk
15605455,Tai,France,Male,40,664,0.0,2,0,0,0.0426,0,Low Risk
15680804,Abbott,France,Male,29,850,0.0,2,1,0,0.0,0,Low Risk
15768282,Perez,Germany,Male,36,724,94615.11,2,1,0,0.0343,0,Low Risk
15685826,Hsiung,France,Male,30,563,90727.79,1,0,0,0.0569,0,Low Risk
15793491,Cherkasova,Germany,Male,26,714,119545.48,2,0,0,0.0873,0,Low Risk
15797787,Denisov,France,Male,36,614,118311.76,1,0,0,0.13,0,Low Risk
15611171,Fowler,France,Male,33,740,129574.98,1,1,0,0.0352,0,Low Risk
15601627,Siciliano,France,Male,33,587,148163.57,1,0,0,0.0661,0,Low Risk
15734085,Crocker,Germany,Male,24,465,117154.9,1,1,0,0.1162,0,Low Risk
15809309,Longo,Spain,Female,40,689,154251.67,1,1,0,0.1553,0,Low Risk
15809462,Polyakova,France,Male,30,656,0.0,2,1,0,0.0062,0,Low Risk
15634628,Brown,France,Female,33,579,65667.79,2,0,0,0.0419,0,Low Risk
15775678,Uspensky,France,Female,44,716,0.0,1,1,0,0.4776,1,High Risk
15579526,O'Meara,France,Male,42,551,50194.59,1,1,0,0.1593,0,Low Risk
15779103,Cantamessa,Germany,Female,39,527,96748.89,2,0,0,0.2039,0,Moderate Risk
15738715,Alexander,France,Female,37,600,0.0,3,0,1,0.7214,1,Critical Risk
15593943,Chinagorom,France,Female,43,685,132667.17,1,1,0,0.2868,1,Moderate Risk
15754574,Tomlinson,Spain,Male,36,738,0.0,2,1,0,0.0062,0,Low Risk
15737814,Lo,France,Male,41,622,127087.06,1,0,1,0.2419,0,Moderate Risk
15670889,Nwachukwu,France,Male,34,528,125566.9,1,1,0,0.0538,0,Low Risk
15629299,Yang,Germany,Female,52,546,106074.89,1,1,1,0.9386,1,Critical Risk
15771569,Bage,Germany,Male,46,576,137367.94,1,1,0,0.7017,1,Critical Risk
15811927,Marcelo,France,Female,38,733,157658.36,1,0,0,0.1522,0,Low Risk
15785654,Ofodile,Germany,Male,45,727,114422.85,2,1,1,0.1962,0,Low Risk
15665524,Savage,Spain,Male,41,605,103154.66,1,0,0,0.2877,1,Moderate Risk
15736287,Piccio,France,Male,33,586,0.0,1,0,0,0.0738,0,Low Risk
15765732,Simmons,Spain,Female,24,564,149592.14,1,1,0,0.0593,0,Low Risk
15797381,DeRose,Germany,Female,48,593,133903.12,2,1,1,0.362,1,Moderate Risk
15598536,Onuchukwu,Germany,Female,26,736,84587.9,1,1,0,0.0855,0,Low Risk
15664506,Goodwin,Spain,Male,32,675,197436.82,1,1,0,0.0623,0,Low Risk
15575619,Teakle,Spain,Female,32,656,104254.27,1,1,0,0.0593,0,Low Risk
15587394,Thomson,France,Male,39,462,140133.08,2,0,0,0.0585,0,Low Risk
15654457,Cross,Spain,Female,30,685,0.0,3,1,1,0.7567,1,Critical Risk
15762793,Jones,Germany,Female,36,850,136980.23,2,1,0,0.0281,0,Low Risk
15658067,Walker,Germany,Female,48,636,120568.41,1,0,1,0.9736,1,Critical Risk
15642816,De Salis,France,Female,27,850,43658.33,2,1,0,0.0,0,Low Risk
15693088,Oliver,France,Female,37,628,0.0,2,1,0,0.0403,0,Low Risk
15793883,Lo Duca,France,Male,28,798,0.0,2,0,0,0.0,0,Low Risk
15665283,Brookes,France,Female,57,610,72092.95,4,1,1,1.0,1,Critical Risk
15680421,Challis,France,Female,42,591,0.0,2,0,0,0.1955,0,Low Risk
15695148,Ibeabuchi,Spain,Female,37,614,0.0,2,1,0,0.0159,0,Low Risk
15636592,Iroawuchi,France,Male,35,651,181821.96,2,1,1,0.0932,0,Low Risk
15772618,Tyler,France,Male,25,665,90920.75,1,1,0,0.029,0,Low Risk
15724453,Fan,France,Male,23,570,0.0,1,0,0,0.1644,0,Low Risk
15565878,Bates,Spain,Male,29,631,0.0,2,1,0,0.0,0,Low Risk
15609160,Marsden,France,Male,32,586,0.0,2,0,0,0.0,0,Low Risk
15678460,Dodgshun,France,Male,30,691,0.0,1,0,0,0.1243,0,Low Risk
15662571,Maclean,France,Male,35,639,0.0,2,0,0,0.0254,0,Low Risk
15606849,Blackall,France,Female,27,698,94920.71,1,1,0,0.0359,0,Low Risk
15670738,Mazzanti,Germany,Male,45,733,113939.36,2,0,0,0.3032,1,Moderate Risk
15662641,Amadi,France,Male,19,850,0.0,1,1,0,0.0282,0,Low Risk
15727539,Schoenheimer,France,Female,31,618,0.0,2,0,0,0.0274,0,Low Risk
15651020,Fiorentino,France,Female,25,473,110666.42,2,0,0,0.0219,0,Low Risk
15673877,Murray,France,Male,39,490,0.0,3,0,1,0.8245,1,Critical Risk
15760865,Fan,Germany,Female,48,754,141819.02,1,0,1,0.9725,1,Critical Risk
15705009,Cartwright,France,Female,56,649,156974.26,1,0,1,0.9544,1,Critical Risk
15657540,Cremonesi,France,Male,50,578,151215.34,2,0,0,0.6225,1,High Risk
15707441,White,Spain,Male,26,690,116318.23,1,1,0,0.0397,0,Low Risk
15694765,Sabbatini,Germany,Male,49,610,113882.33,1,0,1,0.9475,1,Critical Risk
15649086,Patterson,France,Male,42,596,0.0,2,1,0,0.0241,0,Low Risk
15650488,Bromley,France,Female,48,492,127253.98,1,1,1,0.385,1,Moderate Risk
15760924,Doherty,Spain,Male,41,575,100062.39,1,0,0,0.1999,0,Low Risk
15700263,Ifeatu,France,Male,66,569,0.0,1,0,1,0.9246,1,Critical Risk
15806922,Bergamaschi,Spain,Female,41,674,126605.14,1,1,0,0.2038,0,Moderate Risk
15637522,Shubina,France,Female,31,507,106942.08,1,1,0,0.0343,0,Low Risk
15636548,Lung,Spain,Male,44,457,0.0,2,0,0,0.0426,0,Low Risk
15566891,Kinder,Germany,Female,41,584,88594.93,1,0,0,0.6556,1,Critical Risk
15627185,Terry,Germany,Male,29,744,123737.04,2,0,0,0.1108,0,Low Risk
15754012,Shepherdson,France,Female,35,687,110752.15,2,1,0,0.0428,0,Low Risk
15627514,Short,Spain,Female,46,688,0.0,2,1,0,0.0609,0,Low Risk
15661433,Zetticci,France,Male,34,519,0.0,1,0,0,0.2524,0,Moderate Risk
15610653,Belov,Spain,Female,38,733,0.0,2,1,0,0.0124,0,Low Risk
15667002,Knight,Spain,Male,43,666,0.0,2,0,0,0.0419,0,Low Risk
15709199,Burson,Spain,Female,40,511,0.0,1,1,0,0.3349,1,Moderate Risk
15710087,Nicholls,Germany,Female,54,705,125889.3,3,0,1,1.0,1,Critical Risk
15679884,Hs?eh,France,Male,48,544,78314.63,3,1,1,0.9902,1,Critical Risk
15784180,Ku,France,Female,36,564,206329.65,1,1,1,0.5707,1,High Risk
15808849,T'ien,France,Male,40,702,145536.9,1,1,0,0.1305,0,Low Risk
15751549,H?,Germany,Male,31,658,77082.65,2,0,0,0.0124,0,Low Risk
15588235,Vasilieva,France,Female,24,654,145081.73,1,1,0,0.0781,0,Low Risk
15640418,Omeokachie,Germany,Female,41,649,115897.73,1,0,0,0.7998,1,Critical Risk
15721116,Napolitano,Spain,Male,24,597,108058.07,2,1,0,0.0334,0,Low Risk
15599084,Hopwood,France,Male,33,782,191523.09,1,1,0,0.0684,0,Low Risk
15773394,Bergamaschi,France,Male,38,644,0.0,2,1,0,0.0122,0,Low Risk
15625713,Lindeman,Spain,Female,39,679,91187.9,1,1,0,0.0724,0,Low Risk
15766417,McKinley,France,Female,60,678,0.0,2,1,0,0.0896,0,Low Risk
15622578,Sergeyev,France,Male,34,806,113958.55,1,1,0,0.0576,0,Low Risk
15799924,Sanchez,Spain,Male,43,668,147167.25,1,0,0,0.3375,1,Moderate Risk
15618363,Muomelu,Germany,Male,29,659,82916.48,1,1,0,0.0469,0,Low Risk
15637138,Murray,France,Male,34,660,0.0,2,0,0,0.0062,0,Low Risk
15781665,Ibekwe,France,Female,37,601,0.0,1,0,0,0.4252,1,High Risk
15804853,McVey,France,Female,48,781,57098.96,1,0,1,0.843,1,Critical Risk
15651627,White,Germany,Male,39,628,115341.19,1,1,1,0.4487,1,High Risk
15680685,Patterson,France,Male,30,751,165257.2,1,0,0,0.0592,0,Low Risk
15808930,Mai,France,Female,37,531,0.0,1,0,0,0.2941,1,Moderate Risk
15570970,Han,France,Female,42,647,0.0,2,1,0,0.069,0,Low Risk
15679961,Davidson,Spain,Male,46,708,68799.72,1,1,0,0.1,0,Low Risk
15705458,Parkin,Spain,Male,39,550,116120.19,2,1,0,0.0179,0,Low Risk
15750396,McKissick,France,Male,33,670,0.0,2,1,0,0.0062,0,Low Risk
15679928,Horsfall,France,Female,31,592,84102.11,2,1,0,0.0359,0,Low Risk
15711181,Clapp,France,Female,50,589,0.0,2,1,0,0.2651,0,Moderate Risk
15698324,Azikiwe,France,Female,33,725,0.0,1,1,0,0.1934,0,Low Risk
15807433,Zubarev,France,Female,43,570,0.0,2,1,0,0.0426,0,Low Risk
15636590,Pisano,France,Male,46,575,0.0,2,1,0,0.0365,0,Low Risk
15628950,Coates,Germany,Male,25,501,104013.79,1,0,0,0.2043,0,Moderate Risk
15617206,Trentino,Germany,Male,42,431,120822.86,2,0,0,0.2679,0,Moderate Risk
15603741,MacDonnell,Spain,Male,40,719,128389.12,1,1,0,0.0959,0,Low Risk
15742607,Ermakov,Germany,Male,36,850,102800.72,1,1,0,0.13,0,Low Risk
15747821,K?,Germany,Female,31,554,135470.9,1,0,0,0.4858,1,High Risk
15612043,Hammonds,France,Male,36,418,90145.04,1,1,0,0.0419,0,Low Risk
15809558,Peppin,Spain,Male,31,715,0.0,1,1,0,0.046,0,Low Risk
15803750,Ball,Spain,Female,33,750,161801.47,1,1,1,0.0896,0,Low Risk
15704681,Yeh,Germany,Male,37,766,99660.13,2,1,0,0.055,0,Low Risk
15667392,L?,Spain,Female,38,652,123081.84,2,1,0,0.0592,0,Low Risk
15738889,Shih,France,Male,42,658,102870.93,1,1,1,0.1214,0,Low Risk
15598838,Greco,France,Female,37,659,151105.68,1,1,0,0.1641,0,Low Risk
15579109,Napolitano,Germany,Male,35,574,163856.76,1,1,0,0.1451,0,Low Risk
15799042,Zaytseva,France,Male,38,611,0.0,1,1,0,0.1388,0,Low Risk
15697042,Genovesi,Spain,Male,35,738,127290.61,1,0,0,0.1688,0,Low Risk
15696605,Angelo,France,Male,49,571,180614.04,1,0,0,0.5925,1,High Risk
15802274,Waters,France,Female,44,686,55053.62,1,0,0,0.611,1,High Risk
15596808,Maclean,Spain,Male,33,679,96110.22,1,0,0,0.0592,0,Low Risk
15705403,Seleznyova,Spain,Female,46,617,106521.49,1,1,0,0.4063,1,High Risk
15732903,Fontenot,France,Male,39,673,82255.51,2,0,0,0.0592,0,Low Risk
15581968,Reid,France,Female,33,745,0.0,2,1,0,0.0159,0,Low Risk
15683892,Fraser,Germany,Female,26,677,102395.79,1,0,0,0.3383,1,Moderate Risk
15595447,Tuan,Spain,Male,39,613,118201.41,1,0,0,0.2711,0,Moderate Risk
15569249,Howarth,France,Female,55,576,44582.07,3,1,1,0.9978,1,Critical Risk
15656188,Davis,Spain,Female,30,584,0.0,2,1,0,0.0124,0,Low Risk
15689661,Gorbunov,France,Male,22,663,0.0,2,1,0,0.0062,0,Low Risk
15644934,Gentry,France,Male,26,466,105522.06,1,0,0,0.0281,0,Low Risk
15721793,Chiu,Germany,Female,50,510,123936.54,1,1,0,0.8239,1,Critical Risk
15687413,Sunderland,Spain,Female,38,619,0.0,2,1,0,0.0336,0,Low Risk
15761286,Fan,Germany,Female,66,696,119499.42,2,1,0,0.267,0,Moderate Risk
15658240,Parry,France,Female,44,554,135814.7,2,0,0,0.299,1,Moderate Risk
15706232,Niu,France,Male,52,595,0.0,1,1,1,0.5828,1,High Risk
15583394,Zuyev,Germany,Male,39,659,106259.63,2,1,0,0.055,0,Low Risk
15715643,Ijendu,France,Male,44,662,0.0,2,1,0,0.0413,0,Low Risk
15644856,Bird,Spain,Male,38,556,115463.16,1,0,0,0.2346,0,Moderate Risk
15785488,Palmer,Spain,Female,39,701,0.0,2,1,0,0.0316,0,Low Risk
15711571,Y?,Spain,Male,42,587,120233.83,1,0,0,0.242,0,Moderate Risk
15778604,Nicholson,France,Female,47,571,0.0,2,0,0,0.254,0,Moderate Risk
15751180,Adams,France,Female,40,539,81132.21,1,0,0,0.5215,1,High Risk
15748360,Cocci,Germany,Female,34,644,122196.99,2,1,0,0.0695,0,Low Risk
15770039,Kuo,Germany,Male,39,572,112290.22,1,0,1,0.7132,1,Critical Risk
15685096,Trevisani,France,Female,50,753,0.0,2,1,0,0.0669,0,Low Risk
15669501,Kuo,France,Male,35,706,0.0,2,1,0,0.0062,0,Low Risk
15622631,H?,France,Male,44,588,154409.74,1,0,1,0.2742,1,Moderate Risk
15586699,Thomson,France,Male,32,825,0.0,2,0,0,0.0,0,Low Risk
15702377,Knorr,Spain,Male,48,627,132759.8,1,0,0,0.7485,1,Critical Risk
15577170,Manfrin,France,Male,60,532,76705.87,2,1,0,0.1928,0,Low Risk
15769451,Hayes,France,Female,44,764,0.0,2,1,0,0.0452,0,Low Risk
15811877,Shao,France,Female,36,700,0.0,2,0,0,0.0536,0,Low Risk
15648725,Sinclair,France,Male,41,660,0.0,2,1,0,0.0159,0,Low Risk
15752801,Bradshaw,Germany,Male,29,518,125961.74,2,0,1,0.1332,0,Low Risk
15808175,Castiglione,France,Female,39,557,49572.73,1,0,1,0.5264,1,High Risk
15681342,Hurst,France,Female,35,639,103015.12,2,1,0,0.0548,0,Low Risk
15589210,Adamson,France,Female,24,557,0.0,1,0,0,0.2009,0,Moderate Risk
15696826,James,France,Female,32,633,104001.38,1,1,0,0.0433,0,Low Risk
15614962,Pavlova,Spain,Female,50,623,87116.71,1,1,0,0.3448,1,Moderate Risk
15689061,Davey,France,Male,68,611,82547.11,2,1,0,0.0397,0,Low Risk
15640074,Barrett,Spain,Female,47,666,0.0,1,0,1,0.9528,1,Critical Risk
15776156,Dolgorukova,France,Male,27,521,121325.84,1,1,1,0.0592,0,Low Risk
15739548,Johnson,France,Male,28,775,111167.7,1,0,0,0.0609,0,Low Risk
15662854,Manna,Germany,Male,48,681,139714.4,2,0,0,0.5061,1,High Risk
15687688,Hou,Germany,Female,32,564,139875.2,2,0,0,0.0865,0,Low Risk
15715750,Okeke,Germany,Female,44,646,113063.83,1,0,1,0.7627,1,Critical Risk
15571121,Kodilinyechukwu,France,Female,50,670,138340.06,1,1,0,0.4779,1,High Risk
15726466,Esposito,France,Male,43,751,114974.24,1,0,0,0.3462,1,Moderate Risk
15660390,Boyle,France,Female,33,544,0.0,2,1,0,0.0254,0,Low Risk
15663942,Hsiung,France,Female,38,639,0.0,2,0,0,0.0538,0,Low Risk
15638610,Kennedy,Germany,Female,65,635,117325.54,1,0,1,0.9946,1,Critical Risk
15644446,Norton,France,Female,28,672,0.0,1,1,0,0.0956,0,Low Risk
15585892,Zakharov,France,Female,35,639,0.0,1,0,0,0.413,1,High Risk
15609356,Chimaraoke,France,Female,25,697,0.0,2,0,0,0.0101,0,Low Risk
15803378,Small,Spain,Male,44,850,0.0,2,1,0,0.0062,0,Low Risk
15599440,McGregor,France,Female,34,748,0.0,2,0,0,0.0359,0,Low Risk
15692408,Brown,Spain,Female,35,463,0.0,2,1,0,0.0101,0,Low Risk
15683168,Frederickson,France,Female,30,572,0.0,1,1,0,0.2362,0,Moderate Risk
15790254,Wood,Spain,Male,50,741,78737.61,1,1,0,0.2392,0,Moderate Risk
15767729,Smith,Spain,Male,25,646,182876.88,2,1,1,0.0475,0,Low Risk
15768600,Harris,Germany,Male,50,805,130023.38,1,0,1,0.9946,1,Critical Risk
15699839,Hall,France,Male,36,637,152606.82,1,1,0,0.0576,0,Low Risk
15786237,Pickworth,France,Male,28,651,0.0,2,0,0,0.0,0,Low Risk
15694530,Porter,France,Male,28,672,167268.98,1,1,0,0.0588,0,Low Risk
15796813,Storey,France,Male,54,493,167831.88,2,0,1,0.7887,1,Critical Risk
15605791,Li,Germany,Male,29,524,144287.6,2,0,0,0.0684,0,Low Risk
15714087,McGill,Germany,Female,45,624,151855.33,1,0,0,0.8594,1,Critical Risk
15711446,Sinclair,Spain,Female,51,569,0.0,3,0,1,0.9946,1,Critical Risk
15588123,Horton,France,Female,27,677,0.0,2,1,0,0.0159,0,Low Risk
15748552,Sal,Germany,Male,37,464,155994.15,1,0,0,0.2254,0,Moderate Risk
15618410,Murray,Germany,Male,26,718,147527.03,1,0,0,0.2869,1,Moderate Risk
15672432,Giles,France,Female,53,594,0.0,1,0,1,0.9886,1,Critical Risk
15610042,Brown,France,Male,33,574,100267.03,1,0,0,0.0609,0,Low Risk
15580914,Okechukwu,Spain,Male,48,478,83287.05,2,1,1,0.1551,0,Low Risk
15583680,White,Spain,Male,41,615,0.0,1,1,0,0.2868,1,Moderate Risk
15813718,Kirillova,Spain,Male,45,651,0.0,2,0,0,0.0577,0,Low Risk
15767264,Lawson,Germany,Male,53,465,117438.17,1,0,1,0.9826,1,Critical Risk
15686461,Sarratt,France,Female,56,558,121235.05,2,1,0,0.3932,1,Moderate Risk
15678882,Hay,Germany,Male,37,540,129965.18,1,0,0,0.5264,1,High Risk
15789611,Lin,Germany,Male,46,568,150836.92,1,0,1,0.8592,1,Critical Risk
15668679,Ozerova,France,Male,31,630,0.0,2,1,0,0.0101,0,Low Risk
15631685,Lambert,Germany,Male,60,523,163894.35,1,1,0,0.5612,1,High Risk
15655658,Bulgakov,France,Female,48,678,0.0,2,1,0,0.0856,0,Low Risk
15753591,He,France,Male,38,438,0.0,2,0,0,0.0167,0,Low Risk
15617348,Uchechukwu,France,Male,44,544,0.0,2,0,0,0.0413,0,Low Risk
15704581,Robertson,Germany,Male,34,595,87967.42,2,1,0,0.0359,0,Low Risk
15738487,Leworthy,France,Male,26,678,0.0,2,0,0,0.0,0,Low Risk
15648069,Onyemachukwu,France,Female,36,850,0.0,2,1,0,0.0124,0,Low Risk
15737627,Rivero,Germany,Female,20,589,121093.29,2,0,0,0.0576,0,Low Risk
15731586,Lai,Spain,Female,31,785,121691.54,2,0,0,0.0452,0,Low Risk
15757467,Feng,Spain,Male,57,563,0.0,2,1,0,0.0433,0,Low Risk
15597709,Hornung,France,Female,39,602,154121.32,2,0,1,0.2032,0,Moderate Risk
15720529,Schiavone,France,Male,29,591,0.0,2,1,0,0.0012,0,Low Risk
15596797,Barnet,Spain,Male,43,643,0.0,2,1,0,0.0241,0,Low Risk
15681755,Dennys,France,Female,32,605,0.0,2,1,0,0.0159,0,Low Risk
15815271,Ritchie,Germany,Male,43,755,165048.5,3,0,1,0.9705,1,Critical Risk
15682860,Lo,Spain,Male,38,769,0.0,2,0,0,0.0254,0,Low Risk
15621546,Yuriev,France,Female,33,620,127638.35,1,1,0,0.0822,0,Low Risk
15705918,Howarth,France,Male,31,725,0.0,2,1,0,0.0062,0,Low Risk
15684512,Gibson,Germany,Female,72,818,135290.42,2,1,0,0.0536,0,Low Risk
15671769,Zikoranachidimma,France,Female,71,624,170252.05,3,1,1,0.9621,1,Critical Risk
15642934,Mason,Germany,Female,35,669,108269.2,2,0,0,0.2492,0,Moderate Risk
15594305,Rizzo,France,Female,32,712,0.0,2,0,0,0.0124,0,Low Risk
15789201,Thomson,Germany,Female,35,603,145623.36,1,0,0,0.6688,1,Critical Risk
15706762,Ignatyev,France,Female,41,597,145809.53,2,1,0,0.1333,0,Low Risk
15766183,Ferguson,Germany,Male,76,580,130334.84,2,1,0,0.0167,0,Low Risk
15777994,Woods,France,Female,39,718,0.0,2,1,0,0.0532,0,Low Risk
15568162,Sung,Spain,Male,53,527,0.0,1,1,0,0.4243,1,High Risk
15680643,Lo,Spain,Female,42,729,0.0,2,1,0,0.0426,0,Low Risk
15761854,Burn,France,Female,24,746,0.0,1,1,0,0.1584,0,Low Risk
15730793,Russell,Germany,Female,54,699,111009.32,1,1,1,0.9212,1,Critical Risk
15692137,Jen,France,Female,46,759,0.0,1,1,0,0.642,1,High Risk
15608595,Lo Duca,France,Female,39,748,157371.54,1,1,0,0.1584,0,Low Risk
15709459,Oluchi,Spain,Female,63,698,0.0,1,1,0,0.381,1,Moderate Risk
15775750,Yao,France,Male,37,686,134560.62,1,0,0,0.1553,0,Low Risk
15585855,Gould,France,Male,40,679,0.0,1,1,0,0.188,0,Low Risk
15752139,Salter,Germany,Male,36,682,72373.62,2,0,0,0.0419,0,Low Risk
15768295,Warner,France,Female,34,778,109564.1,1,1,0,0.0729,0,Low Risk
15766906,Salier,France,Female,25,742,132116.13,2,0,0,0.0609,0,Low Risk
15725776,Lazar,Germany,Male,24,649,101195.23,1,0,0,0.2083,0,Moderate Risk
15682576,Onyenachiya,France,Male,67,763,149436.73,2,1,0,0.0592,0,Low Risk
15704081,Findlay,Germany,Male,30,595,130682.11,2,1,0,0.0343,0,Low Risk
15719940,Gibbons,Germany,Female,51,628,115280.49,2,0,1,0.8608,1,Critical Risk
15672894,McCawley,France,Female,36,625,129944.39,2,0,0,0.0569,0,Low Risk
15667451,Taylor,France,Male,36,733,0.0,2,1,0,0.0062,0,Low Risk
15636767,Yang,Spain,Female,32,665,0.0,1,1,0,0.0918,0,Low Risk
15571415,Okwudiliolisa,Germany,Male,56,805,151802.29,1,0,1,0.9798,1,Critical Risk
15575605,Napolitano,France,Male,38,725,0.0,2,1,0,0.0124,0,Low Risk
15649160,Vavilov,France,Female,38,554,138731.95,1,1,0,0.1121,0,Low Risk
15615832,Teague,Spain,Female,35,675,155621.08,1,1,0,0.0462,0,Low Risk
15600975,Chiemenam,France,Female,54,556,150005.38,1,0,1,0.9677,1,Critical Risk
15690772,Hughes,Spain,Female,48,635,0.0,2,1,0,0.0661,0,Low Risk
15565714,Cattaneo,France,Male,47,601,64430.06,2,1,0,0.1545,0,Low Risk
15763108,Davis,Germany,Male,53,600,106261.63,1,0,1,0.9736,1,Critical Risk
15723884,Nekrasova,Spain,Male,40,758,0.0,2,0,0,0.0282,0,Low Risk
15644453,Loggia,Germany,Female,41,606,132670.53,1,0,1,0.783,1,Critical Risk
15655464,Combes,France,Female,67,640,0.0,1,1,0,0.4355,1,High Risk
15783883,Onwuka,Germany,Female,38,753,117314.92,1,0,1,0.7019,1,Critical Risk
15787693,Kharlamov,Spain,Male,38,559,145874.35,1,0,1,0.2378,0,Moderate Risk
15664793,Scott,Spain,Female,50,754,146777.44,2,1,0,0.3827,1,Moderate Risk
15642391,Lettiere,Germany,Male,51,621,109978.83,1,0,1,0.9946,1,Critical Risk
15756538,Osonduagwuike,France,Female,37,654,0.0,1,1,0,0.3195,1,Moderate Risk
15668830,Wan,Spain,Male,24,650,108881.73,1,0,0,0.116,0,Low Risk
15796569,Donaldson,Spain,Female,44,831,0.0,1,1,0,0.2368,0,Moderate Risk
15677112,Chukwufumnanya,France,Male,39,519,112957.26,2,0,0,0.0609,0,Low Risk
15815040,Ma,Germany,Female,42,552,103362.14,1,1,1,0.6412,1,High Risk
15590434,Alexander,Spain,Male,41,577,89015.61,1,1,0,0.1054,0,Low Risk
15597536,Nkemjika,Spain,Male,45,576,133618.01,1,0,0,0.5517,1,High Risk
15723989,Carroll,France,Male,40,646,93680.43,2,1,0,0.0359,0,Low Risk
15767358,Obioma,Germany,Female,45,711,97486.15,2,0,0,0.6953,1,Critical Risk
15594812,Campbell,Spain,Female,37,806,137794.18,2,1,0,0.0343,0,Low Risk
15688210,Sims,France,Female,39,670,101928.51,1,0,0,0.2628,0,Moderate Risk
15681509,McKay,Spain,Female,28,679,0.0,2,1,0,0.0101,0,Low Risk
15572390,Huang,Spain,Female,39,850,0.0,2,0,0,0.0281,0,Low Risk
15801441,Campbell,Germany,Female,35,670,79585.96,1,1,0,0.1306,0,Low Risk
15783859,Boni,France,Female,24,733,161884.99,1,1,0,0.0592,0,Low Risk
15575243,Gorbunova,France,Female,39,764,129068.54,2,1,0,0.0724,0,Low Risk
15773421,Genovese,France,Female,42,673,0.0,2,0,0,0.0873,0,Low Risk
15788776,Landor,Germany,Male,49,588,132623.76,3,0,1,1.0,1,Critical Risk
15765257,Meng,Spain,Male,31,564,121461.87,1,1,1,0.0695,0,Low Risk
15661412,Wardell,France,Male,32,715,175307.32,1,0,0,0.1245,0,Low Risk
15636478,Williams,France,Male,31,621,136658.61,1,1,0,0.0359,0,Low Risk
15603683,Ofodile,Spain,Female,23,796,146584.19,2,0,0,0.0569,0,Low Risk
15651868,Clark,France,Male,34,672,0.0,1,0,0,0.2396,0,Moderate Risk
15815443,Lo,Spain,Female,46,527,131414.76,1,0,0,0.5811,1,High Risk
15682686,Chukwuemeka,France,Female,38,722,0.0,2,1,0,0.0538,0,Low Risk
15697460,Lai,Germany,Male,34,596,99441.21,2,1,0,0.0274,0,Low Risk
15748432,Arcuri,France,Female,32,746,0.0,2,1,0,0.0159,0,Low Risk
15698271,Graham,France,Female,26,523,0.0,2,0,0,0.0297,0,Low Risk
15808662,Krylov,France,Male,44,624,0.0,2,0,0,0.0426,0,Low Risk
15690372,Henry,Spain,Male,38,553,181110.13,2,0,0,0.1333,0,Low Risk
15781875,Jamieson,Spain,Male,33,850,100476.46,2,1,0,0.0062,0,Low Risk
15801473,Moore,Germany,Male,33,599,51949.95,2,0,0,0.0343,0,Low Risk
15704509,Tan,France,Male,35,492,121063.49,1,0,0,0.0724,0,Low Risk
15694666,Thornton,Spain,Male,48,707,88441.64,1,1,1,0.1617,0,Low Risk
15731166,Macleod,France,Female,30,743,127023.39,1,1,0,0.0609,0,Low Risk
15728523,Rizzo,France,Male,41,522,144147.68,1,1,0,0.104,0,Low Risk
15788442,Chukwukadibia,Spain,Female,57,681,173306.13,1,1,0,0.5517,1,High Risk
15689781,Ts'ai,France,Female,49,826,0.0,1,0,1,0.9465,1,Critical Risk
15764226,Lu,Germany,Female,28,630,106425.75,1,1,0,0.2484,0,Moderate Risk
15809837,Kent,Germany,Female,66,430,135392.31,2,1,1,0.2311,0,Moderate Risk
15805212,Black,France,Female,67,806,0.0,2,1,0,0.0369,0,Low Risk
15716082,Chukwubuikem,Spain,Male,39,703,152685.4,1,0,0,0.2554,0,Moderate Risk
15643056,McMillan,Germany,Female,38,755,82083.52,1,1,0,0.299,1,Moderate Risk
15654859,Ngozichukwuka,Spain,Female,63,612,131629.17,2,0,1,0.8493,1,Critical Risk
15761158,Y?an,France,Female,54,719,0.0,2,1,0,0.1471,0,Low Risk
15577515,Sung,Germany,Female,55,554,108477.27,1,1,1,0.9144,1,Critical Risk
15723827,Macartney,France,Male,30,683,114779.35,1,0,0,0.0989,0,Low Risk
15646594,Ali,France,Male,41,749,57568.94,1,1,0,0.0684,0,Low Risk
15712877,Morley,Spain,Male,36,724,0.0,2,0,0,0.0254,0,Low Risk
15598802,Martin,Spain,Male,30,770,0.0,2,1,0,0.0,0,Low Risk
15699340,Okorie,France,Male,37,680,0.0,2,0,0,0.0254,0,Low Risk
15691150,Ku,France,Female,32,699,110559.46,1,1,0,0.0855,0,Low Risk
15608688,Andreyeva,France,Male,34,442,0.0,2,0,0,0.0101,0,Low Risk
15737998,Cheng,France,Male,46,529,0.0,1,0,1,0.856,1,Critical Risk
15735837,Hsia,Spain,Male,36,574,0.0,2,1,0,0.0062,0,Low Risk
15659100,Lane,France,Male,33,605,128152.82,1,0,0,0.0855,0,Low Risk
15609070,Findlay,Germany,Male,45,515,120961.5,3,1,1,0.9826,1,Critical Risk
15650313,Okonkwo,Germany,Male,65,632,129472.33,1,1,0,0.4675,1,High Risk
15627699,Pirogova,France,Male,32,558,105000.23,1,0,0,0.0365,0,Low Risk
15591010,McDonald,Germany,Male,55,434,109339.17,2,0,1,0.8458,1,Critical Risk
15798895,Okonkwo,France,Female,59,525,55328.4,1,0,1,0.9736,1,Critical Risk
15745375,Nnanna,Germany,Male,23,640,72012.76,1,0,0,0.1022,0,Low Risk
15775235,Ku,France,Female,36,690,110480.48,1,0,0,0.2003,0,Moderate Risk
15780088,Porter,Spain,Male,34,607,132439.99,1,0,0,0.188,0,Low Risk
15649379,Somayina,France,Female,46,850,0.0,2,1,0,0.0422,0,Low Risk
15713983,Mao,Germany,Male,34,780,94108.54,2,0,0,0.0426,0,Low Risk
15709252,Fuller,Germany,Female,28,616,105173.99,1,1,1,0.2192,0,Moderate Risk
15699238,Craig,Spain,Female,40,618,0.0,2,0,0,0.0592,0,Low Risk
15732884,Trevisano,France,Male,29,676,131959.86,1,0,0,0.0569,0,Low Risk
15587297,Ruiz,France,Male,33,507,0.0,2,1,0,0.0,0,Low Risk
15684722,Fraser,France,Male,34,490,122952.9,2,0,0,0.0336,0,Low Risk
15621244,Gallo,France,Male,36,678,107379.68,1,1,0,0.0419,0,Low Risk
15744273,Waterhouse,Germany,Male,30,637,122641.56,2,0,0,0.0883,0,Low Risk
15682540,Cremonesi,France,Female,33,602,0.0,2,1,0,0.0282,0,Low Risk
15636521,Feng,Spain,Female,30,744,124037.28,1,1,0,0.0609,0,Low Risk
15785339,H?,France,Female,50,640,117565.03,2,0,0,0.7166,1,Critical Risk
15638983,Jara,France,Female,38,684,133189.4,1,0,0,0.2531,0,Moderate Risk
15654625,Wilson,Germany,Male,39,495,120252.02,2,1,0,0.0634,0,Low Risk
15697310,O'Callaghan,Germany,Female,28,559,152264.81,1,0,0,0.1926,0,Low Risk
15678210,Robson,France,Male,38,684,105069.98,2,1,0,0.0124,0,Low Risk
15575438,Pease,France,Male,42,613,115076.06,1,1,0,0.0896,0,Low Risk
15632789,Maclean,France,Male,30,794,0.0,2,1,0,0.0062,0,Low Risk
15621423,Lavrentyev,France,Female,42,736,117280.23,3,0,1,0.9736,1,Critical Risk
15573520,Rhodes,Germany,Male,49,692,110540.43,2,1,0,0.3197,1,Moderate Risk
15740458,Murphy,Spain,Male,36,703,135095.47,1,0,0,0.188,0,Low Risk
15762799,Alexander,Germany,Male,23,720,187861.18,2,1,0,0.0124,0,Low Risk
15686885,Nekrasov,Germany,Male,44,777,124655.59,2,1,0,0.0798,0,Low Risk
15565996,Arnold,France,Male,44,653,0.0,2,1,0,0.0336,0,Low Risk
15662152,Trevisan,France,Female,38,552,134105.01,1,0,0,0.2759,1,Moderate Risk
15711742,Mason,France,Female,34,708,0.0,1,1,0,0.1951,0,Low Risk
15701885,Tucker,France,Female,40,647,0.0,2,1,0,0.0593,0,Low Risk
15774262,Hobson,Germany,Male,52,597,83693.34,2,1,0,0.1546,0,Low Risk
15567839,Gordon,France,Male,42,501,114631.23,1,1,0,0.0815,0,Low Risk
15644400,Anderson,France,Male,44,709,128601.98,1,0,0,0.2943,1,Moderate Risk
15797246,Terry,Germany,Female,34,621,91258.52,2,0,0,0.0701,0,Low Risk
15778290,Lappin,France,Male,70,799,70416.75,1,1,0,0.0459,0,Low Risk
15708714,Santiago,France,Female,33,675,0.0,2,0,0,0.0282,0,Low Risk
15586183,Wallace,France,Female,35,561,0.0,2,0,0,0.0343,0,Low Risk
15761733,King,France,Female,42,707,0.0,2,1,0,0.1523,0,Low Risk
15773934,Fang,France,Male,33,670,88294.6,1,0,0,0.0914,0,Low Risk
15705343,May,Spain,Female,32,649,0.0,1,0,0,0.2921,1,Moderate Risk
15593959,Travis,France,Male,28,524,93577.3,1,1,0,0.0274,0,Low Risk
15664615,Nnachetam,Germany,Female,30,689,136650.89,1,1,1,0.3801,1,Moderate Risk
15671014,Zhdanova,Spain,Female,72,573,98765.84,1,1,0,0.0274,0,Low Risk
15657778,Jefferson,France,Male,33,657,84309.57,2,0,0,0.0124,0,Low Risk
15585192,Cremonesi,Spain,Male,39,686,136258.06,1,0,0,0.1608,0,Low Risk
15592914,Fang,France,Female,29,683,0.0,2,1,0,0.0159,0,Low Risk
15770995,Sinclair,Germany,Female,47,753,131160.85,1,0,0,0.9134,1,Critical Risk
15570990,Begley,Spain,Female,30,520,145222.99,2,0,0,0.0661,0,Low Risk
15596165,Degtyarev,Germany,Male,25,547,98141.57,2,1,0,0.0219,0,Low Risk
15788131,Atkins,France,Male,47,653,0.0,1,0,1,0.8318,1,Critical Risk
15800773,Ikenna,Spain,Female,28,648,102282.61,1,1,0,0.0475,0,Low Risk
15690153,Sun,France,Female,37,639,116121.84,2,1,0,0.1128,0,Low Risk
15638989,Lettiere,France,Female,25,711,190066.54,1,0,1,0.4383,1,High Risk
15623210,Smith,Germany,Female,55,484,149349.58,3,0,1,1.0,1,Critical Risk
15652658,Finch,France,Male,36,721,155176.83,2,1,0,0.0159,0,Low Risk
15684440,Monaldo,Germany,Male,32,548,98986.28,1,1,0,0.0689,0,Low Risk
15730287,Ugonna,France,Male,41,679,147726.98,3,0,1,0.9826,1,Critical Risk
15720353,Chiang,France,Male,41,553,0.0,2,0,0,0.0397,0,Low Risk
15767231,Sun,France,Male,36,757,144852.06,1,0,0,0.1259,0,Low Risk
15761554,Blackburn,France,Male,54,581,89299.81,1,0,1,0.8265,1,Critical Risk
15706637,Chang,Spain,Male,40,718,0.0,2,0,0,0.0419,0,Low Risk
15690492,Palermo,France,Male,41,625,97663.16,2,0,0,0.0609,0,Low Risk
15694237,McEwan,Spain,Male,39,744,95161.75,1,0,0,0.2229,0,Moderate Risk
15729771,Davide,Germany,Male,31,799,154586.92,1,1,1,0.1666,0,Low Risk
15609823,Chieloka,Spain,Female,34,751,127095.14,2,0,0,0.0614,0,Low Risk
15793366,Humphreys,Germany,Male,35,781,92526.15,2,1,0,0.0262,0,Low Risk
15614813,Cocci,Germany,Female,46,777,107362.8,1,0,0,0.8043,1,Critical Risk
15566495,Hanson,Spain,Female,24,704,0.0,1,0,1,0.2275,0,Moderate Risk
15707602,Macleod,France,Female,47,539,127286.04,2,1,1,0.3173,1,Moderate Risk
15635244,Ritchie,France,Female,29,716,0.0,2,1,0,0.0124,0,Low Risk
15805627,Nebechukwu,France,Male,37,670,0.0,2,1,0,0.0101,0,Low Risk
15607986,Nnamutaezinwa,France,Male,40,555,139930.18,1,1,0,0.0572,0,Low Risk
15799785,Ikemefuna,Germany,Female,30,679,77949.69,1,1,0,0.1719,0,Low Risk
15699963,Scott,France,Male,38,571,121405.04,1,1,0,0.0609,0,Low Risk
15624595,Chiang,Spain,Female,35,512,124580.69,1,1,0,0.1266,0,Low Risk
15629750,Artyomova,France,Male,35,697,133087.76,1,0,0,0.1597,0,Low Risk
15651460,Hsieh,Spain,Male,34,424,0.0,1,1,0,0.0655,0,Low Risk
15753550,Levien,France,Female,43,684,0.0,2,0,0,0.0856,0,Low Risk
15594133,Erskine,Spain,Male,62,697,0.0,1,0,1,0.9677,1,Critical Risk
15772329,Fiorentino,Germany,Male,45,580,103741.14,1,0,1,0.9063,1,Critical Risk
15591552,Okonkwo,France,Female,32,600,98877.95,1,0,0,0.0896,0,Low Risk
15750921,Monds,France,Male,37,521,105843.26,2,1,0,0.0336,0,Low Risk
15701687,Campbell,Spain,Male,44,664,77526.66,3,0,1,0.9736,1,Critical Risk
15728906,Ibekwe,France,Male,77,634,0.0,2,1,0,0.0,0,Low Risk
15670029,Marcelo,France,Female,33,445,0.0,2,0,0,0.0279,0,Low Risk
15763579,Castro,Germany,Female,36,702,105264.88,2,1,0,0.0832,0,Low Risk
15728010,Capon,France,Male,37,485,0.0,2,1,0,0.0124,0,Low Risk
15663194,Voronova,Germany,Female,40,582,110150.43,1,1,1,0.6626,1,Critical Risk
15736510,Loggia,Spain,Female,57,605,0.0,3,0,1,1.0,1,Critical Risk
15745804,Law,France,Male,25,628,0.0,2,1,0,0.0062,0,Low Risk
15631451,Grant,Spain,Female,28,604,0.0,2,1,0,0.0101,0,Low Risk
15746995,Greco,Germany,Male,31,724,138166.3,1,0,0,0.3957,1,Moderate Risk
15730673,Dietz,Germany,Male,40,567,122265.24,1,0,0,0.7372,1,Critical Risk
15734649,Martel,Spain,Female,55,779,133295.98,1,0,1,0.9589,1,Critical Risk
15701081,Jarvis,France,Male,36,785,0.0,1,1,0,0.1333,0,Low Risk
15632503,Meng,France,Female,32,563,148326.09,1,0,1,0.1419,0,Low Risk
15585928,Hay,Germany,Female,31,821,68927.57,1,1,0,0.1067,0,Low Risk
15648681,Voronoff,France,Female,47,747,139914.6,4,1,1,1.0,1,Critical Risk
15747757,Trevascus,Germany,Female,58,600,118723.11,1,0,1,0.9798,1,Critical Risk
15718921,Ho,Spain,Male,32,625,106957.28,1,1,0,0.0419,0,Low Risk
15571081,Hansen,France,Female,41,773,190238.93,1,1,0,0.3055,1,Moderate Risk
15734578,Craig,France,Female,53,726,113537.73,1,1,0,0.7372,1,Critical Risk
15579583,Hall,Spain,Female,40,641,101090.27,1,1,0,0.0999,0,Low Risk
15622729,Sun,France,Female,46,649,0.0,2,1,0,0.0609,0,Low Risk
15662189,Durant,Spain,Male,33,434,0.0,1,1,0,0.0655,0,Low Risk
15692718,Jackson,France,Female,38,738,0.0,2,0,0,0.0545,0,Low Risk
15762716,Chigozie,Spain,Female,60,762,168920.75,1,0,1,0.898,1,Critical Risk
15724851,Farmer,Germany,Male,31,507,111589.67,1,0,0,0.3227,1,Moderate Risk
15587266,Douglas,Germany,Female,27,606,172310.33,1,1,0,0.086,0,Low Risk
15675926,Ardis,Germany,Male,34,655,118028.35,1,0,1,0.5813,1,High Risk
15706268,Smith,Germany,Male,51,697,147910.3,1,1,0,0.6417,1,High Risk
15581871,Butler,Germany,Male,42,504,131287.36,2,1,0,0.0661,0,Low Risk
15666166,Pettry,France,Female,74,653,121276.32,1,1,0,0.0383,0,Low Risk
15671582,John,Spain,Male,38,660,109869.32,1,1,0,0.0822,0,Low Risk
15680901,Potter,France,Female,34,652,97435.85,2,1,0,0.0419,0,Low Risk
15642336,Shaw,France,Female,42,669,0.0,2,0,0,0.1327,0,Low Risk
15653147,Boyle,France,Male,35,594,133853.27,1,1,0,0.0592,0,Low Risk
15571284,Elmore,Germany,Male,32,756,109528.16,2,1,0,0.0365,0,Low Risk
15591360,Udinesi,France,Female,33,642,84607.34,2,1,0,0.0359,0,Low Risk
15810485,Sun,Germany,Male,37,486,101438.0,1,0,0,0.3305,1,Moderate Risk
15611973,Tuan,France,Male,55,804,0.0,2,1,0,0.0442,0,Low Risk
15735572,Lawrence,France,Male,59,629,113657.83,1,1,1,0.3142,1,Moderate Risk
15567860,Burrows,Spain,Female,44,581,189318.16,2,0,1,0.3953,1,Moderate Risk
15795690,Shao,France,Male,31,667,99513.91,1,1,0,0.055,0,Low Risk
15706464,White,Spain,Male,35,667,97585.32,2,0,0,0.0359,0,Low Risk
15725028,Chialuka,France,Male,29,679,0.0,2,1,0,0.0062,0,Low Risk
15751167,Toscano,France,Female,43,680,0.0,2,1,0,0.0538,0,Low Risk
15633944,McKay,Spain,Male,32,644,136659.74,1,1,0,0.0592,0,Low Risk
15672637,Voronkov,France,Female,30,571,85755.86,1,0,0,0.1773,0,Low Risk
15680895,Sal,Spain,Female,35,627,0.0,1,0,0,0.37,1,Moderate Risk
15793825,Ikechukwu,France,Male,39,536,0.0,2,0,0,0.0274,0,Low Risk
15611318,Kruglova,Spain,Male,33,599,51690.89,1,0,1,0.3321,1,Moderate Risk
15768474,Clements,Spain,Male,34,744,0.0,2,0,0,0.0124,0,Low Risk
15716276,Kennedy,France,Female,34,709,111669.68,1,0,0,0.194,0,Low Risk
15623668,Johnson,Germany,Male,31,653,154741.45,2,0,0,0.0359,0,Low Risk
15696361,Chung,Germany,Male,31,648,125681.51,1,1,0,0.1305,0,Low Risk
15607988,Garland,Germany,Female,37,663,155303.71,1,0,0,0.503,1,High Risk
15637891,Docherty,Germany,Female,43,613,140681.68,1,1,0,0.5963,1,High Risk
15789865,Nnaife,France,Male,28,620,71902.52,1,1,0,0.0475,0,Low Risk
15627190,Lettiere,France,Male,51,661,146606.6,1,1,0,0.3203,1,Moderate Risk
15788224,Sanderson,Germany,Male,45,669,123949.75,1,0,0,0.883,1,Critical Risk
15702149,Fomin,Germany,Female,33,767,144753.21,1,1,0,0.1768,0,Low Risk
15708236,Wright,France,Female,72,491,91285.22,1,1,0,0.0281,0,Low Risk
15568469,Buckley,France,Male,43,653,0.0,2,0,0,0.0565,0,Low Risk
15764444,Pan,Germany,Male,58,679,125850.53,2,1,0,0.3183,1,Moderate Risk
15794204,Manna,France,Male,28,687,108116.66,1,1,0,0.0352,0,Low Risk
15807546,Chinwendu,France,Female,38,837,0.0,2,1,0,0.0159,0,Low Risk
15782159,Ndubuagha,France,Male,28,850,67639.56,2,1,0,0.0,0,Low Risk
15618703,White,Spain,Female,53,663,150200.23,1,1,1,0.5875,1,High Risk
15793317,Hale,Spain,Female,22,547,141287.15,1,0,0,0.1108,0,Low Risk
15740487,Ross,France,Female,41,627,0.0,3,1,1,0.9616,1,Critical Risk
15722479,Ikenna,France,Male,37,707,0.0,2,1,0,0.0062,0,Low Risk
15688264,Nkemdilim,France,Female,43,629,0.0,2,1,0,0.0577,0,Low Risk
15583067,McMillan,France,Female,36,687,97157.96,1,1,0,0.1034,0,Low Risk
15686670,Duke,France,Female,36,588,0.0,2,0,1,0.0459,0,Low Risk
15593345,Bradbury,Germany,Female,33,502,125241.17,2,1,0,0.0593,0,Low Risk
15811690,Bayley,Germany,Male,54,793,128966.13,1,0,1,0.9826,1,Critical Risk
15734008,Bartlett,Germany,Male,59,727,152581.06,1,0,1,0.9677,1,Critical Risk
15771856,Cremin,Spain,Female,32,632,0.0,2,0,0,0.0281,0,Low Risk
15762045,Gilchrist,Germany,Female,37,474,142688.57,2,1,0,0.0609,0,Low Risk
15778142,Shih,Germany,Female,31,850,130089.56,2,1,0,0.0039,0,Low Risk
15689268,Fitzpatrick,France,Male,36,584,0.0,1,1,0,0.0711,0,Low Risk
15721507,Pagan,France,Female,32,713,117094.02,1,0,1,0.0901,0,Low Risk
15750476,Hendrick,Spain,Male,24,742,0.0,2,0,0,0.0,0,Low Risk
15810723,Sanderson,France,Female,39,607,0.0,3,0,1,0.9739,1,Critical Risk
15787229,Samsonova,Spain,Female,34,761,0.0,2,0,0,0.0281,0,Low Risk
15570508,Azubuike,France,Male,49,600,90218.9,1,0,0,0.6216,1,High Risk
15617065,Pan,Spain,Male,42,650,194532.66,1,0,1,0.5517,1,High Risk
15689786,Massie,Germany,Male,56,850,169743.83,1,0,1,0.9074,1,Critical Risk
15648876,Sandover,France,Female,34,501,0.0,1,0,0,0.3195,1,Moderate Risk
15802106,Craig,France,Male,34,418,155973.88,1,0,0,0.0946,0,Low Risk
15773869,Onwudiwe,Spain,Male,59,797,129321.44,1,1,0,0.2484,0,Moderate Risk
15711635,Chu,Germany,Female,42,788,138650.49,2,0,0,0.2815,1,Moderate Risk
15795527,Zetticci,Spain,Male,43,699,136487.86,2,0,0,0.1579,0,Low Risk
15759133,Vaguine,France,Male,18,616,0.0,2,1,0,0.0062,0,Low Risk
15679394,Owen,France,Female,41,651,38617.2,1,1,0,0.3457,1,Moderate Risk
15801072,Hurst,France,Female,28,654,0.0,2,0,0,0.0316,0,Low Risk
15646082,Harding,France,Female,34,676,82909.14,1,0,1,0.1516,0,Low Risk
15796111,Smith,Germany,Female,54,708,145151.4,1,1,1,0.8735,1,Critical Risk
15670646,Moore,Spain,Female,42,499,147187.84,1,1,1,0.1654,0,Low Risk
15578722,Bradley,France,Male,39,689,0.0,2,0,0,0.0274,0,Low Risk
15815095,Burfitt,Spain,Male,54,850,108185.81,2,0,1,0.7239,1,Critical Risk
15730360,Mackenzie,France,Male,30,502,0.0,2,1,0,0.0062,0,Low Risk
15763194,Milanesi,France,Male,34,643,0.0,2,1,0,0.0101,0,Low Risk
15720725,Shubin,France,Male,28,762,0.0,2,0,0,0.0124,0,Low Risk
15567834,Nieves,France,Male,49,719,105918.1,1,1,0,0.3016,1,Moderate Risk
15720644,Martin,France,Male,27,789,0.0,2,0,0,0.0101,0,Low Risk
15811742,Jen,Spain,Male,42,553,0.0,2,0,0,0.0359,0,Low Risk
15813363,Woods,Spain,Male,25,448,0.0,2,0,0,0.0062,0,Low Risk
15717629,Docherty,Germany,Male,42,632,59972.26,2,1,0,0.0336,0,Low Risk
15713160,Lin,Spain,Male,25,669,157228.61,2,0,0,0.0426,0,Low Risk
15568878,Cheng,Spain,Male,34,654,0.0,2,0,0,0.0159,0,Low Risk
15809800,Korovina,France,Female,38,726,0.0,2,0,0,0.0359,0,Low Risk
15736420,Macdonald,France,Male,21,596,210433.08,2,1,1,0.1862,0,Low Risk
15757933,Hardy,Germany,Female,30,733,102452.71,1,0,0,0.3203,1,Moderate Risk
15623072,Shaw,Spain,Female,35,529,0.0,2,0,0,0.0343,0,Low Risk
15683993,Knight,France,Female,37,493,142987.46,2,0,0,0.1471,0,Low Risk
15570947,Bruny,Spain,Female,29,615,143330.56,2,1,0,0.0397,0,Low Risk
15797767,Ikedinachukwu,France,Female,49,600,0.0,1,1,1,0.856,1,Critical Risk
15731989,Moran,France,Male,36,666,120165.4,2,0,0,0.0572,0,Low Risk
15591035,Macleod,Spain,Male,54,644,0.0,1,1,0,0.6521,1,Critical Risk
15586479,Yin,France,Female,36,692,0.0,1,0,1,0.5268,1,High Risk
15605872,Felix,France,Male,73,707,66573.17,1,1,0,0.0159,0,Low Risk
15666012,Rippey,France,Male,40,603,102833.46,2,1,0,0.0385,0,Low Risk
15641733,Mishina,France,Female,34,671,164757.56,1,0,0,0.2122,0,Moderate Risk
15593178,Graham,Spain,Female,36,568,153610.61,1,1,1,0.0433,0,Low Risk
15649183,Johnston,Spain,Female,35,598,0.0,3,1,0,0.653,1,Critical Risk
15736399,Korovin,Spain,Male,42,606,0.0,2,0,0,0.0449,0,Low Risk
15751137,Lei,Germany,Female,36,850,169025.83,1,0,0,0.1735,0,Low Risk
15757188,Chimaijem,Spain,Female,26,644,153455.72,2,1,0,0.0413,0,Low Risk
15726167,Scott,France,Male,37,655,0.0,2,1,0,0.0124,0,Low Risk
15624850,Grant,France,Male,30,850,153972.89,2,0,0,0.0186,0,Low Risk
15717700,McIntyre,Spain,Male,34,683,114609.55,2,1,0,0.0159,0,Low Risk
15716347,Griffin,Germany,Male,37,663,143625.83,2,1,0,0.0565,0,Low Risk
15696287,Converse,Germany,Female,38,682,116520.28,1,1,1,0.5184,1,High Risk
15638871,Ch'ang,France,Male,77,639,80926.02,2,1,0,0.0062,0,Low Risk
15765093,Coates,France,Male,23,704,166594.78,1,1,0,0.0471,0,Low Risk
15592999,Reid,France,Female,40,691,115465.98,1,1,0,0.2119,0,Moderate Risk
15641715,Ts'ui,France,Male,34,599,0.0,2,1,0,0.0101,0,Low Risk
15607746,Belstead,France,Female,36,573,0.0,1,1,0,0.2035,0,Moderate Risk
15625311,Dickinson,Germany,Female,41,589,92618.62,1,1,0,0.37,1,Moderate Risk
15573077,Nwora,Germany,Female,25,620,141825.88,1,1,1,0.2807,1,Moderate Risk
15735106,Bishop,Spain,Male,28,647,149594.02,2,0,0,0.055,0,Low Risk
15672912,Loggia,Spain,Female,39,737,130051.66,2,0,1,0.1539,0,Low Risk
15589881,Rowe,France,Female,41,634,0.0,2,1,0,0.0426,0,Low Risk
15660144,Balashov,France,Male,38,660,0.0,2,0,0,0.0251,0,Low Risk
15664083,Ulyanova,Germany,Female,37,666,158468.76,1,1,0,0.2002,0,Moderate Risk
15690898,Bogolyubova,France,Male,44,696,161889.79,1,0,0,0.2594,0,Moderate Risk
15808023,Remington,France,Female,29,836,133681.78,1,1,0,0.115,0,Low Risk
15676909,Mishin,Spain,Female,34,667,0.0,2,0,0,0.0359,0,Low Risk
15764922,Tu,Spain,Male,20,596,187294.46,1,0,0,0.1837,0,Low Risk
15766734,Castiglione,France,Male,31,430,0.0,1,0,0,0.2186,0,Moderate Risk
15795079,Nnaife,Spain,Male,67,596,0.0,2,1,0,0.0159,0,Low Risk
15757434,Yang,France,Male,28,599,119706.22,1,0,0,0.0569,0,Low Risk
15673747,Ayers,France,Female,22,519,0.0,1,1,0,0.1273,0,Low Risk
15808386,Cocci,Germany,Female,45,721,138523.2,1,0,1,0.9544,1,Critical Risk
15603565,Mackenzie,Spain,Female,56,603,90778.76,2,0,1,0.86,1,Critical Risk
15744044,Fiorentini,Germany,Male,47,572,99353.42,1,0,1,0.9062,1,Critical Risk
15577771,Akabueze,Germany,Female,40,453,111524.49,1,1,1,0.6216,1,High Risk
15769548,Hyde,France,Female,37,668,128645.67,1,0,0,0.2473,0,Moderate Risk
15802071,Levi,Germany,Male,35,762,117458.51,1,1,1,0.2721,0,Moderate Risk
15677395,Nwabugwu,France,Female,39,633,129189.15,2,0,0,0.2328,0,Moderate Risk
15632010,Chia,Spain,Male,33,647,121260.19,2,0,0,0.0598,0,Low Risk
15779492,Trevisano,Spain,Male,56,796,94231.13,1,0,1,0.8735,1,Critical Risk
15694677,Bennetts,France,Male,39,733,0.0,2,1,0,0.0159,0,Low Risk
15704315,Teng,France,Male,34,556,163757.06,1,1,0,0.0311,0,Low Risk
15742009,Hsueh,Spain,Male,58,489,0.0,2,1,0,0.0485,0,Low Risk
15766663,Mahmood,France,Male,22,639,0.0,2,0,0,0.0101,0,Low Risk
15742297,Sinclair,France,Male,35,715,141005.47,1,1,0,0.0565,0,Low Risk
15688059,Chin,Germany,Female,42,807,105356.09,2,1,0,0.2101,0,Moderate Risk
15752344,She,Spain,Male,34,714,0.0,2,0,0,0.0062,0,Low Risk
15698749,He,Germany,Female,23,626,85897.95,1,0,0,0.1743,0,Low Risk
15631693,Hill,France,Male,36,697,0.0,2,1,0,0.0101,0,Low Risk
15604536,Vachon,Germany,Female,31,850,164672.66,1,1,0,0.0667,0,Low Risk
15802869,Ball,Germany,Female,45,737,99169.67,2,1,0,0.2454,0,Moderate Risk
15635598,Hsieh,France,Male,29,812,0.0,2,0,0,0.0101,0,Low Risk
15592326,Baker,France,Male,36,583,0.0,2,1,0,0.0101,0,Low Risk
15736533,Monaldo,Germany,Female,37,730,124053.03,1,0,0,0.6933,1,Critical Risk
15647191,Lucchesi,France,Male,36,677,0.0,2,0,0,0.0124,0,Low Risk
15622507,Hamilton,Germany,Female,40,748,103499.09,2,0,0,0.2285,0,Moderate Risk
15765487,Kuo,Germany,Female,38,753,151766.71,1,1,0,0.3273,1,Moderate Risk
15646521,Fan,Spain,Female,36,634,0.0,1,1,0,0.2077,0,Moderate Risk
15746258,Wright,France,Male,29,622,101486.96,1,1,0,0.0219,0,Low Risk
15692430,Milano,Germany,Male,36,699,123601.56,2,0,0,0.1287,0,Low Risk
15625501,Wall,Germany,Male,38,570,127201.58,1,0,1,0.6124,1,High Risk
15640521,Chidumaga,Germany,Male,33,552,144962.74,1,0,1,0.4275,1,High Risk
15790630,Olisaemeka,France,Female,48,619,0.0,1,0,1,0.9666,1,Critical Risk
15664720,Kovalyova,Spain,Male,33,714,122017.19,1,0,0,0.1288,0,Low Risk
15750055,Onio,Spain,Male,32,503,100262.88,2,1,0,0.0062,0,Low Risk
15644878,Hill,Spain,Female,43,685,117302.62,1,0,0,0.3704,1,Moderate Risk
15754578,Okeke,France,Female,35,606,135984.15,2,0,0,0.0862,0,Low Risk
15705379,Upjohn,France,Male,38,678,0.0,2,0,0,0.0254,0,Low Risk
15761047,H?,Germany,Male,31,724,160997.54,2,1,0,0.0124,0,Low Risk
15671293,Marcus,Germany,Female,37,779,128389.63,1,1,1,0.4989,1,High Risk
15687527,Yobachukwu,Spain,Male,35,638,0.0,2,0,0,0.0251,0,Low Risk
15647898,Russell,Spain,Female,50,610,130554.51,3,0,1,1.0,1,Critical Risk
15671534,Hovell,Germany,Female,57,646,90212.0,1,0,1,0.9874,1,Critical Risk
15591248,Chukwumaobim,France,Female,29,628,71996.29,1,1,0,0.0572,0,Low Risk
15676156,Boyle,France,Female,32,528,85615.66,2,0,0,0.0609,0,Low Risk
15812918,Scott,France,Female,27,432,62339.81,2,0,0,0.0241,0,Low Risk
15604130,Johnstone,Spain,Female,47,622,142319.03,1,0,0,0.6857,1,Critical Risk
15700549,Alvares,France,Male,54,721,0.0,2,1,0,0.0289,0,Low Risk
15715519,McDavid,Spain,Male,36,614,0.0,2,0,0,0.0254,0,Low Risk
15707042,Dellucci,France,Female,24,634,87413.19,1,0,0,0.0701,0,Low Risk
15605276,Brothers,France,Female,29,742,0.0,2,1,0,0.0271,0,Low Risk
15630592,Sanders,France,Female,45,516,0.0,1,0,1,0.9191,1,Critical Risk
15636626,Morrison,France,Male,35,718,97560.16,1,1,0,0.0426,0,Low Risk
15740411,Molle,Germany,Male,30,636,141787.31,2,1,0,0.0274,0,Low Risk
15593834,Genovese,Spain,Male,36,691,129934.64,1,0,1,0.1597,0,Low Risk
15804235,Zetticci,France,Female,37,698,166178.02,2,1,0,0.0593,0,Low Risk
15679801,Hsueh,Spain,Female,39,712,163097.55,2,1,0,0.0644,0,Low Risk
15673907,Alexander,France,Male,20,659,0.0,2,0,0,0.0101,0,Low Risk
15636562,Muravyova,Spain,Male,44,573,0.0,2,0,0,0.0476,0,Low Risk
15702571,Wright,Germany,Female,35,778,151958.19,3,1,1,0.9514,1,Critical Risk
15627365,Calabresi,France,Male,46,732,0.0,2,1,0,0.0365,0,Low Risk
15748499,Johnson,Germany,Male,33,550,118400.91,1,1,1,0.2798,1,Moderate Risk
15598614,Lucchesi,Spain,Male,20,790,0.0,2,0,0,0.0062,0,Low Risk
15668889,Galgano,Germany,Female,43,665,116322.27,4,0,1,1.0,1,Critical Risk
15800049,Grigoryeva,Spain,Female,43,728,0.0,1,1,0,0.338,1,Moderate Risk
15583724,Raymond,Spain,Female,29,645,0.0,2,1,0,0.0124,0,Low Risk
15622083,Paterson,Germany,Male,30,647,143138.91,2,0,0,0.0311,0,Low Risk
15645571,Genovese,Spain,Male,32,596,0.0,2,1,0,0.0062,0,Low Risk
15598266,Martin,France,Male,40,610,0.0,1,1,0,0.1659,0,Low Risk
15667934,Moretti,France,Male,36,512,129804.17,1,0,0,0.13,0,Low Risk
15569682,Leckie,Germany,Male,37,768,108308.11,1,0,1,0.6963,1,Critical Risk
15772941,Lane,Germany,Male,30,666,110153.27,1,1,0,0.1516,0,Low Risk
15586174,Brodney,Germany,Female,30,700,116377.48,1,1,0,0.3203,1,Moderate Risk
15803682,Angelo,Germany,Female,37,651,117791.06,2,1,0,0.1608,0,Low Risk
15627328,Millar,Spain,Female,26,542,0.0,2,1,0,0.0124,0,Low Risk
15717065,Balashov,France,Female,35,686,105419.73,1,0,0,0.2187,0,Moderate Risk
15602456,Afanasyev,Germany,Female,47,850,99219.47,2,1,0,0.1731,0,Low Risk
15721569,Chialuka,Germany,Female,55,658,119327.93,1,1,0,0.9343,1,Critical Risk
15573798,Yermolayev,France,Female,36,448,83947.12,2,0,0,0.0507,0,Low Risk
15638272,Tien,Spain,Male,32,609,99883.16,1,1,0,0.0433,0,Low Risk
15799859,Lucchesi,France,Male,50,704,165438.26,1,0,1,0.8834,1,Critical Risk
15599152,Lai,France,Male,31,698,156111.24,1,0,0,0.0426,0,Low Risk
15737909,Bates,France,Male,44,759,111095.58,2,0,0,0.0833,0,Low Risk
15646190,Saunders,France,Female,56,677,119963.45,1,0,1,0.958,1,Critical Risk
15711249,Chukwuemeka,Spain,Male,22,544,0.0,2,0,0,0.0124,0,Low Risk
15671987,Meagher,Spain,Male,35,567,153137.74,1,0,0,0.1268,0,Low Risk
15812766,Golubeva,Spain,Male,40,490,156111.08,1,0,0,0.1945,0,Low Risk
15778589,Collier,France,Male,34,626,113014.7,2,1,0,0.0179,0,Low Risk
15750104,Chan,Germany,Male,43,718,132615.73,2,0,0,0.2457,0,Moderate Risk
15784526,Chen,France,Male,44,616,102016.38,1,1,1,0.2599,0,Moderate Risk
15646563,Wright,France,Female,35,772,0.0,1,1,0,0.1934,0,Low Risk
15744423,Cocci,France,Male,32,561,0.0,2,0,0,0.0124,0,Low Risk
15593694,Williams,France,Male,49,814,0.0,2,0,0,0.1772,0,Low Risk
15785367,McGuffog,France,Female,56,651,0.0,1,0,1,0.9902,1,Critical Risk
15687765,Chukwujamuike,Germany,Female,42,538,80380.24,1,0,0,0.6429,1,High Risk
15789014,Scott,France,Female,26,600,108909.12,1,0,0,0.1327,0,Low Risk
15703177,Bell,France,Female,35,654,90865.8,1,1,0,0.0896,0,Low Risk
15660263,Olisaemeka,France,Male,40,622,99799.76,2,0,0,0.0545,0,Low Risk
15776545,Napolitani,France,Male,28,682,200724.96,1,1,1,0.2675,0,Moderate Risk
15683276,Sargood,Spain,Female,37,610,140363.95,2,1,0,0.0585,0,Low Risk
15599272,Harrington,France,Female,36,795,151844.64,1,1,0,0.0563,0,Low Risk
15589541,Sutherland,France,Female,27,557,0.0,2,1,0,0.0,0,Low Risk
15608804,Allan,Germany,Male,49,824,133231.48,1,1,0,0.6351,1,High Risk
15645820,Folliero,France,Male,27,698,0.0,2,0,0,0.0101,0,Low Risk
15659031,Mordvinova,France,Female,36,630,126598.99,2,1,0,0.0815,0,Low Risk
15790113,Schofield,Germany,Female,71,609,113317.1,1,0,1,0.943,1,Critical Risk
15652289,Williams,France,Male,47,694,0.0,2,0,0,0.0609,0,Low Risk
15605341,Baird,France,Female,58,681,93173.88,1,1,0,0.5468,1,High Risk
15697844,Whitehouse,Spain,Female,32,721,0.0,1,0,1,0.1301,0,Low Risk
15652048,Thompson,Germany,Male,44,563,105007.31,2,1,0,0.0475,0,Low Risk
15587038,Ogochukwu,Spain,Female,32,654,0.0,1,1,1,0.1584,0,Low Risk
15660528,Niu,Spain,Male,27,659,0.0,2,0,0,0.0124,0,Low Risk
15700300,Okoli,Germany,Female,44,674,131593.85,1,1,1,0.6421,1,High Risk
15642001,Lorenzen,Germany,Male,44,576,119530.52,1,0,1,0.8239,1,Critical Risk
15580366,Okechukwu,Germany,Male,54,566,118614.6,2,1,0,0.4278,1,High Risk
15657228,Anderson,Germany,Male,37,545,95829.13,2,1,0,0.0542,0,Low Risk
15729377,Ku,France,Male,36,798,0.0,2,1,0,0.0062,0,Low Risk
15686913,Kung,France,Male,38,757,0.0,1,0,0,0.2236,0,Moderate Risk
15631267,Lu,France,Male,50,641,153590.73,2,1,0,0.1516,0,Low Risk
15632275,Trevisano,France,Male,29,718,0.0,1,0,0,0.1623,0,Low Risk
15715907,Onwubiko,France,Male,64,699,113109.52,1,0,1,0.873,1,Critical Risk
15764841,Vidler,France,Female,35,623,130557.24,1,1,0,0.0896,0,Low Risk
15748649,Shen,France,Male,40,644,93183.19,1,0,0,0.1914,0,Low Risk
15771409,McGregor,France,Male,58,586,151933.63,1,0,1,0.9191,1,Critical Risk
15779207,Nnamdi,Germany,Male,30,500,125495.64,2,1,0,0.0316,0,Low Risk
15814116,Castiglione,France,Female,42,583,0.0,2,0,0,0.0891,0,Low Risk
15665087,Bergamaschi,Germany,Female,26,595,118547.72,1,1,0,0.3057,1,Moderate Risk
15611189,Allingham,Spain,Male,43,670,97792.21,1,0,0,0.2787,1,Moderate Risk
15729718,Stelzer,France,Male,41,610,0.0,3,0,1,0.7252,1,Critical Risk
15733602,Rubin,Spain,Female,72,814,0.0,2,1,0,0.0159,0,Low Risk
15620103,Ho,France,Female,40,660,167181.01,1,1,0,0.1768,0,Low Risk
15770406,Watson,Germany,Male,35,580,121355.19,1,1,0,0.339,1,Moderate Risk
15800554,Perry,France,Female,81,850,0.0,2,1,0,0.0,0,Low Risk
15611409,Sun,Spain,Male,35,676,0.0,2,0,0,0.0124,0,Low Risk
15646535,Harrell,France,Male,46,578,113226.47,1,0,0,0.6216,1,High Risk
15575430,Robson,France,Female,33,579,118392.75,1,1,0,0.0724,0,Low Risk
15711299,Wilson,Germany,Female,52,711,145262.54,1,1,0,0.856,1,Critical Risk
15642063,Kelechi,France,Male,40,692,163505.16,1,0,0,0.2484,0,Moderate Risk
15706602,Bates,Spain,Female,33,760,118114.28,2,1,0,0.0343,0,Low Risk
15592773,Eberegbulam,Germany,Female,51,630,108449.23,3,0,1,1.0,1,Critical Risk
15786539,Olisaemeka,France,Male,32,808,0.0,2,1,0,0.0,0,Low Risk
15737542,Davey,Germany,Female,36,611,103294.56,1,0,0,0.4036,1,High Risk
15590234,De Luca,France,Female,42,697,0.0,1,0,1,0.5965,1,High Risk
15773776,Ho,France,Female,38,655,0.0,1,1,0,0.3227,1,Moderate Risk
15728082,Vasiliev,Spain,Male,28,601,0.0,2,0,0,0.0124,0,Low Risk
15609987,Smith,France,Male,42,755,119919.12,1,0,0,0.268,0,Moderate Risk
15735330,Sung,France,Male,37,553,0.0,1,0,0,0.2671,0,Moderate Risk
15649430,White,France,Male,28,723,0.0,2,1,0,0.0062,0,Low Risk
15768777,Wang,Spain,Female,34,507,0.0,2,1,0,0.0124,0,Low Risk
15777893,Davide,France,Male,43,777,0.0,2,0,0,0.0426,0,Low Risk
15791326,Nnamdi,France,Male,34,566,0.0,1,0,0,0.256,0,Moderate Risk
15615176,Welsh,France,Male,26,732,0.0,2,0,0,0.0124,0,Low Risk
15735221,Sousa,France,Female,42,697,0.0,2,0,0,0.191,0,Low Risk
15617991,Andrews,France,Male,29,555,128744.04,1,1,0,0.0531,0,Low Risk
15658504,Chiawuotu,Germany,Female,62,584,137727.34,2,1,0,0.3459,1,Moderate Risk
15785705,Thomson,Germany,Female,44,705,106731.58,1,0,1,0.783,1,Critical Risk
15801817,Carpenter,France,Female,38,688,123544.21,1,1,0,0.1803,0,Low Risk
15752578,Yefimova,France,Female,37,626,133968.96,2,0,0,0.1539,0,Low Risk
15781574,Ma,Spain,Male,76,636,126534.6,1,1,0,0.0062,0,Low Risk
15792107,Black,Spain,Female,35,719,0.0,1,1,0,0.1108,0,Low Risk
15569917,Obijiaku,Spain,Male,30,706,87609.68,2,0,1,0.0365,0,Low Risk
15721504,King,Spain,Male,41,731,0.0,2,0,0,0.0365,0,Low Risk
15757306,Miller,Spain,Male,49,738,0.0,3,1,1,0.86,1,Critical Risk
15647295,Chin,France,Male,34,426,0.0,2,0,0,0.0221,0,Low Risk
15642098,Cox,Spain,Female,36,622,108960.0,2,0,1,0.1839,0,Low Risk
15696120,Wallace,Spain,Female,30,701,0.0,2,0,0,0.0305,0,Low Risk
15675176,Price,France,Male,51,512,144953.31,1,1,0,0.2877,1,Moderate Risk
15700046,Yuan,France,Male,41,635,103544.88,2,0,0,0.0592,0,Low Risk
15782089,Mullen,France,Male,33,685,0.0,1,0,0,0.2982,1,Moderate Risk
15706394,Howell,France,Male,53,609,0.0,2,1,0,0.1162,0,Low Risk
15759387,McIntosh,Germany,Male,38,598,101487.18,1,1,1,0.2058,0,Moderate Risk
15623369,Clifton,France,Male,52,708,105355.81,1,0,1,0.6417,1,High Risk
15732943,Okwuoma,Spain,Male,36,574,77967.5,1,0,1,0.2224,0,Moderate Risk
15750545,Chidiebere,France,Male,44,629,0.0,4,0,1,0.9331,1,Critical Risk
15809909,Fan,Spain,Female,54,422,0.0,2,1,0,0.0679,0,Low Risk
15642448,Onyemauchechukwu,Spain,Male,28,656,120047.77,1,1,0,0.0426,0,Low Risk
15791944,Harker,France,Male,32,697,175464.85,3,0,1,0.9677,1,Critical Risk
15768342,Bolton,France,Male,52,718,79475.3,3,1,1,0.9764,1,Critical Risk
15567919,Lazarev,Germany,Male,37,586,167735.69,2,1,0,0.0281,0,Low Risk
15674750,Alexeyeva,Spain,Female,37,481,0.0,2,0,0,0.0274,0,Low Risk
15778345,Stevens,France,Female,33,749,74385.98,1,0,0,0.0989,0,Low Risk
15687634,Glover,Germany,Male,49,561,94754.0,1,1,0,0.6211,1,High Risk
15666096,Ibekwe,Spain,Male,27,676,0.0,1,1,0,0.0856,0,Low Risk
15581700,Paterson,Germany,Male,43,615,86920.86,1,1,0,0.2888,1,Moderate Risk
15656417,Marsh,France,Female,39,582,132077.48,2,0,0,0.1772,0,Low Risk
15649101,Reeves,France,Male,40,601,127847.86,1,0,0,0.1465,0,Low Risk
15781975,Rees,France,Male,34,708,0.0,1,1,1,0.1085,0,Low Risk
15700511,Hanson,Germany,Male,42,708,176702.36,2,1,0,0.0426,0,Low Risk
15770255,Onwughara,Germany,Female,33,797,83555.58,1,0,0,0.1374,0,Low Risk
15643574,Odinakachukwu,France,Male,26,682,0.0,2,0,0,0.0101,0,Low Risk
15595010,Huang,Spain,Female,39,694,0.0,2,0,0,0.0542,0,Low Risk
15580579,Trevisani,France,Female,40,490,0.0,1,1,1,0.339,1,Moderate Risk
15748532,Dale,Spain,Male,42,828,0.0,1,1,0,0.0705,0,Low Risk
15773789,Pavlova,Spain,Female,38,594,96858.35,1,0,0,0.1712,0,Low Risk
15600027,Meng,Spain,Male,33,579,0.0,2,1,0,0.0062,0,Low Risk
15620832,Dean,France,Female,35,723,0.0,2,1,0,0.0274,0,Low Risk
15568819,Chiganu,Germany,Female,42,619,132796.04,3,1,1,0.9826,1,Critical Risk
15748691,Lung,Spain,Female,30,794,154970.54,1,1,0,0.0452,0,Low Risk
15583552,Donaldson,Germany,Male,44,674,88902.21,1,0,0,0.4997,1,High Risk
15588019,Li Fonti,France,Male,28,418,98738.92,1,0,0,0.0462,0,Low Risk
15713250,Izmailova,France,Male,33,502,0.0,2,1,0,0.0062,0,Low Risk
15569595,Walker,France,Female,50,678,0.0,1,0,0,0.9677,1,Critical Risk
15794868,Nnonso,Germany,Male,40,599,137456.28,2,1,0,0.0896,0,Low Risk
15576680,Stevenson,France,Male,29,736,0.0,2,0,0,0.0101,0,Low Risk
15613699,Schnaars,France,Female,60,430,73937.02,1,0,1,0.9736,1,Critical Risk
15609758,Geoghegan,France,Female,45,537,158621.04,1,0,1,0.6819,1,Critical Risk
15762392,Ilyina,Spain,Male,30,683,113257.2,1,1,0,0.0419,0,Low Risk
15693382,Muir,France,Male,31,828,0.0,1,1,0,0.0609,0,Low Risk
15791769,Gardener,France,Female,29,691,116536.43,1,0,0,0.1584,0,Low Risk
15712483,Chidi,Spain,Female,28,608,0.0,2,0,1,0.0289,0,Low Risk
15636454,Fu,France,Female,60,691,101070.69,1,0,1,0.9725,1,Critical Risk
15710138,Sun,Spain,Male,39,718,0.0,2,1,0,0.0124,0,Low Risk
15571571,Ting,Germany,Female,31,680,127331.46,3,1,0,0.8173,1,Critical Risk
15638751,Ashton,Spain,Female,41,838,0.0,2,0,0,0.0419,0,Low Risk
15598574,Uwakwe,Spain,Female,31,695,0.0,2,1,0,0.0124,0,Low Risk
15796787,Vassiliev,France,Male,46,681,105969.42,1,0,0,0.6224,1,High Risk
15615670,Kazakova,France,Male,36,762,119547.46,1,1,0,0.0609,0,Low Risk
15705506,Perry,Spain,Male,38,751,0.0,2,0,0,0.0274,0,Low Risk
15599535,Howell,Spain,Male,28,678,138668.18,1,1,0,0.055,0,Low Risk
15768449,Ricci,France,Female,37,634,51582.5,2,1,0,0.0569,0,Low Risk
15725002,Smith,France,Male,37,749,0.0,2,0,0,0.0254,0,Low Risk
15611682,Rossi,Spain,Male,37,590,169902.92,1,1,0,0.0592,0,Low Risk
15749964,Jones,France,Female,27,610,87262.4,2,0,0,0.0569,0,Low Risk
15678779,Quezada,France,Male,33,502,0.0,2,1,0,0.0,0,Low Risk
15752601,McCulloch,France,Female,40,578,0.0,2,0,0,0.0592,0,Low Risk
15758477,Tobeolisa,France,Female,32,547,0.0,2,0,0,0.0289,0,Low Risk
15629133,Black,France,Female,27,579,0.0,2,0,0,0.0221,0,Low Risk
15604963,Fraser,France,Male,39,661,0.0,2,0,0,0.0274,0,Low Risk
15796413,Green,France,Male,46,794,0.0,2,0,0,0.0592,0,Low Risk
15812470,Allan,France,Male,61,719,0.0,2,1,0,0.074,0,Low Risk
15587443,Akudinobi,France,Female,69,728,0.0,2,1,0,0.0319,0,Low Risk
15689692,Walker,Germany,Male,19,598,150348.37,1,1,0,0.0661,0,Low Risk
15779586,Olisaemeka,Germany,Female,46,822,115074.02,2,0,0,0.6688,1,Critical Risk
15667588,Arcuri,Spain,Female,40,670,0.0,1,1,0,0.2885,1,Moderate Risk
15624423,Liu,France,Male,28,850,99986.98,1,0,0,0.0552,0,Low Risk
15591107,Flemming,Germany,Female,68,723,110357.0,1,0,1,0.9841,1,Critical Risk
15748986,Bischof,Germany,Male,42,705,166685.92,2,1,0,0.0452,0,Low Risk
15793896,John,Spain,Male,40,677,95312.8,1,1,0,0.0452,0,Low Risk
15620570,Sinnett,France,Male,43,736,202443.47,1,0,0,0.7671,1,Critical Risk
15727811,Ts'ui,Germany,Female,47,661,109493.62,1,0,1,0.9677,1,Critical Risk
15707681,Pokrovsky,Germany,Male,38,501,88977.39,2,1,0,0.0542,0,Low Risk
15702030,Azarov,France,Female,29,516,104982.57,1,0,0,0.1471,0,Low Risk
15673238,McCarthy,Germany,Female,59,517,154110.99,2,0,1,0.7132,1,Critical Risk
15604196,Simpson,France,Male,32,766,185714.28,1,1,0,0.0659,0,Low Risk
15769356,Stevenson,Germany,Female,23,520,116022.53,2,1,0,0.0563,0,Low Risk
15665590,Moore,France,Male,46,541,0.0,2,1,0,0.0359,0,Low Risk
15572361,Chill,Germany,Female,34,790,164011.48,1,0,0,0.1128,0,Low Risk
15667460,Moore,France,Male,31,797,0.0,2,1,0,0.0062,0,Low Risk
15654760,Su,France,Male,40,811,101514.89,1,1,0,0.0462,0,Low Risk
15632669,Rees,Spain,Female,32,722,0.0,2,1,0,0.0124,0,Low Risk
15613673,Lung,France,Male,28,675,0.0,1,0,0,0.1012,0,Low Risk
15698522,Thomas,Germany,Male,39,660,134599.33,2,0,0,0.2402,0,Moderate Risk
15741633,Fuller,Spain,Male,32,566,147511.26,1,1,0,0.0097,0,Low Risk
15674583,Trevisani,France,Male,25,768,78396.08,1,1,0,0.0124,0,Low Risk
15665374,Dumolo,Spain,Female,31,610,0.0,2,0,0,0.0274,0,Low Risk
15588854,Wu,France,Female,31,715,110581.29,1,1,0,0.0609,0,Low Risk
15810716,Kerr,Germany,Male,42,750,151836.36,2,0,0,0.1739,0,Low Risk
15776921,Geoghegan,Germany,Male,45,431,83624.55,2,0,0,0.1584,0,Low Risk
15569394,Bailey,France,Male,24,704,148197.15,2,0,0,0.0297,0,Low Risk
15788215,Hsia,Spain,Female,30,535,122924.75,1,0,1,0.2469,0,Moderate Risk
15641007,Holden,France,Female,38,614,72594.0,1,1,0,0.1305,0,Low Risk
15594651,Milani,France,Male,38,748,115221.36,1,1,0,0.0597,0,Low Risk
15575146,Jamieson,Germany,Male,51,492,117808.74,2,1,0,0.3212,1,Moderate Risk
15608916,Ndubueze,France,Male,40,573,147754.68,1,1,0,0.0684,0,Low Risk
15666297,Abramova,Spain,Female,53,706,0.0,3,0,1,0.9978,1,Critical Risk
15598586,Wetherspoon,France,Male,31,680,113292.17,1,1,0,0.0144,0,Low Risk
15665014,Middleton,Spain,Male,36,458,0.0,2,0,0,0.0124,0,Low Risk
15701738,Arcuri,Germany,Male,44,612,115163.38,1,1,1,0.3876,1,Moderate Risk
15650591,Calabrese,Germany,Male,50,809,118098.62,1,1,1,0.5498,1,High Risk
15652667,Hampton,France,Male,39,590,0.0,2,1,0,0.0159,0,Low Risk
15679622,Clayton,France,Male,35,602,0.0,1,1,0,0.1018,0,Low Risk
15730150,Otutodilichukwu,Spain,Male,37,540,120825.7,1,0,0,0.3195,1,Moderate Risk
15813192,Chukwuemeka,France,Male,25,494,0.0,2,1,0,0.0062,0,Low Risk
15606554,Douglas,France,Male,29,797,0.0,1,1,0,0.0576,0,Low Risk
15611794,Galloway,Germany,Male,61,526,133845.28,2,1,0,0.2006,0,Moderate Risk
15672357,Sochima,Spain,Male,38,631,0.0,2,0,0,0.0274,0,Low Risk
15711759,Wilkins,France,Female,29,576,108541.04,1,1,0,0.0856,0,Low Risk
15615296,Rice,France,Male,39,405,0.0,1,0,1,0.6654,1,Critical Risk
15699294,Pope,France,Male,30,555,0.0,2,0,0,0.0062,0,Low Risk
15788634,Romani,Spain,Female,37,750,113817.06,1,0,0,0.1719,0,Low Risk
15660871,Ch'ang,France,Male,28,665,137300.23,1,0,0,0.074,0,Low Risk
15618258,Chizuoke,Spain,Male,37,640,158024.38,1,0,0,0.2092,0,Moderate Risk
15722535,Ireland,France,Female,33,457,127837.54,1,1,0,0.0588,0,Low Risk
15711977,Finch,France,Male,36,695,161533.0,1,0,0,0.1368,0,Low Risk
15690169,Meng,France,Male,31,645,161171.7,2,0,1,0.0372,0,Low Risk
15790689,Hibbins,Spain,Male,32,647,80958.36,1,1,0,0.0219,0,Low Risk
15665181,Chung,Spain,Male,25,808,0.0,2,1,0,0.0,0,Low Risk
15633608,Black,France,Male,33,641,146193.6,2,1,1,0.0274,0,Low Risk
15805261,Balashov,Spain,Male,29,700,0.0,2,1,0,0.0,0,Low Risk
15740356,Palmer,Germany,Male,26,660,115021.76,1,1,0,0.1868,0,Low Risk
15808223,Lea,Spain,Male,41,615,126773.43,1,1,0,0.0815,0,Low Risk
15769980,Singleton,Germany,Female,40,705,92889.91,1,1,0,0.4931,1,High Risk
15675450,Burt,France,Male,48,718,0.0,2,1,0,0.0442,0,Low Risk
15776494,Siciliano,France,Male,61,754,146622.35,1,1,1,0.3007,1,Moderate Risk
15592412,Sun,Germany,Male,45,713,131038.14,1,0,1,0.9293,1,Critical Risk
15777452,Sauve,France,Female,46,587,88820.29,1,0,0,0.6531,1,Critical Risk
15692258,Thompson,Spain,Male,31,569,115406.97,1,0,0,0.0861,0,Low Risk
15791045,Boni,France,Female,38,568,132951.92,1,1,0,0.132,0,Low Risk
15807889,Wood,Germany,Male,74,634,108891.7,1,0,0,0.6489,1,High Risk
15602043,Buccho,Germany,Female,46,770,141788.63,2,0,0,0.5963,1,High Risk
15807335,Spencer,Spain,Female,64,676,116954.32,1,1,0,0.1863,0,Low Risk
15629985,Eidson,Germany,Female,47,723,90450.0,2,0,1,0.5905,1,High Risk
15679453,Hung,Germany,Female,39,614,125997.22,1,1,1,0.5828,1,High Risk
15637315,Melvin,Spain,Female,41,601,0.0,2,0,0,0.0598,0,Low Risk
15691513,Dawkins,France,Male,60,592,0.0,4,1,1,0.9353,1,Critical Risk
15622289,Rizzo,Spain,Female,36,605,0.0,2,1,0,0.0159,0,Low Risk
15715184,Capon,Spain,Female,31,752,144637.86,2,0,0,0.1246,0,Low Risk
15702801,Ts'ao,France,Female,29,677,86616.35,1,0,1,0.0815,0,Low Risk
15719931,Johnstone,France,Male,31,850,0.0,2,0,0,0.0101,0,Low Risk
15806081,Fleming,Germany,Female,48,608,127924.25,2,0,0,0.781,1,Critical Risk
15796336,Chang,Spain,Female,34,786,0.0,2,0,0,0.0281,0,Low Risk
15647306,Gibbs,France,Female,29,777,131240.61,1,1,1,0.1378,0,Low Risk
15742369,Rita,Spain,Male,31,667,0.0,2,1,0,0.0062,0,Low Risk
15655859,Munro,Spain,Male,35,848,120046.74,2,0,0,0.0426,0,Low Risk
15675650,Duncan,France,Female,39,486,97819.36,1,1,0,0.1636,0,Low Risk
15574119,Okwuadigbo,Spain,Female,64,598,62979.93,1,1,0,0.2651,0,Moderate Risk
15754168,McIntosh,France,Female,40,506,0.0,1,1,0,0.3565,1,Moderate Risk
15763029,Ch'iu,Germany,Male,46,612,161450.03,1,1,1,0.5104,1,High Risk
15765048,Watt,France,Male,30,545,0.0,2,0,0,0.0124,0,Low Risk
15786215,Udinese,France,Male,56,793,119496.25,2,0,0,0.686,1,Critical Risk
15707559,Clark,France,Female,30,682,0.0,2,1,0,0.0221,0,Low Risk
15582129,Hsia,France,Male,62,517,43772.66,3,0,1,1.0,1,Critical Risk
15687540,Obiuto,France,Male,32,684,100249.41,2,1,0,0.0101,0,Low Risk
15787196,T'ien,Spain,Male,46,692,0.0,2,1,0,0.0179,0,Low Risk
15670898,McKenzie,France,Female,60,740,108028.08,2,0,1,0.855,1,Critical Risk
15775433,Tang,Germany,Male,71,666,53013.29,2,1,0,0.0359,0,Low Risk
15700693,Tu,France,Male,68,693,0.0,2,1,0,0.0124,0,Low Risk
15677955,Tsui,Germany,Male,33,757,122088.67,1,0,0,0.4165,1,High Risk
15570086,Lynch,Germany,Male,18,684,90544.0,1,1,0,0.0432,0,Low Risk
15794875,Hung,Spain,Male,35,691,0.0,2,1,0,0.0101,0,Low Risk
15673591,Oluchukwu,France,Male,44,842,141252.18,4,1,1,0.9764,1,Critical Risk
15631756,Tuan,France,Female,35,482,147813.05,2,0,0,0.0446,0,Low Risk
15757617,Lewis,France,Male,55,735,134140.68,1,0,0,0.6133,1,High Risk
15612729,Chidiebere,France,Female,63,681,0.0,2,1,0,0.0569,0,Low Risk
15637857,Woolacott,France,Female,31,616,0.0,1,1,0,0.1584,0,Low Risk
15681007,Yen,France,Female,35,850,128548.49,4,0,1,0.9609,1,Critical Risk
15593622,Service,France,Male,43,635,122198.21,2,1,0,0.0661,0,Low Risk
15629273,Lin,Germany,Male,42,638,145177.84,1,0,1,0.6412,1,High Risk
15765846,Chuang,Spain,Female,31,820,94222.53,1,0,0,0.0855,0,Low Risk
15596013,Akhtar,Germany,Female,58,694,143212.22,1,0,1,0.9946,1,Critical Risk
15722473,Faulkner,France,Male,41,713,0.0,2,0,0,0.0336,0,Low Risk
15774936,Liang,Germany,Male,41,543,143350.41,1,1,1,0.3956,1,Moderate Risk
15685640,Dancy,France,Female,41,649,130931.83,1,1,0,0.2642,0,Moderate Risk
15566563,Duigan,France,Female,30,777,137851.31,1,0,1,0.1602,0,Low Risk
15768746,McLean,France,Male,33,561,0.0,2,0,0,0.0124,0,Low Risk
15689952,Zuyeva,Spain,Male,41,724,0.0,1,1,0,0.2513,0,Moderate Risk
15725906,Hankinson,Spain,Female,51,665,0.0,1,1,1,0.5465,1,High Risk
15634501,Wei,France,Male,60,441,140614.15,1,1,0,0.3827,1,Moderate Risk
15571940,Afamefula,Spain,Male,22,579,118680.57,1,1,0,0.0426,0,Low Risk
15741643,Chiang,Germany,Male,35,777,122917.69,1,1,0,0.2395,0,Moderate Risk
15806822,Myers,France,Female,36,739,0.0,2,0,0,0.0289,0,Low Risk
15701166,Chinedum,France,Male,40,660,131754.11,2,1,0,0.0452,0,Low Risk
15718531,Ukaegbunam,France,Female,35,554,0.0,2,1,0,0.0343,0,Low Risk
15628308,Akubundu,France,Female,24,850,0.0,2,1,0,0.0062,0,Low Risk
15585287,Sal,Germany,Female,35,842,119948.09,1,0,1,0.7809,1,Critical Risk
15781619,Stevenson,France,Female,38,785,0.0,1,0,1,0.4775,1,High Risk
15805162,Sutherland,France,Male,25,550,0.0,2,1,0,0.0124,0,Low Risk
15588535,Ts'ao,Spain,Female,39,750,0.0,2,0,0,0.0482,0,Low Risk
15775307,Sung,Spain,Female,38,490,97266.1,1,1,0,0.0609,0,Low Risk
15777616,Pisani,Germany,Male,28,605,113690.83,1,0,0,0.3195,1,Moderate Risk
15692291,Hs?eh,Spain,Female,42,563,99056.22,2,0,1,0.2425,0,Moderate Risk
15680843,Sherrod,France,Male,34,675,0.0,2,1,0,0.0101,0,Low Risk
15606232,Holloway,Spain,Female,36,621,116338.68,1,1,0,0.1205,0,Low Risk
15641585,Newton,France,Male,40,850,97339.99,1,1,0,0.0576,0,Low Risk
15684358,Kang,France,Male,41,711,0.0,2,1,0,0.0124,0,Low Risk
15806389,Walton,Germany,Female,55,549,137592.31,2,1,1,0.6333,1,High Risk
15641860,Bradley,Germany,Male,34,764,108760.27,2,0,1,0.1516,0,Low Risk
15814237,Watkins,Germany,Male,30,627,128770.88,2,1,0,0.0343,0,Low Risk
15808780,Tien,France,Female,34,850,0.0,2,0,0,0.0124,0,Low Risk
15767064,Davide,Spain,Female,36,614,44054.84,1,1,0,0.1553,0,Low Risk
15751177,Milne,Germany,Female,44,685,119657.53,1,0,1,0.8239,1,Critical Risk
15613427,Barling,Germany,Female,49,683,108797.63,2,0,0,0.7756,1,Critical Risk
15647259,Barnett,Spain,Male,35,643,0.0,2,0,0,0.0124,0,Low Risk
15748660,Ellis,Germany,Female,49,561,102025.32,1,0,1,0.9902,1,Critical Risk
15726695,Hsia,Spain,Female,20,601,122446.61,2,0,0,0.0679,0,Low Risk
15757473,Chukwujamuike,France,Female,27,766,158786.67,2,1,0,0.0281,0,Low Risk
15809509,Venables,France,Male,29,699,125689.29,1,1,0,0.0426,0,Low Risk
15715512,Hsia,Germany,Male,29,850,154640.41,1,1,0,0.0159,0,Low Risk
15614168,Alexander,Germany,Female,50,792,146710.76,1,0,1,0.9753,1,Critical Risk
15679818,Yuan,Germany,Male,67,636,136709.35,1,1,1,0.4071,1,High Risk
15609928,Johnston,Germany,Male,43,850,129305.09,2,1,0,0.0667,0,Low Risk
15731246,Hobler,Spain,Male,40,628,0.0,2,0,0,0.0419,0,Low Risk
15685243,Jamieson,France,Female,63,736,0.0,2,1,0,0.1537,0,Low Risk
15638730,Macleod,France,Female,21,711,82844.33,2,1,0,0.0245,0,Low Risk
15697034,Norris,Spain,Female,22,583,0.0,2,1,0,0.0062,0,Low Risk
15699225,Pirozzi,France,Male,46,757,0.0,2,0,0,0.1121,0,Low Risk
15677387,Folliero,Germany,Female,33,749,76692.22,1,1,0,0.093,0,Low Risk
15759184,Russell,France,Male,34,705,117715.84,1,0,0,0.042,0,Low Risk
15595991,Hsiung,France,Male,54,585,87105.32,1,1,0,0.3133,1,Moderate Risk
15681332,Tate,France,Female,43,437,0.0,1,0,1,0.7472,1,Critical Risk
15756299,Davis,France,Female,64,741,69311.16,1,1,0,0.2364,0,Moderate Risk
15750547,Bair,France,Male,26,738,0.0,2,1,0,0.0062,0,Low Risk
15566380,Drury,Spain,Female,33,586,66948.67,2,1,0,0.0159,0,Low Risk
15675963,Padovano,France,Female,57,627,0.0,2,1,0,0.1734,0,Low Risk
15674671,Conway,Spain,Male,76,551,128410.71,2,1,0,0.0124,0,Low Risk
15621466,Waters,Germany,Male,38,606,99897.53,1,0,0,0.3886,1,Moderate Risk
15607176,Kang,France,Male,22,674,0.0,1,1,0,0.0781,0,Low Risk
15570299,Martin,Germany,Female,31,584,152622.34,1,0,0,0.2671,0,Moderate Risk
15613197,Ugochukwutubelum,France,Male,40,590,0.0,2,0,0,0.0477,0,Low Risk
15798885,Burns,France,Male,56,585,138227.19,2,1,0,0.1934,0,Low Risk
15714883,Genovese,France,Female,25,508,111395.53,1,1,0,0.0426,0,Low Risk
15604497,Beale,Germany,Male,44,458,84386.57,1,0,0,0.4504,1,High Risk
15773949,Cherkasova,France,Female,36,692,0.0,2,1,0,0.0167,0,Low Risk
15774164,Coles,Germany,Male,33,502,174673.65,2,0,0,0.0269,0,Low Risk
15774127,Potter,France,Male,46,518,0.0,2,0,0,0.1225,0,Low Risk
15619016,McMinn,Germany,Male,46,660,109019.65,2,1,0,0.2336,0,Moderate Risk
15795759,Bergamaschi,Germany,Female,52,698,107906.75,1,0,1,1.0,1,Critical Risk
15798844,Chijindum,France,Male,54,678,128914.97,1,0,1,0.9016,1,Critical Risk
15717962,Ch'iu,Spain,Male,63,773,111179.83,1,1,0,0.1103,0,Low Risk
15691504,Yusupova,Germany,Female,52,619,124099.13,1,0,0,0.9798,1,Critical Risk
15693893,Davis,Germany,Male,59,684,122471.09,1,1,0,0.7777,1,Critical Risk
15672499,Iadanza,France,Male,34,635,134692.4,2,1,0,0.0159,0,Low Risk
15750410,Jordan,France,Female,25,680,123816.5,1,1,0,0.0609,0,Low Risk
15568904,Kruglova,Germany,Male,34,608,106288.54,1,1,0,0.2475,0,Moderate Risk
15649033,Echezonachukwu,Germany,Female,55,603,127723.25,2,0,1,0.9476,1,Critical Risk
15780989,Hajek,Spain,Male,43,579,145843.82,1,1,1,0.0541,0,Low Risk
15771059,Welch,Germany,Female,34,756,148200.72,1,0,0,0.2002,0,Moderate Risk
15687852,Vinogradoff,France,Male,30,611,104145.65,1,0,0,0.0576,0,Low Risk
15695280,Hung,Germany,Male,24,532,142755.25,1,0,0,0.3235,1,Moderate Risk
15592751,Okwudiliolisa,Germany,Female,63,684,81245.79,1,0,1,0.9725,1,Critical Risk
15598338,Mays,Germany,Female,33,647,168560.46,2,0,0,0.0569,0,Low Risk
15735784,Gardner,France,Male,38,583,0.0,1,0,0,0.3195,1,Moderate Risk
15629128,Mamelu,Germany,Male,42,774,132193.94,2,1,0,0.0609,0,Low Risk
15642870,Ross,France,Male,58,677,0.0,1,1,0,0.6259,1,High Risk
15637977,Barese,Germany,Male,25,542,139330.1,1,0,0,0.3494,1,Moderate Risk
15600792,Swayne,Spain,Male,29,613,0.0,2,1,0,0.0124,0,Low Risk
15576131,Phillips,France,Male,40,666,0.0,2,0,0,0.0336,0,Low Risk
15686588,Manfrin,France,Female,28,777,134571.5,1,1,0,0.0592,0,Low Risk
15761018,Tan,Germany,Male,50,581,143829.2,2,0,1,0.6497,1,High Risk
15616029,Adams,France,Male,32,705,0.0,2,0,0,0.0,0,Low Risk
15761149,Teng,France,Female,44,673,133444.97,1,1,0,0.2103,0,Moderate Risk
15802758,Chinwendu,Germany,Female,23,594,104753.84,2,0,1,0.0839,0,Low Risk
15647838,Davison,Germany,Female,51,648,116574.84,1,0,1,0.9705,1,Critical Risk
15735968,Hsing,France,Male,41,605,0.0,2,1,0,0.0536,0,Low Risk
15581286,Castro,France,Female,40,734,176914.8,1,1,0,0.2588,0,Moderate Risk
15625445,Parkin,France,Female,36,572,68348.18,2,1,0,0.0558,0,Low Risk
15600173,Manna,France,Female,33,595,0.0,2,1,0,0.0254,0,Low Risk
15635143,Fennescey,France,Male,42,749,56726.83,2,1,0,0.0426,0,Low Risk
15664849,Colon,Spain,Male,46,573,65269.23,1,1,1,0.4567,1,High Risk
15762455,Yeh,Spain,Male,33,624,66220.17,1,1,0,0.1121,0,Low Risk
15797165,Bergamaschi,France,Male,56,703,0.0,1,0,1,0.9616,1,Critical Risk
15788189,Matveyeva,France,Female,41,665,96147.55,1,0,0,0.4829,1,High Risk
15780492,Ignatyeva,France,Male,42,648,0.0,2,0,0,0.0365,0,Low Risk
15678497,Lederer,Spain,Male,48,850,0.0,1,0,1,0.8592,1,Critical Risk
15588560,Nwabugwu,Germany,Female,32,569,145330.43,1,1,0,0.2083,0,Moderate Risk
15606003,Abramowitz,France,Female,21,566,0.0,2,1,0,0.0,0,Low Risk
15611756,Chapman,Germany,Female,47,537,124192.28,2,1,0,0.378,1,Moderate Risk
15789563,Fiorentino,Germany,Female,46,706,111288.18,1,1,1,0.82,1,Critical Risk
15702416,Cecil,France,Male,43,734,107805.67,1,0,0,0.3076,1,Moderate Risk
15766288,Ikechukwu,Germany,Female,36,586,103700.69,1,0,1,0.6216,1,High Risk
15667633,Allen,France,Female,38,612,0.0,2,1,0,0.0317,0,Low Risk
15622774,Kao,France,Male,34,648,0.0,1,1,0,0.0661,0,Low Risk
15755416,Hart,France,Female,27,557,87739.08,1,1,0,0.0592,0,Low Risk
15769915,Charlton,Spain,Female,20,643,133313.34,1,1,0,0.0592,0,Low Risk
15643908,Turnbull,France,Female,49,433,0.0,1,1,0,0.6521,1,Critical Risk
15627395,Manners,Germany,Male,41,643,154902.66,1,1,0,0.2715,0,Moderate Risk
15679663,Chiazagomekpere,France,Female,36,488,0.0,2,0,0,0.0403,0,Low Risk
15651581,Lavrentyev,Germany,Male,68,758,112595.85,1,0,1,0.9655,1,Critical Risk
15596379,Wallace,Germany,Male,39,743,119695.75,1,1,0,0.5046,1,High Risk
15746674,Miller,France,Female,47,730,0.0,1,0,1,0.9403,1,Critical Risk
15801256,Bazhenov,Spain,Male,49,746,0.0,2,1,0,0.0343,0,Low Risk
15663808,Ifesinachi,Germany,Female,59,666,152614.51,2,1,0,0.2121,0,Moderate Risk
15598521,Ma,Germany,Female,33,580,131647.01,2,0,0,0.088,0,Low Risk
15621457,Chu,France,Male,27,850,96654.72,2,0,0,0.0124,0,Low Risk
15764726,Kerr,France,Male,22,563,137583.04,1,1,0,0.031,0,Low Risk
15646374,Wynne,Germany,Female,28,766,62717.84,2,1,0,0.0369,0,Low Risk
15716501,Moon,France,Male,32,659,95377.13,1,1,0,0.0366,0,Low Risk
15589948,Disher,Spain,Male,28,607,135936.1,2,1,0,0.0159,0,Low Risk
15811343,Cattaneo,Germany,Male,35,644,161591.11,3,1,0,0.8767,1,Critical Risk
15659677,Beluchi,France,Male,47,746,142382.03,1,1,0,0.2024,0,Moderate Risk
15594436,Mazzi,Spain,Male,33,588,0.0,2,1,0,0.0101,0,Low Risk
15748995,Ifeajuna,Spain,Male,30,691,0.0,2,1,0,0.0,0,Low Risk
15677062,Howe,France,Female,38,666,127043.09,1,1,0,0.1737,0,Low Risk
15697201,Yocum,Spain,Female,46,640,0.0,1,1,0,0.587,1,High Risk
15666453,Moore,Germany,Female,29,611,78885.88,2,1,0,0.0343,0,Low Risk
15693771,Y?an,Spain,Female,45,651,95922.9,1,0,1,0.654,1,Critical Risk
15569867,Chinweuba,France,Female,29,529,0.0,2,0,0,0.0242,0,Low Risk
15711602,Lowrie,France,Female,36,676,91711.59,1,1,0,0.1162,0,Low Risk
15717736,Shen,Germany,Female,46,639,110031.09,2,1,0,0.446,1,High Risk
15750441,Lavarack,France,Male,36,782,81210.72,2,1,0,0.0159,0,Low Risk
15732791,Davide,Germany,Male,32,641,122947.92,1,1,0,0.1904,0,Low Risk
15775104,Gomes,France,Female,38,697,182065.85,1,0,0,0.4306,1,High Risk
15757607,Matveyeva,France,Male,45,623,0.0,1,0,1,0.7526,1,Critical Risk
15793070,Fiorentino,Spain,Female,41,494,69974.66,2,0,1,0.13,0,Low Risk
15760456,Eberechukwu,France,Female,38,731,123711.73,2,0,1,0.2869,1,Moderate Risk
15665385,Gibney,France,Male,44,657,76495.04,1,0,0,0.2621,0,Moderate Risk
15612418,Virgo,France,Female,38,744,0.0,2,0,0,0.0542,0,Low Risk
15727138,Kulikova,Spain,Male,46,774,0.0,2,1,0,0.0241,0,Low Risk
15732061,Liu,Germany,Female,45,850,121874.89,1,0,1,0.8992,1,Critical Risk
15776051,Kao,France,Female,45,551,0.0,2,1,0,0.0592,0,Low Risk
15616530,Foran,France,Male,36,638,188455.19,1,0,1,0.2075,0,Moderate Risk
15632344,Jones,France,Female,42,792,99045.93,2,0,0,0.1539,0,Low Risk
15744979,Fowler,France,Female,36,666,0.0,1,1,0,0.2868,1,Moderate Risk
15745433,Conti,Germany,Female,30,716,205770.78,2,0,0,0.1966,0,Low Risk
15683657,Stephenson,France,Female,31,594,79340.95,1,0,0,0.0671,0,Low Risk
15718572,Willis,Germany,Male,57,600,138456.03,2,1,0,0.2619,0,Moderate Risk
15665783,Ts'ui,France,Male,49,565,0.0,2,1,0,0.0419,0,Low Risk
15652782,Chibuzo,Germany,Male,48,678,101099.9,2,1,0,0.0609,0,Low Risk
15707025,Fang,Spain,Female,31,648,0.0,2,1,0,0.0159,0,Low Risk
15647807,Wyckoff,France,Male,40,642,109219.83,1,0,0,0.2706,0,Moderate Risk
15718281,Muir,Germany,Male,67,706,123276.69,2,1,1,0.2538,0,Moderate Risk
15660571,Halpern,Spain,Male,43,668,113034.31,1,1,0,0.0452,0,Low Risk
15727857,Flynn,Spain,Male,41,635,0.0,2,0,0,0.0525,0,Low Risk
15639252,Shao,Spain,Male,30,603,129548.5,2,1,0,0.0271,0,Low Risk
15628144,Soares,France,Female,72,635,74812.84,1,1,0,0.0989,0,Low Risk
15683560,Gallo,France,Female,40,642,0.0,2,0,0,0.0701,0,Low Risk
15653275,Lei,Spain,Female,54,785,0.0,2,0,1,0.632,1,High Risk
15622182,Daniels,Germany,Female,28,628,153538.13,2,0,0,0.0563,0,Low Risk
15613962,Kenechi,France,Female,38,499,0.0,2,1,0,0.0433,0,Low Risk
15618437,Singleton,Spain,Male,34,567,0.0,2,1,0,0.0062,0,Low Risk
15783338,Williams,Spain,Male,32,449,155619.36,1,1,0,0.0403,0,Low Risk
15764491,Greece,Spain,Male,35,701,159693.9,2,1,0,0.0136,0,Low Risk
15712960,Olisanugo,Spain,Male,37,613,171653.17,1,1,0,0.0604,0,Low Risk
15688157,Padovano,Germany,Female,39,683,47685.47,2,1,0,0.0802,0,Low Risk
15579287,Rossi,France,Male,35,581,0.0,2,1,0,0.0124,0,Low Risk
15570931,Grant,France,Male,61,620,0.0,1,0,1,0.9677,1,Critical Risk
15615177,Ebelegbulam,Spain,Male,28,561,123692.0,1,1,0,0.0419,0,Low Risk
15809906,Mitchell,Germany,Male,26,558,148853.29,2,1,0,0.0219,0,Low Risk
15652169,Buckley,France,Male,35,642,133161.95,1,1,0,0.0572,0,Low Risk
15649450,Repina,Germany,Male,24,805,143221.35,2,0,0,0.0427,0,Low Risk
15777179,Ellis,France,Male,35,687,0.0,2,1,0,0.0159,0,Low Risk
15803538,Douglas,Spain,Male,56,695,0.0,3,0,1,0.9968,1,Critical Risk
15610936,Becher,France,Male,33,562,0.0,2,0,0,0.0124,0,Low Risk
15590094,Nwachukwu,Germany,Male,38,613,126265.88,2,0,0,0.2217,0,Moderate Risk
15572706,Smith,France,Male,37,589,0.0,1,0,0,0.3268,1,Moderate Risk
15634564,Aksyonov,Spain,Male,31,593,112713.34,1,1,0,0.046,0,Low Risk
15684296,Artyomova,France,Male,34,714,141173.03,1,1,0,0.0592,0,Low Risk
15702293,Medvedeva,Spain,Female,35,588,0.0,2,1,0,0.0124,0,Low Risk
15642099,Tsui,Spain,Male,39,679,0.0,2,0,0,0.0274,0,Low Risk
15773273,Runyon,Spain,Male,38,730,118866.36,1,1,0,0.0661,0,Low Risk
15613337,Gallo,France,Male,47,833,0.0,2,1,0,0.0159,0,Low Risk
15800482,Bradshaw,Spain,Female,33,586,0.0,2,1,0,0.0101,0,Low Risk
15732644,Evans,Spain,Female,54,567,92316.31,2,0,1,0.86,1,Critical Risk
15713426,Hancock,Germany,Male,30,637,122185.53,1,0,1,0.2976,1,Moderate Risk
15640789,Butler,France,Male,38,711,123345.85,1,0,0,0.1654,0,Low Risk
15598892,Bradshaw,France,Male,30,828,73070.18,2,0,0,0.0124,0,Low Risk
15606436,Bergamaschi,Spain,Male,38,500,0.0,2,0,0,0.0159,0,Low Risk
15751227,Ebelegbulam,France,Male,47,807,95120.59,1,0,0,0.4443,1,High Risk
15812365,Greco,France,Male,40,850,102800.65,1,0,0,0.1128,0,Low Risk
15616088,Lucas,France,Female,70,782,97072.42,1,1,0,0.1913,0,Low Risk
15803886,Barber,Spain,Male,31,629,132876.55,1,1,0,0.0566,0,Low Risk
15587311,Dobbs,Spain,Male,33,582,0.0,2,1,0,0.0101,0,Low Risk
15617401,Thomson,France,Male,22,468,0.0,2,0,0,0.0062,0,Low Risk
15775886,Su,France,Male,36,670,0.0,1,0,1,0.2889,1,Moderate Risk
15807305,Watkins,France,Male,39,805,0.0,1,0,0,0.2737,1,Moderate Risk
15761717,Ch'ien,France,Male,26,720,51962.91,2,0,0,0.0159,0,Low Risk
15628008,Monds,Spain,Female,29,781,98759.89,1,0,0,0.1584,0,Low Risk
15583755,McClemans,Germany,Male,33,592,156570.86,1,1,0,0.0867,0,Low Risk
15661409,Shen,France,Female,42,542,0.0,1,1,1,0.5167,1,High Risk
15774250,Gallo,France,Male,42,532,159024.71,1,0,1,0.362,1,Moderate Risk
15681476,Foveaux,France,Female,39,520,73493.17,1,1,1,0.2721,0,Moderate Risk
15654870,Longo,France,Female,45,759,0.0,2,1,0,0.0671,0,Low Risk
15790448,Calabresi,France,Female,35,473,69617.36,1,0,0,0.3057,1,Moderate Risk
15785326,Randall,Spain,Female,35,639,136526.26,2,0,0,0.12,0,Low Risk
15592854,Garcia,France,Male,25,705,113736.27,1,1,0,0.0365,0,Low Risk
15617486,Sullivan,France,Male,52,530,106723.28,1,0,1,0.8766,1,Critical Risk
15806796,Higgins,Germany,Female,33,516,138847.9,1,1,0,0.1469,0,Low Risk
15644699,Crawford,France,Female,40,850,0.0,2,0,0,0.026,0,Low Risk
15622305,Martin,Germany,Female,33,746,107868.14,2,1,0,0.0649,0,Low Risk
15608209,Currey,Germany,Male,33,622,96926.12,2,0,0,0.0471,0,Low Risk
15626898,Teng,France,Male,30,743,77599.23,1,0,0,0.0593,0,Low Risk
15644297,Austin,Germany,Male,38,732,178787.54,1,1,0,0.0711,0,Low Risk
15731569,Hudson,France,Male,81,850,0.0,2,1,0,0.0,0,Low Risk
15582149,Ts'ui,Germany,Female,34,850,129668.43,2,1,0,0.0289,0,Low Risk
15802483,Hancock,France,Male,34,686,146178.13,2,1,0,0.0179,0,Low Risk
15686999,Nicholas,France,Female,40,556,0.0,2,0,0,0.0649,0,Low Risk
15772479,Napolitano,France,Male,37,673,0.0,2,0,0,0.0274,0,Low Risk
15778884,Jamieson,France,Female,38,809,154763.21,2,1,0,0.0542,0,Low Risk
15623630,Foster,Germany,Female,56,634,116251.24,1,1,1,0.9472,1,Critical Risk
15774316,Moretti,France,Male,37,630,0.0,2,1,0,0.0124,0,Low Risk
15695097,Chiedozie,Germany,Female,30,564,100954.88,2,0,0,0.0609,0,Low Risk
15645404,Okwukwe,France,Female,51,625,124620.01,2,0,1,0.8271,1,Critical Risk
15750574,Lumholtz,Spain,Female,34,677,0.0,2,1,0,0.0124,0,Low Risk
15636812,Rose,France,Male,40,583,112701.04,1,0,0,0.2312,0,Moderate Risk
15712068,Wan,Spain,Male,45,592,84692.5,1,1,0,0.1396,0,Low Risk
15652030,De Bernales,Germany,Male,49,637,108204.52,1,0,1,0.9725,1,Critical Risk
15577398,Ch'eng,France,Male,30,850,86449.39,1,1,0,0.0239,0,Low Risk
15756848,Edmondson,Spain,Male,42,633,0.0,1,1,0,0.1113,0,Low Risk
15806929,Ch'ien,Germany,Male,36,751,73194.99,1,1,0,0.1553,0,Low Risk
15656005,Millar,Germany,Male,31,592,124593.23,1,0,0,0.3258,1,Moderate Risk
15722632,Dickson,Germany,Male,50,716,119655.77,1,1,1,0.8127,1,Critical Risk
15794356,Toscani,Germany,Male,42,641,121765.37,2,1,0,0.0896,0,Low Risk
15659656,Pan,France,Male,35,849,110837.73,1,0,0,0.0645,0,Low Risk
15588341,Chigozie,Spain,Male,47,647,99835.17,1,1,0,0.0836,0,Low Risk
15709142,Sagese,Germany,Female,30,608,91057.37,2,0,0,0.0576,0,Low Risk
15627042,Reilly,France,Female,26,555,0.0,2,0,0,0.0159,0,Low Risk
15627517,Taylor,Spain,Male,27,497,149400.27,1,0,0,0.0462,0,Low Risk
15803032,Yen,Germany,Male,38,599,89111.63,1,0,0,0.3716,1,Moderate Risk
15665129,Kapustin,Germany,Male,33,545,132527.9,2,1,0,0.0274,0,Low Risk
15628272,Singh,France,Female,36,774,114997.42,1,0,0,0.2143,0,Moderate Risk
15678206,Yeh,France,Male,46,464,161798.53,1,0,0,0.4857,1,High Risk
15678427,Genovese,Germany,Female,27,696,96129.32,2,1,0,0.0369,0,Low Risk
15678067,Boyle,Spain,Male,45,667,0.0,2,0,0,0.078,0,Low Risk
15793331,Blair,France,Male,32,812,133050.97,2,0,0,0.029,0,Low Risk
15699532,Okagbue,France,Male,51,516,120124.35,2,1,0,0.3057,1,Moderate Risk
15605827,Khan,France,Male,39,645,0.0,2,0,0,0.0352,0,Low Risk
15643635,Robertson,Spain,Male,32,664,133705.74,1,0,0,0.1597,0,Low Risk
15787710,Tikhonov,Spain,Female,39,427,0.0,2,0,0,0.0419,0,Low Risk
15614137,MacDonald,France,Female,40,685,0.0,2,0,0,0.0609,0,Low Risk
15754494,Ah Mouy,France,Female,33,585,152805.05,1,0,0,0.1572,0,Low Risk
15713440,Barese,Germany,Female,21,519,151701.45,3,1,1,0.8357,1,Critical Risk
15803479,Winter-Irving,France,Female,67,708,0.0,2,1,0,0.0315,0,Low Risk
15709639,Wilson,France,Female,22,717,112465.06,1,1,0,0.0633,0,Low Risk
15601719,Fiorentino,Germany,Male,24,465,156007.09,1,0,0,0.13,0,Low Risk
15772482,Iloerika,Germany,Male,28,829,132405.52,3,0,1,0.8814,1,Critical Risk
15591489,Davison,France,Male,26,826,142662.68,1,0,0,0.0977,0,Low Risk
15629002,Hamilton,Germany,Male,36,747,102603.3,2,1,0,0.0536,0,Low Risk
15798053,Nnachetam,Spain,Male,32,707,0.0,2,0,0,0.0101,0,Low Risk
15753895,Blue,Spain,Male,37,590,0.0,2,0,0,0.0159,0,Low Risk
15595426,Madukwe,Spain,Male,57,603,105000.85,2,1,1,0.1923,0,Low Risk
15645815,Mills,France,Male,45,615,0.0,2,1,0,0.0359,0,Low Risk
15632848,Ferrari,France,Female,36,634,69518.95,1,0,0,0.208,0,Moderate Risk
15703068,Nixon,Germany,Male,41,716,126145.54,2,1,0,0.1106,0,Low Risk
15791513,Manfrin,France,Male,41,647,138937.35,1,1,1,0.0857,0,Low Risk
15587210,McCartney,Germany,Female,44,591,113581.98,1,0,0,0.6951,1,Critical Risk
15793803,Robinson,France,Male,34,574,112572.39,1,0,0,0.0661,0,Low Risk
15787756,Nkemdirim,Germany,Male,51,467,114514.71,2,0,1,0.8015,1,Critical Risk
15723437,Sal,France,Female,35,701,0.0,2,1,0,0.026,0,Low Risk
15702715,Kao,France,Female,34,747,0.0,2,1,0,0.052,0,Low Risk
15809872,Ikechukwu,France,Male,32,650,84906.45,1,0,0,0.0649,0,Low Risk
15644295,Hargreaves,Spain,Female,39,731,126816.18,1,1,0,0.0661,0,Low Risk
15778694,Sievier,Germany,Female,26,638,105249.76,2,1,0,0.0446,0,Low Risk
15759555,Murphy,Spain,Male,41,569,0.0,2,0,0,0.0471,0,Low Risk
15631406,Munro,Germany,Male,50,459,109387.9,1,0,0,0.9736,1,Critical Risk
15616676,Donnelly,Germany,Male,23,632,122478.51,1,0,1,0.3798,1,Moderate Risk
15771154,North,France,Female,73,683,137732.23,2,1,0,0.0442,0,Low Risk
15669491,Cruz,France,Female,46,850,157866.77,1,1,0,0.1816,0,Low Risk
15697691,Sinclair,France,Female,41,512,0.0,1,1,0,0.3081,1,Moderate Risk
15665180,Vasiliev,France,Female,31,616,136789.14,1,0,1,0.1516,0,Low Risk
15752588,Vasilyeva,France,Male,36,664,0.0,2,1,0,0.0062,0,Low Risk
15743051,Hamilton,France,Male,30,694,144684.03,1,1,0,0.029,0,Low Risk
15571873,Sung,France,Male,24,655,107065.31,1,1,0,0.0305,0,Low Risk
15679743,Genovesi,France,Female,33,607,91301.72,1,1,0,0.0873,0,Low Risk
15769412,Atkinson,Spain,Male,39,684,207034.96,2,0,1,0.6007,1,High Risk
15775124,Watterston,Spain,Male,37,763,0.0,2,1,0,0.0,0,Low Risk
15732113,Butters,Spain,Male,50,671,0.0,1,1,0,0.3575,1,Moderate Risk
15578141,Chien,Spain,Male,38,592,0.0,1,1,1,0.1333,0,Low Risk
15595874,Gorbunova,Spain,Female,36,666,0.0,2,0,0,0.0536,0,Low Risk
15755642,Bulgakov,France,Male,34,667,0.0,2,1,0,0.0062,0,Low Risk
15576526,Steele,Spain,Male,36,850,0.0,2,1,0,0.0,0,Low Risk
15792489,Polyakova,Spain,Male,42,622,0.0,2,0,0,0.0449,0,Low Risk
15733705,Bull,France,Female,30,577,92472.1,2,1,0,0.0365,0,Low Risk
15807221,Weaver,Spain,Male,21,555,0.0,2,0,0,0.0101,0,Low Risk
15573045,Earl,France,Male,62,547,127738.75,2,1,0,0.0671,0,Low Risk
15756824,Giordano,Germany,Female,50,613,101242.98,2,0,0,0.7998,1,Critical Risk
15773520,Begg,France,Female,43,672,92599.55,2,1,0,0.151,0,Low Risk
15627439,Pickering,Spain,Female,36,624,0.0,2,1,0,0.0124,0,Low Risk
15701439,Fanucci,Spain,Female,50,698,0.0,4,0,1,1.0,1,Critical Risk
15785352,Chang,France,Male,37,606,82373.94,1,0,1,0.2208,0,Moderate Risk
15616525,Sopuluchi,Spain,Male,31,720,141356.47,1,0,0,0.1554,0,Low Risk
15717489,Martin,France,Male,23,835,0.0,1,0,1,0.0701,0,Low Risk
15795737,McNaughtan,Spain,Female,47,771,72664.0,2,1,0,0.1781,0,Low Risk
15693877,Stewart,France,Female,47,811,123365.34,2,0,0,0.5029,1,High Risk
15576111,Reagan,Germany,Male,33,734,121898.58,1,0,0,0.5985,1,High Risk
15595713,Heller,Spain,Male,33,548,0.0,1,1,0,0.1133,0,Low Risk
15808868,Nwokeocha,France,Female,31,652,103696.97,3,0,1,0.914,1,Critical Risk
15708193,Liu,France,Male,33,707,0.0,2,0,0,0.0101,0,Low Risk
15697801,Sokolova,Germany,Female,56,605,74129.18,2,1,1,0.5963,1,High Risk
15770121,Bancroft,France,Female,34,623,0.0,1,0,0,0.3359,1,Moderate Risk
15800524,Nnanna,Germany,Male,29,686,185379.02,1,0,0,0.1704,0,Low Risk
15686236,Trevisani,Germany,Female,47,525,118087.68,1,0,1,0.9764,1,Critical Risk
15659807,Nwachinemelu,Spain,Male,41,657,109402.13,1,1,0,0.0492,0,Low Risk
15736078,Ting,Germany,Female,33,730,130367.87,1,0,1,0.6487,1,High Risk
15620836,Lo Duca,Germany,Female,34,816,108410.87,2,0,0,0.1034,0,Low Risk
15698184,Marshall,France,Female,50,484,90408.16,2,0,0,0.6225,1,High Risk
15717643,Band,France,Female,34,728,90425.15,2,1,0,0.0446,0,Low Risk
15776596,Ferri,Spain,Female,39,730,140094.59,1,0,1,0.5141,1,High Risk
15814757,Carter,Spain,Male,31,477,0.0,2,1,0,0.0062,0,Low Risk
15812607,Wilson,Germany,Female,46,663,95439.4,1,1,1,0.7558,1,Critical Risk
15663888,Connor,Germany,Male,34,549,204017.4,2,0,0,0.1293,0,Low Risk
15748882,Reid,Spain,Male,29,714,0.0,2,0,0,0.0062,0,Low Risk
15690829,Sandefur,Germany,Male,49,430,137115.16,1,0,1,0.9589,1,Critical Risk
15695819,Bidwill,Germany,Male,43,504,134740.19,2,0,0,0.1419,0,Low Risk
15696834,Cone,France,Female,29,530,0.0,2,0,0,0.0274,0,Low Risk
15797710,Saunders,Germany,Male,29,619,98955.87,1,1,0,0.1351,0,Low Risk
15700654,Liardet,Germany,Male,44,617,49157.09,2,0,0,0.0982,0,Low Risk
15583764,Wilkes,Germany,Male,31,791,130240.33,1,0,0,0.1999,0,Low Risk
15688849,Martin,France,Male,48,609,108019.27,3,1,1,0.9826,1,Critical Risk
15661473,Boni,Germany,Male,51,780,126725.25,1,0,1,0.9467,1,Critical Risk
15601030,Patel,Germany,Female,34,777,96693.66,1,1,0,0.3655,1,Moderate Risk
15789557,Howell-Price,Germany,Female,27,817,129810.6,1,1,0,0.2954,1,Moderate Risk
15745250,Simpson,France,Male,58,850,156652.13,1,0,1,0.8719,1,Critical Risk
15590349,Rowland,France,Female,36,732,0.0,1,0,1,0.1496,0,Low Risk
15741693,Barnard,France,Male,40,693,130661.96,1,1,0,0.0855,0,Low Risk
15618446,Nnonso,France,Female,50,576,0.0,2,1,0,0.132,0,Low Risk
15766552,Rossi,France,Male,37,643,0.0,2,0,0,0.0254,0,Low Risk
15668775,Pendred,France,Male,47,757,130747.1,1,0,0,0.653,1,Critical Risk
15757895,Martin,Germany,Male,30,569,106629.49,1,1,0,0.1526,0,Low Risk
15774551,K?,Spain,Male,36,772,112029.83,1,1,0,0.0592,0,Low Risk
15684011,Miller,Germany,Male,29,576,130575.26,1,1,0,0.1351,0,Low Risk
15736146,Afamefula,Germany,Male,28,608,96679.71,1,1,0,0.0729,0,Low Risk
15656286,Sims,France,Male,33,794,0.0,2,0,0,0.0062,0,Low Risk
15774847,Knight,France,Male,50,593,171740.69,1,0,0,0.7772,1,Critical Risk
15619340,Obijiaku,Spain,Male,38,597,0.0,2,0,0,0.0282,0,Low Risk
15815656,Hopkins,Germany,Female,39,541,100116.67,1,1,1,0.3334,1,Moderate Risk
15623357,Onio,Germany,Male,24,692,120596.93,1,1,0,0.147,0,Low Risk
15601324,Black,France,Female,48,697,0.0,2,1,0,0.1205,0,Low Risk
15715510,Eluemuno,France,Male,29,768,95984.69,2,1,0,0.0101,0,Low Risk
15663770,Doyle,France,Male,38,802,142557.11,1,1,0,0.0403,0,Low Risk
15779267,Onyemere,France,Male,47,584,0.0,2,0,0,0.0941,0,Low Risk
15597957,Rahman,Spain,Male,66,614,0.0,2,1,0,0.0336,0,Low Risk
15584620,Su,Germany,Female,36,850,143644.16,1,0,1,0.6137,1,High Risk
15750772,Walker,France,Female,38,671,132129.72,1,1,0,0.1764,0,Low Risk
15706557,Ferguson,France,Female,52,626,0.0,2,0,1,0.6755,1,Critical Risk
15594391,Samaniego,France,Female,68,770,183555.24,1,0,1,0.9659,1,Critical Risk
15661656,Onwumelu,France,Male,38,633,91902.56,2,1,0,0.0359,0,Low Risk
15631217,Young,France,Male,40,663,156218.19,1,1,0,0.1305,0,Low Risk
15588955,Mazzi,Germany,Female,43,581,93259.57,3,0,1,0.981,1,Critical Risk
15758252,Toscano,Germany,Female,45,561,168085.38,2,1,0,0.1452,0,Low Risk
15740223,Walton,Germany,Male,51,479,107714.74,3,0,1,1.0,1,Critical Risk
15805413,Chiang,France,Female,31,769,117852.26,2,0,0,0.0792,0,Low Risk
15635116,Burgos,Spain,Male,60,659,0.0,1,0,1,0.9813,1,Critical Risk
15764892,Spinelli,Spain,Female,51,590,84474.62,2,1,0,0.1256,0,Low Risk
15795936,Lung,France,Male,50,560,0.0,2,0,0,0.2679,0,Moderate Risk
15655232,Noble,Germany,Male,35,437,126803.34,2,1,0,0.0436,0,Low Risk
15640133,Pai,France,Female,34,661,0.0,2,0,0,0.0419,0,Low Risk
15751524,Chigozie,Germany,Female,36,677,68806.84,1,0,0,0.2138,0,Moderate Risk
15670552,Peavy,France,Female,31,560,115141.18,1,0,0,0.1351,0,Low Risk
15623966,Yermakov,France,Female,35,578,0.0,2,1,0,0.0254,0,Low Risk
15752193,Burton,Spain,Male,34,421,90723.36,1,1,0,0.0485,0,Low Risk
15607269,Costa,Germany,Female,49,492,151249.45,2,1,0,0.201,0,Moderate Risk
15700752,Pugliesi,France,Female,32,545,0.0,2,1,0,0.0159,0,Low Risk
15777901,Lindell,Germany,Female,43,640,94752.49,1,0,1,0.7606,1,Critical Risk
15639117,Sorenson,Spain,Female,34,624,0.0,1,0,1,0.5254,1,High Risk
15720203,Arcuri,Spain,Male,28,577,0.0,1,0,0,0.1054,0,Low Risk
15586236,Banks,France,Male,31,704,132084.66,3,1,1,0.8644,1,Critical Risk
15676645,Parry,France,Male,45,523,0.0,2,1,0,0.0297,0,Low Risk
15715988,Cockett,France,Male,35,793,0.0,2,1,0,0.0062,0,Low Risk
15603749,Galkina,France,Female,53,564,45472.28,1,1,1,0.5963,1,High Risk
15608956,Su,France,Male,33,711,0.0,1,0,0,0.0724,0,Low Risk
15733872,Marino,Germany,Female,33,791,130229.71,2,0,1,0.0999,0,Low Risk
15666982,Spears,Germany,Female,38,629,123948.85,1,0,0,0.7118,1,Critical Risk
15602647,Cunningham,Germany,Male,39,729,127415.85,1,1,1,0.4063,1,High Risk
15623063,Taylor,Germany,Male,35,651,110067.71,1,0,1,0.5914,1,High Risk
15682928,Chiazagomekpere,Spain,Male,39,695,65521.2,1,1,0,0.0444,0,Low Risk
15729246,Hardacre,Spain,Male,31,847,0.0,2,1,0,0.0,0,Low Risk
15588928,Maslow,France,Male,47,704,0.0,2,1,0,0.0426,0,Low Risk
15803352,Scott,Germany,Male,33,613,155736.42,2,1,0,0.0219,0,Low Risk
15607485,Wakelin,Spain,Female,29,692,0.0,2,0,0,0.0289,0,Low Risk
15656249,Esposito,France,Female,34,720,118307.57,2,1,0,0.0559,0,Low Risk
15761783,Shah,France,Male,41,577,0.0,1,1,0,0.264,0,Moderate Risk
15716605,Chukwufumnanya,Germany,Female,24,710,103099.17,2,0,0,0.0833,0,Low Risk
15757425,Fleming,France,Female,38,716,0.0,2,1,0,0.0403,0,Low Risk
15603096,Lori,France,Male,33,410,125789.69,1,0,1,0.1233,0,Low Risk
15588580,Kennedy,Germany,Female,36,584,109646.83,1,1,0,0.3698,1,Moderate Risk
15770539,Walters,France,Male,30,792,127187.86,1,1,0,0.0179,0,Low Risk
15572022,Han,France,Female,36,605,0.0,1,1,0,0.2067,0,Moderate Risk
15571843,Lawrence,Spain,Male,24,486,0.0,1,0,0,0.1404,0,Low Risk
15752502,Cooke,France,Male,41,615,130385.82,1,1,0,0.1388,0,Low Risk
15609058,Wan,France,Male,23,676,107787.47,1,1,0,0.0336,0,Low Risk
15775108,Lo Duca,France,Male,34,571,99325.04,2,1,0,0.0124,0,Low Risk
15708904,Yermakova,France,Female,37,850,0.0,1,0,0,0.2281,0,Moderate Risk
15600086,Combs,France,Male,48,717,123764.95,1,1,0,0.2581,0,Moderate Risk
15814675,Chien,Germany,Female,39,642,128264.03,1,0,1,0.8239,1,Critical Risk
15572777,Meng,Spain,Male,47,780,86006.21,1,1,0,0.0994,0,Low Risk
15585106,Calabresi,Germany,Female,38,492,57068.43,2,0,0,0.0475,0,Low Risk
15738936,Stevenson,Germany,Male,29,760,103607.24,2,1,0,0.0274,0,Low Risk
15750970,Davidson,Spain,Male,40,500,99004.24,1,1,0,0.0802,0,Low Risk
15725772,Ch'in,Spain,Female,36,654,0.0,2,1,0,0.0254,0,Low Risk
15692106,Rose,Spain,Female,25,606,147386.72,3,0,1,0.964,1,Critical Risk
15791533,Ch'ien,Spain,Male,42,367,93608.28,1,0,1,0.8403,1,Critical Risk
15715715,Artyomova,Spain,Male,38,799,0.0,2,1,0,0.0062,0,Low Risk
15785576,Mayrhofer,Germany,Male,71,434,119496.87,1,0,0,0.8281,1,Critical Risk
15798834,Yefremov,Spain,Female,32,719,0.0,1,0,0,0.2558,0,Moderate Risk
15744127,Kosovich,France,Female,37,641,0.0,2,0,0,0.0254,0,Low Risk
15637427,Lu,Spain,Female,25,461,0.0,2,1,0,0.0062,0,Low Risk
15576990,Taplin,Germany,Female,25,790,152885.77,1,0,0,0.363,1,Moderate Risk
15615352,Ebelechukwu,France,Male,31,588,99607.37,2,1,0,0.0124,0,Low Risk
15647333,Fleming,France,Male,27,621,137003.68,1,0,0,0.0989,0,Low Risk
15572050,Yefimov,Germany,Male,48,768,122831.58,1,1,1,0.8239,1,Critical Risk
15581370,Andreyeva,Spain,Male,38,681,99811.44,2,0,0,0.0609,0,Low Risk
15813503,Pickering,Spain,Male,37,606,154712.58,2,0,0,0.0855,0,Low Risk
15769783,Allan,Spain,Male,37,542,0.0,1,1,0,0.0592,0,Low Risk
15793135,Wang,Germany,Female,24,713,147687.24,1,1,0,0.1471,0,Low Risk
15599182,Reynolds,Spain,Female,33,597,0.0,2,1,0,0.0039,0,Low Risk
15689517,Hales,France,Male,27,635,127009.83,1,0,0,0.0609,0,Low Risk
15641366,Y?an,Germany,Male,61,599,124737.96,1,1,1,0.7958,1,Critical Risk
15588859,Rowley,Spain,Female,44,496,179356.28,2,0,1,0.6247,1,High Risk
15732293,Chia,Spain,Male,31,759,0.0,2,1,0,0.0,0,Low Risk
15568032,Moore,Germany,Male,31,757,127320.36,3,0,0,0.8847,1,Critical Risk
15623525,Copeland,Spain,Male,31,564,125175.58,1,1,0,0.0426,0,Low Risk
15606601,Rishel,France,Female,22,561,186788.96,2,0,0,0.0856,0,Low Risk
15800811,Wan,France,Male,40,702,148556.74,1,1,0,0.104,0,Low Risk
15610711,Eluemuno,Germany,Female,40,678,128644.46,1,0,0,0.7871,1,Critical Risk
15809654,Hsia,France,Female,46,707,127476.73,2,1,0,0.2715,0,Moderate Risk
15576077,Kelly,France,Female,27,610,159561.93,1,1,0,0.0588,0,Low Risk
15643378,Muir,France,Male,42,744,112419.92,1,1,0,0.0901,0,Low Risk
15566790,McIntyre,France,Male,28,598,129991.76,2,1,0,0.0124,0,Low Risk
15774402,Donaldson,Spain,Male,36,562,0.0,1,1,0,0.1999,0,Low Risk
15694641,Wright,Spain,Female,59,621,0.0,2,1,0,0.0661,0,Low Risk
15605916,Uvarova,France,Female,50,659,0.0,1,0,1,0.9902,1,Critical Risk
15812356,Doherty,Germany,Female,40,722,89175.06,2,1,0,0.1806,0,Low Risk
15644179,Allen,France,Female,39,606,0.0,2,0,1,0.0569,0,Low Risk
15771674,Ma,Spain,Female,39,603,162390.52,2,0,0,0.1539,0,Low Risk
15623314,Tucker,Germany,Female,59,506,190353.08,1,0,0,0.9082,1,Critical Risk
15613292,Ch'eng,France,Male,21,715,0.0,2,0,0,0.0124,0,Low Risk
15813871,Hs?,France,Male,47,690,0.0,2,0,0,0.1103,0,Low Risk
15759480,H?,France,Female,40,644,139180.97,1,1,0,0.2247,0,Moderate Risk
15587712,Chimaijem,France,Male,36,589,114435.47,1,0,0,0.1465,0,Low Risk
15671165,Esomchi,France,Female,66,592,149950.19,1,1,0,0.1278,0,Low Risk
15620746,Lorenzo,France,Male,42,632,126115.6,1,0,0,0.3203,1,Moderate Risk
15706537,Pirogov,Germany,Female,59,577,111396.97,1,1,0,0.8782,1,Critical Risk
15589312,Larkin,France,Male,30,588,115007.08,1,0,0,0.0671,0,Low Risk
15741180,Eddy,France,Male,54,617,102141.9,1,1,0,0.3024,1,Moderate Risk
15733888,Sells,Spain,Female,36,668,133686.52,1,0,1,0.2484,0,Moderate Risk
15798532,Crawford,France,Male,32,810,120879.73,2,1,0,0.0124,0,Low Risk
15577359,Bezrukov,Spain,Male,47,767,0.0,1,0,1,0.8894,1,Critical Risk
15614936,Mancini,Spain,Female,49,718,82321.88,1,1,0,0.1997,0,Low Risk
15747647,Iadanza,Spain,Female,27,589,0.0,2,0,0,0.0305,0,Low Risk
15588566,Wilkinson,Spain,Male,33,778,116474.28,2,1,0,0.026,0,Low Risk
15570141,P'eng,France,Female,34,724,132352.69,1,0,0,0.1516,0,Low Risk
15800793,St Clair,Germany,Female,39,477,182491.57,1,0,0,0.3745,1,Moderate Risk
15572415,Preston,France,Male,34,580,0.0,2,1,0,0.0062,0,Low Risk
15635125,Findlay,Spain,Male,63,566,120787.18,2,1,0,0.0609,0,Low Risk
15636551,Nixon,France,Female,29,711,130181.47,2,0,0,0.0601,0,Low Risk
15600912,Gorshkov,Germany,Male,32,706,88348.43,2,1,0,0.0254,0,Low Risk
15768476,Chukwubuikem,Spain,Male,31,703,0.0,2,1,0,0.0062,0,Low Risk
15650266,Medvedeva,Germany,Male,39,679,146186.28,2,1,0,0.0159,0,Low Risk
15621004,Chukwuhaenye,France,Male,32,603,0.0,1,0,1,0.2676,0,Moderate Risk
15748352,Endrizzi,Spain,Male,34,598,104488.17,1,1,0,0.0365,0,Low Risk
15788920,Ch'ang,Germany,Female,32,836,109196.67,2,0,0,0.13,0,Low Risk
15743236,Piccio,France,Female,61,687,80538.56,1,0,1,0.9544,1,Critical Risk
15637717,Lockington,Germany,Male,41,704,109026.8,2,1,0,0.0896,0,Low Risk
15635500,Seleznyov,Germany,Male,75,605,61319.63,1,1,0,0.0538,0,Low Risk
15634792,Weston,France,Female,40,516,0.0,2,1,0,0.0426,0,Low Risk
15607560,Groom,France,Female,39,572,0.0,2,1,0,0.0151,0,Low Risk
15727177,Manfrin,France,Male,42,557,177822.03,1,0,1,0.4675,1,High Risk
15774358,Robertson,Germany,Male,59,443,110939.3,1,0,1,0.9841,1,Critical Risk
15791304,Ch'ang,Germany,Male,25,604,165413.43,1,1,0,0.064,0,Low Risk
15603328,Lucchesi,France,Male,27,483,77805.66,1,1,0,0.0062,0,Low Risk
15804937,Cambage,France,Male,50,702,0.0,2,0,0,0.2537,0,Moderate Risk
15804142,Tan,Spain,Female,57,670,175575.95,2,0,1,0.9537,1,Critical Risk
15608845,Tao,Spain,Female,38,804,124197.22,1,0,0,0.1688,0,Low Risk
15702434,Hsieh,France,Female,30,850,0.0,2,0,0,0.0124,0,Low Risk
15632609,Burdekin,France,Female,39,554,160132.75,1,0,0,0.3203,1,Moderate Risk
15603550,Longo,Germany,Female,37,588,70258.88,2,0,0,0.0567,0,Low Risk
15755239,Maughan,Germany,Male,32,758,162657.64,2,1,0,0.0124,0,Low Risk
15670528,Franz,Germany,Male,43,787,132217.45,1,0,1,0.8894,1,Critical Risk
15732704,Piazza,Spain,Male,25,582,148042.97,2,0,0,0.0446,0,Low Risk
15589019,Morant,Spain,Female,33,633,92855.02,1,1,0,0.0855,0,Low Risk
15677796,Becher,Germany,Male,47,766,129289.98,1,0,1,0.9736,1,Critical Risk
15760177,Lombardi,Spain,Male,37,564,100252.18,1,1,0,0.0419,0,Low Risk
15636595,Loton,Spain,Male,37,602,107592.89,2,1,0,0.0532,0,Low Risk
15737275,Conti,France,Male,39,649,113096.41,1,1,0,0.086,0,Low Risk
15672905,Sani,Spain,Female,40,679,0.0,2,1,0,0.0343,0,Low Risk
15753955,Lori,Spain,Male,34,639,149940.04,2,0,0,0.0588,0,Low Risk
15708504,Wong,Germany,Male,50,790,121438.58,1,1,1,0.7781,1,Critical Risk
15592451,Lombardi,France,Male,32,565,0.0,2,0,0,0.0062,0,Low Risk
15790455,Obialo,France,Female,50,478,0.0,1,1,1,0.783,1,Critical Risk
15572174,Mazzi,France,Male,29,825,148874.01,2,1,0,0.0062,0,Low Risk
15656330,Von Doussa,Spain,Female,32,528,68138.37,1,1,0,0.1126,0,Low Risk
15569626,Miller,Spain,Male,35,577,110080.3,1,1,0,0.0609,0,Low Risk
15608726,Miracle,France,Male,24,663,0.0,2,1,0,0.0062,0,Low Risk
15637366,Su,Germany,Female,25,505,114268.85,2,1,0,0.0403,0,Low Risk
15778049,Wyatt,Germany,Male,29,633,117412.35,1,0,0,0.4413,1,High Risk
15727421,Anayolisa,France,Female,38,586,0.0,2,1,0,0.0289,0,Low Risk
15688865,Wade,France,Female,35,850,0.0,2,0,0,0.0262,0,Low Risk
15751032,Enemuo,Germany,Female,37,629,35549.81,2,0,0,0.0856,0,Low Risk
15734737,Bruno,France,Male,56,744,0.0,2,1,0,0.0842,0,Low Risk
15746515,Greece,France,Male,36,750,136492.92,3,1,1,0.9353,1,Critical Risk
15664311,Yang,Germany,Male,28,637,123675.69,1,1,0,0.1516,0,Low Risk
15708139,Brown,France,Female,40,575,139532.34,1,0,0,0.5449,1,High Risk
15768574,Anderson,Spain,Male,58,671,178713.98,1,1,0,0.2037,0,Moderate Risk
15738018,Johnston,France,Male,40,571,0.0,2,0,0,0.0274,0,Low Risk
15699753,Zakharov,France,Male,41,590,89086.31,1,0,0,0.1937,0,Low Risk
15703199,Golibe,Spain,Male,38,619,96143.47,1,0,0,0.0901,0,Low Risk
15627830,Nikitina,Germany,Female,30,640,32197.64,1,1,0,0.2522,0,Moderate Risk
15570855,Leonard,France,Male,38,670,0.0,2,1,0,0.0124,0,Low Risk
15772503,Burns,France,Female,33,737,0.0,2,0,0,0.0471,0,Low Risk
15584453,Burtch,Spain,Male,32,555,0.0,2,1,0,0.0062,0,Low Risk
15710111,Clark,France,Male,33,742,0.0,2,0,0,0.0124,0,Low Risk
15618562,Woodward,Germany,Female,40,618,140306.38,1,0,1,0.7512,1,Critical Risk
15706764,Spencer,France,Female,35,560,0.0,2,0,0,0.0219,0,Low Risk
15798737,Chao,France,Male,38,654,0.0,2,0,0,0.0282,0,Low Risk
15712608,Costa,Germany,Female,42,787,74483.97,2,1,0,0.0667,0,Low Risk
15636736,McLachlan,France,Female,53,611,0.0,2,1,1,0.2721,0,Moderate Risk
15703544,Hung,Spain,Male,34,559,0.0,1,0,0,0.3192,1,Moderate Risk
15815645,Akhtar,France,Male,37,481,152303.66,2,1,0,0.0343,0,Low Risk
15705739,Toscani,Germany,Male,32,753,159904.79,1,0,0,0.2863,1,Moderate Risk
15709643,Gray,France,Male,32,675,0.0,3,0,0,0.4632,1,High Risk
15669805,Warren,Germany,Female,31,748,99557.94,1,0,0,0.1636,0,Low Risk
15737489,Ramsden,Spain,Female,46,610,116886.59,1,0,0,0.6626,1,Critical Risk
15775131,Bartlett,Spain,Male,32,580,142188.2,2,1,0,0.0159,0,Low Risk
15765283,Wenz,Germany,Female,40,624,149961.99,2,0,0,0.1574,0,Low Risk
15628715,Kisch,France,Female,36,709,0.0,2,1,0,0.0343,0,Low Risk
15813283,Mai,France,Female,34,605,0.0,1,0,0,0.256,0,Moderate Risk
15745716,McGregor,Spain,Male,53,706,0.0,2,1,0,0.0661,0,Low Risk
15598485,Pinto,Spain,Male,40,567,28649.64,1,1,0,0.104,0,Low Risk
15696552,Newman,France,Female,21,747,81025.6,2,0,0,0.0536,0,Low Risk
15754569,Pagnotto,France,Male,57,664,0.0,2,1,0,0.0815,0,Low Risk
15701741,Williams,France,Female,39,711,152462.79,1,0,0,0.2997,1,Moderate Risk
15572631,Ndubuisi,France,Male,25,609,0.0,1,1,0,0.0492,0,Low Risk
15636069,Plummer,Spain,Male,28,632,155519.59,1,0,0,0.0442,0,Low Risk
15682467,Chimezie,France,Female,36,725,118851.05,1,1,0,0.0842,0,Low Risk
15790744,Nash,France,Female,34,850,92899.27,2,0,0,0.0343,0,Low Risk
15625023,Onochie,France,Male,40,682,0.0,1,1,0,0.2849,1,Moderate Risk
15731267,Rizzo,France,Male,37,797,75263.7,1,0,0,0.0701,0,Low Risk
15742879,Boni,Spain,Male,38,668,147904.31,1,1,0,0.0442,0,Low Risk
15757015,Davies,Germany,Female,41,783,106640.5,1,0,0,0.7791,1,Critical Risk
15770711,Lu,Germany,Female,28,766,90696.78,1,1,0,0.2078,0,Moderate Risk
15569430,Burrows,Spain,Female,36,704,175509.8,2,0,0,0.2476,0,Moderate Risk
15617304,Ershova,France,Male,40,722,0.0,2,1,0,0.0159,0,Low Risk
15704466,Udokamma,France,Female,34,692,0.0,2,0,0,0.029,0,Low Risk
15664681,Aitken,France,Female,35,584,114321.28,2,0,0,0.0667,0,Low Risk
15605534,Turnbull,Germany,Female,51,644,95560.04,1,0,1,0.9736,1,Critical Risk
15792473,Reilly,Germany,Female,50,598,88379.81,3,1,1,0.9968,1,Critical Risk
15802625,Hardy,Germany,Male,48,733,85915.52,1,1,0,0.5492,1,High Risk
15766017,Brookman,Germany,Male,58,615,72309.3,1,1,1,0.6421,1,High Risk
15762172,Kerr,France,Female,39,850,0.0,2,0,0,0.0281,0,Low Risk
15728333,McBurney,France,Male,43,521,0.0,1,1,0,0.2513,0,Moderate Risk
15792868,Mickey,France,Male,69,675,0.0,2,0,0,0.1966,0,Low Risk
15605698,Harrison,France,Male,58,746,0.0,3,1,1,0.8814,1,Critical Risk
15777060,Olszewski,France,Female,33,770,0.0,1,0,1,0.3864,1,Moderate Risk
15626243,Chijioke,France,Male,30,618,133844.22,1,1,0,0.0576,0,Low Risk
15719898,Young,France,Male,36,556,154872.08,2,1,0,0.0297,0,Low Risk
15599976,Bellasis,France,Female,27,749,0.0,2,0,0,0.0336,0,Low Risk
15752809,De Mestre,Spain,Male,43,702,116121.67,1,0,0,0.3686,1,Moderate Risk
15589698,De Luca,Germany,Male,42,555,107104.5,1,1,1,0.511,1,High Risk
15609977,Mundy,France,Male,47,587,71026.77,1,0,0,0.5905,1,High Risk
15750121,Tung,France,Male,38,639,0.0,1,0,0,0.3016,1,Moderate Risk
15734177,Donahue,France,Male,33,643,0.0,2,1,0,0.0101,0,Low Risk
15781347,Okagbue,France,Female,41,600,0.0,2,1,0,0.0532,0,Low Risk
15592025,Nnaemeka,France,Male,53,651,0.0,2,1,0,0.0609,0,Low Risk
15670163,Verjus,France,Female,27,666,0.0,2,0,0,0.0274,0,Low Risk
15765402,H?,France,Female,39,520,145644.05,1,0,0,0.2639,0,Moderate Risk
15624343,Napolitani,Spain,Female,50,650,129667.77,1,0,0,0.755,1,Critical Risk
15602354,Ginikanwa,Germany,Male,33,564,109341.87,1,0,0,0.4159,1,High Risk
15579183,Spaull,France,Male,64,586,0.0,2,1,0,0.0343,0,Low Risk
15584899,Siciliani,France,Female,35,617,0.0,2,1,0,0.0316,0,Low Risk
15723658,Voronina,Spain,Female,30,712,0.0,2,0,0,0.0297,0,Low Risk
15803965,Tang,France,Male,55,654,87485.67,1,1,0,0.2503,0,Moderate Risk
15682489,Crumbley,France,Male,27,605,0.0,2,0,0,0.0097,0,Low Risk
15813645,Hamilton,France,Female,36,491,53369.13,1,1,0,0.1034,0,Low Risk
15766787,Piazza,France,Female,35,707,0.0,2,1,0,0.0403,0,Low Risk
15687171,Birch,Spain,Male,34,638,146679.77,1,0,0,0.1553,0,Low Risk
15690744,Custance,France,Male,43,683,112499.42,2,0,0,0.1085,0,Low Risk
15707974,Anayochukwu,Spain,Female,38,815,48387.0,1,0,0,0.3281,1,Moderate Risk
15673084,Galkin,Spain,Male,38,645,68079.8,1,1,0,0.1061,0,Low Risk
15814772,Adams,Germany,Male,49,645,160133.88,1,1,0,0.5517,1,High Risk
15743709,Toomey,France,Male,30,683,66190.33,1,1,0,0.0426,0,Low Risk
15610343,Marshall-Hall,France,Female,37,705,0.0,2,1,1,0.1456,0,Low Risk
15737414,Shen,France,Male,35,647,123761.68,1,0,0,0.13,0,Low Risk
15788480,Pagnotto,Germany,Female,33,786,122325.58,1,0,1,0.5402,1,High Risk
15568519,Wood,France,Male,41,534,0.0,2,0,0,0.0538,0,Low Risk
15792453,More,Spain,Female,42,602,138912.17,1,1,0,0.188,0,Low Risk
15658100,Piccio,France,Female,42,695,0.0,2,1,0,0.0582,0,Low Risk
15695197,Tochukwu,Germany,Female,25,553,128524.19,2,0,0,0.0792,0,Low Risk
15749807,Graham,Spain,Female,31,516,0.0,2,0,0,0.0289,0,Low Risk
15773876,Tung,France,Female,34,655,0.0,2,0,0,0.0532,0,Low Risk
15591698,P'eng,Germany,Female,49,849,132934.89,1,0,1,0.9736,1,Critical Risk
15712813,Nevzorova,Germany,Male,43,520,150805.17,3,1,1,0.9736,1,Critical Risk
15763898,Toscani,Spain,Female,46,568,0.0,2,1,0,0.0508,0,Low Risk
15793324,McKenzie,Spain,Male,32,695,0.0,3,1,0,0.2879,1,Moderate Risk
15757759,Okwuoma,Spain,Female,28,807,165969.26,3,0,1,0.927,1,Critical Risk
15796230,Morley,Germany,Female,36,642,124495.98,3,1,1,0.9677,1,Critical Risk
15611729,Kerr,Germany,Male,39,703,141559.5,1,1,1,0.4641,1,High Risk
15709531,Harding,France,Male,38,556,114756.14,1,0,0,0.0993,0,Low Risk
15650751,Butler,France,Female,30,585,0.0,2,1,0,0.0124,0,Low Risk
15641413,Crawford,Germany,Female,49,587,155393.98,2,0,1,0.5673,1,High Risk
15753840,Brown,Spain,Female,32,524,0.0,1,1,1,0.1712,0,Low Risk
15669994,Greece,Germany,Female,31,556,128663.81,2,0,0,0.1115,0,Low Risk
15695301,Matthews,Spain,Male,44,504,113522.64,1,1,0,0.0936,0,Low Risk
15792004,Heath,Spain,Female,26,731,0.0,2,0,0,0.026,0,Low Risk
15603035,Vincent,France,Male,34,651,0.0,2,1,0,0.0062,0,Low Risk
15717286,Sal,Spain,Female,40,675,79035.95,1,0,1,0.4254,1,High Risk
15577107,Milne,Spain,Female,22,657,0.0,3,1,1,0.6171,1,High Risk
15754747,Bazile,Germany,Male,33,686,141918.09,2,1,0,0.0397,0,Low Risk
15705676,Wardle,France,Female,35,690,107944.33,2,0,0,0.0856,0,Low Risk
15751912,Lilly,France,Male,36,567,0.0,2,1,0,0.0039,0,Low Risk
15677336,Aitken,Germany,Male,57,557,120043.13,1,0,1,1.0,1,Critical Risk
15684395,Enderby,Spain,Female,45,446,125191.69,1,1,1,0.1489,0,Low Risk
15659949,Chiu,France,Male,31,850,96399.31,2,0,0,0.0101,0,Low Risk
15812422,Ugorji,France,Male,41,637,0.0,2,1,0,0.0159,0,Low Risk
15806941,Sharpe,France,Male,60,499,76961.6,2,1,0,0.0982,0,Low Risk
15637690,Houghton,Germany,Female,34,622,98675.74,1,0,1,0.5264,1,High Risk
15632882,Konovalova,Germany,Male,37,684,126817.13,2,1,1,0.0843,0,Low Risk
15807107,Patel,France,Male,32,612,121394.42,1,0,0,0.0883,0,Low Risk
15661034,Ngozichukwuka,Germany,Female,29,813,106059.4,1,0,1,0.587,1,High Risk
15811958,Medland,Germany,Male,44,850,112755.34,2,0,0,0.1264,0,Low Risk
15785167,Padovano,Spain,Male,29,795,0.0,2,0,0,0.0101,0,Low Risk
15646720,Tsui,Spain,Female,55,628,0.0,3,0,1,1.0,1,Critical Risk
15658614,H?,Germany,Female,38,565,145400.69,2,1,0,0.0671,0,Low Risk
15704657,Denman,France,Male,39,601,72647.64,1,0,1,0.1731,0,Low Risk
15567147,Ratten,Spain,Male,40,802,0.0,2,1,0,0.0062,0,Low Risk
15701319,Baxter,Germany,Female,37,614,96340.81,2,1,1,0.1471,0,Low Risk
15745266,Norman,Spain,Male,55,434,0.0,1,1,1,0.642,1,High Risk
15650437,Shen,Germany,Male,32,522,124450.36,2,1,0,0.0419,0,Low Risk
15764314,Reilly,Germany,Male,36,550,113877.23,2,0,0,0.1749,0,Low Risk
15612594,Ifeanacho,Spain,Male,25,599,0.0,2,1,0,0.0062,0,Low Risk
15593501,Graham,France,Female,36,493,148667.81,2,0,0,0.0585,0,Low Risk
15804150,Lysaght,France,Male,34,755,0.0,2,1,0,0.0062,0,Low Risk
15649297,T'ang,France,Female,62,605,111065.93,2,1,0,0.363,1,Moderate Risk
15641110,Abron,France,Male,41,708,0.0,1,0,0,0.3748,1,Moderate Risk
15660608,Chimaraoke,France,Male,44,699,158697.61,1,0,0,0.2943,1,Moderate Risk
15806570,Y?an,France,Female,53,763,0.0,1,0,1,0.9902,1,Critical Risk
15715345,Sergeyeva,Spain,Male,25,743,0.0,2,0,0,0.0101,0,Low Risk
15755521,Ma,France,Female,48,660,90044.32,2,1,1,0.4352,1,High Risk
15579074,Obiajulu,Germany,Male,38,619,84651.79,1,1,0,0.0567,0,Low Risk
15641158,Belcher,Germany,Male,32,739,102128.27,1,0,1,0.3044,1,Moderate Risk
15752507,K?,Germany,Male,60,769,148846.39,1,0,1,0.9425,1,Critical Risk
15597983,Brown,France,Male,69,692,154953.94,1,1,0,0.0219,0,Low Risk
15586069,Abernathy,France,Female,30,560,108883.29,1,0,0,0.1085,0,Low Risk
15655082,Pape,France,Female,48,607,112070.86,3,0,1,1.0,1,Critical Risk
15720155,Tao,Germany,Male,29,630,131354.39,1,1,1,0.1979,0,Low Risk
15582116,Ma,Germany,Female,45,767,132746.2,2,0,1,0.6429,1,High Risk
15749365,Earle,France,Female,34,543,0.0,2,1,0,0.0359,0,Low Risk
15632069,Kazantsev,France,Male,39,776,125211.55,2,0,0,0.0989,0,Low Risk
15663134,Uspenskaya,Spain,Male,58,535,0.0,2,1,1,0.0695,0,Low Risk
15766683,Coombes,Germany,Male,36,549,139422.37,1,0,1,0.5061,1,High Risk
15707219,Hopman,France,Female,28,844,0.0,2,1,0,0.0101,0,Low Risk
15709232,McKay,Germany,Female,47,586,157099.47,2,1,0,0.1388,0,Low Risk
15801351,Milanesi,France,Male,40,583,0.0,2,0,0,0.0282,0,Low Risk
15578747,Chineze,Spain,Male,26,701,83600.24,1,1,0,0.0419,0,Low Risk
15675626,Dawson,France,Male,28,726,0.0,1,0,0,0.0953,0,Low Risk
15583736,Shih,Germany,Male,36,829,81795.74,2,0,0,0.0359,0,Low Risk
15590011,Hughes,Spain,Male,38,749,129378.32,1,1,0,0.0532,0,Low Risk
15609913,Clark,France,Female,46,743,0.0,1,0,0,0.9528,1,Critical Risk
15719479,Chukwuhaenye,Spain,Female,56,619,0.0,2,1,0,0.0671,0,Low Risk
15575147,Wall,France,Male,22,699,99339.0,1,0,1,0.0585,0,Low Risk
15597309,Howell,Spain,Male,36,749,0.0,2,0,0,0.0216,0,Low Risk
15648367,Lo,Germany,Female,29,600,74430.1,2,1,0,0.0343,0,Low Risk
15758031,Lazarev,Spain,Male,38,760,91241.85,1,1,0,0.0469,0,Low Risk
15751771,Lowe,Germany,Male,32,528,99092.45,1,1,0,0.086,0,Low Risk
15689288,Folliero,France,Female,26,630,0.0,2,0,0,0.0282,0,Low Risk
15731026,Han,Germany,Female,39,683,100062.16,2,0,0,0.2621,0,Moderate Risk
15775809,Holloway,Germany,Female,26,677,98723.67,1,1,0,0.1999,0,Low Risk
15743076,Pai,Spain,Male,29,669,0.0,1,1,0,0.0449,0,Low Risk
15658258,Trejo,France,Male,43,693,128760.32,1,0,0,0.3383,1,Moderate Risk
15756321,Johnston,Spain,Female,52,612,144772.69,1,0,1,0.8902,1,Critical Risk
15706799,Macknight,Spain,Male,44,719,0.0,1,0,1,0.5575,1,High Risk
15775703,Lo,France,Male,26,702,71281.29,1,1,1,0.0305,0,Low Risk
15642636,Glossop,France,Male,29,755,117035.89,1,1,0,0.0365,0,Low Risk
15704651,Bishop,France,Male,26,514,0.0,2,0,0,0.0062,0,Low Risk
15806771,Yefremova,France,Female,40,753,3768.69,2,0,1,0.1904,0,Low Risk
15566735,Obialo,Germany,Female,36,548,108913.84,2,1,0,0.1305,0,Low Risk
15681671,Nkemjika,Germany,Male,28,850,101100.22,2,1,0,0.0062,0,Low Risk
15775949,Trevisani,France,Female,38,612,110615.47,1,1,0,0.1516,0,Low Risk
15586752,Parkes,Germany,Male,33,628,152143.89,1,1,0,0.1305,0,Low Risk
15582519,Seleznyov,France,Male,47,479,121797.09,1,1,1,0.3195,1,Moderate Risk
15658233,Naylor,France,Female,41,724,109798.25,1,1,0,0.3203,1,Moderate Risk
15755330,Forbes,Germany,Male,41,512,122403.24,1,1,1,0.4845,1,High Risk
15605072,Douglas,France,Female,43,638,145860.98,1,1,1,0.2825,1,Moderate Risk
15617538,Nwankwo,Spain,Male,40,834,0.0,2,0,0,0.0262,0,Low Risk
15591428,Myers,France,Male,29,781,0.0,2,0,0,0.0124,0,Low Risk
15692142,Rogova,Germany,Female,48,707,105086.74,1,1,1,0.8131,1,Critical Risk
15692931,Hsing,France,Male,22,670,114991.45,1,1,0,0.0305,0,Low Risk
15781127,Giordano,Spain,Female,33,663,96769.04,1,1,0,0.0452,0,Low Risk
15677136,Okwukwe,France,Female,23,624,0.0,2,0,0,0.0251,0,Low Risk
15677828,Chalmers,France,Female,34,598,0.0,2,0,0,0.0274,0,Low Risk
15567897,Chiazagomekpere,Germany,Male,23,619,132725.1,1,1,0,0.1375,0,Low Risk
15793641,Evseyev,France,Female,70,792,0.0,2,1,0,0.0397,0,Low Risk
15678333,Parry-Okeden,France,Female,26,683,0.0,2,0,0,0.0251,0,Low Risk
15630511,Picot,France,Female,33,691,0.0,2,0,0,0.0532,0,Low Risk
15792627,Reid,Spain,Female,33,765,84557.82,1,1,0,0.0649,0,Low Risk
15717191,Ferri,France,Male,49,508,93817.41,2,1,1,0.1783,0,Low Risk
15625716,Genovesi,France,Female,33,637,113913.53,1,1,0,0.0689,0,Low Risk
15710053,Neumayer,Germany,Female,44,667,140406.68,2,1,0,0.1616,0,Low Risk
15580043,Murray,Spain,Female,22,575,105229.34,1,1,0,0.0385,0,Low Risk
15601410,Tien,Spain,Female,46,744,0.0,3,1,1,0.9736,1,Critical Risk
15684669,Parkes,France,Female,41,567,137891.35,1,0,1,0.5517,1,High Risk
15619083,Yip,France,Female,35,502,0.0,2,1,0,0.0159,0,Low Risk
15692207,Ingle,France,Female,53,609,0.0,2,1,0,0.1485,0,Low Risk
15730705,Chidubem,France,Male,37,715,165252.52,1,0,0,0.132,0,Low Risk
15749688,Lu,France,Male,32,541,0.0,2,0,0,0.011,0,Low Risk
15728542,Vorobyova,France,Female,71,850,0.0,2,1,0,0.0124,0,Low Risk
15760063,Chiedozie,Spain,Male,23,595,0.0,2,1,0,0.0062,0,Low Risk
15658982,Napolitani,Germany,Female,28,650,122034.4,3,1,1,0.9323,1,Critical Risk
15758769,Coffey,France,Female,44,625,0.0,1,0,0,0.4638,1,High Risk
15778481,Chigbogu,France,Male,59,817,118962.58,1,1,0,0.3416,1,Moderate Risk
15661162,Akabueze,Spain,Male,49,526,0.0,1,0,1,0.9347,1,Critical Risk
15568164,Istomin,France,Female,34,850,71379.53,2,1,0,0.0159,0,Low Risk
15601569,Ndubueze,France,Female,40,598,171178.25,1,0,1,0.5813,1,High Risk
15772383,Toscani,France,Male,36,613,131307.11,1,0,0,0.1012,0,Low Risk
15667456,Ross,Spain,Male,62,709,0.0,2,1,0,0.0352,0,Low Risk
15672983,Fernando,Spain,Female,27,678,87099.85,2,0,0,0.0671,0,Low Risk
15799534,McClaran,France,Male,71,720,183135.39,2,1,0,0.0469,0,Low Risk
15582847,Yermakova,France,Male,26,662,0.0,2,1,0,0.0124,0,Low Risk
15612478,Somadina,France,Male,51,525,0.0,3,0,1,0.9968,1,Critical Risk
15709621,Wan,France,Male,31,662,0.0,2,1,0,0.0062,0,Low Risk
15802009,Mazzi,France,Female,33,770,0.0,2,1,0,0.0254,0,Low Risk
15698816,Tuan,Spain,Female,33,721,72535.45,1,1,0,0.0711,0,Low Risk
15574830,Townsley,Germany,Male,58,633,128137.42,2,0,1,0.852,1,Critical Risk
15603082,Yashina,France,Male,51,701,0.0,2,0,0,0.3473,1,Moderate Risk
15685947,Henderson,Germany,Male,42,556,115915.53,2,1,1,0.1378,0,Low Risk
15643048,Mueller,France,Male,66,639,0.0,2,1,0,0.0257,0,Low Risk
15807568,Wright,France,Male,50,632,0.0,2,0,0,0.1924,0,Low Risk
15597591,Lung,France,Male,29,456,107000.49,1,1,0,0.0403,0,Low Risk
15747558,Bryant,Spain,Female,38,729,0.0,2,0,0,0.0489,0,Low Risk
15756655,Madukaife,France,Female,34,632,0.0,2,0,0,0.0343,0,Low Risk
15589949,Maclean,Spain,Male,34,433,152806.74,1,0,0,0.0901,0,Low Risk
15601012,Abdullah,France,Female,60,802,92887.06,1,0,1,0.9397,1,Critical Risk
15724269,Yao,France,Male,25,670,0.0,2,1,0,0.0062,0,Low Risk
15567506,Cheatham,Germany,Female,40,738,114940.67,2,1,1,0.1572,0,Low Risk
15791877,Gallagher,Germany,Male,34,706,140641.26,2,1,0,0.0433,0,Low Risk
15794360,Hao,Germany,Female,70,592,71816.74,2,0,1,0.6459,1,High Risk
15686538,Nixon,France,Female,41,522,0.0,2,1,0,0.0661,0,Low Risk
15585985,Wang,France,Male,48,746,165282.42,1,0,1,0.7759,1,Critical Risk
15699257,Kerr,Spain,Male,42,651,143145.87,2,0,0,0.1553,0,Low Risk
15804104,Romani,France,Male,28,494,114731.76,2,1,0,0.0062,0,Low Risk
15727619,Lock,Germany,Female,46,753,113909.69,3,0,1,1.0,1,Critical Risk
15740237,Millar,Germany,Male,36,671,116695.27,1,0,0,0.3374,1,Moderate Risk
15801436,K'ung,France,Male,42,696,0.0,1,0,1,0.5264,1,High Risk
15705735,Onyekachi,Spain,Male,43,577,0.0,2,1,0,0.0159,0,Low Risk
15649359,Somayina,France,Male,36,587,0.0,2,1,0,0.0062,0,Low Risk
15624892,Dennis,Germany,Male,37,712,93978.96,2,0,0,0.0649,0,Low Risk
15784918,Brown,Germany,Male,35,498,121968.11,2,1,0,0.0482,0,Low Risk
15584785,Ogochukwu,France,Male,37,660,97324.91,1,0,0,0.0993,0,Low Risk
15797197,Macleod,Spain,Male,29,678,0.0,2,0,0,0.0124,0,Low Risk
15574858,Page,France,Male,37,530,0.0,2,1,0,0.0039,0,Low Risk
15794101,Barese,France,Female,48,559,0.0,2,1,0,0.1616,0,Low Risk
15743245,Agafonova,France,Male,42,624,145155.37,1,0,1,0.3203,1,Moderate Risk
15791535,Caraway,France,Male,28,592,137222.77,1,0,0,0.0685,0,Low Risk
15605215,Stevenson,France,Male,48,767,0.0,2,1,0,0.0829,0,Low Risk
15771749,Duncan,Germany,Female,38,653,114268.22,2,1,0,0.1585,0,Low Risk
15616833,Wang,Spain,Male,27,678,0.0,2,1,0,0.0062,0,Low Risk
15750728,Kaur,Spain,Female,42,586,0.0,1,0,0,0.6429,1,High Risk
15769353,Jenkins,France,Female,40,550,150490.32,1,0,1,0.464,1,High Risk
15770091,Edwards,Germany,Male,28,643,160858.13,2,0,0,0.0542,0,Low Risk
15716420,Kelly,Spain,Male,39,612,170288.38,1,1,0,0.0822,0,Low Risk
15740602,Boyle,Germany,Female,27,674,111568.01,1,1,0,0.3195,1,Moderate Risk
15796071,Loane,Spain,Male,29,657,83889.03,1,0,0,0.0792,0,Low Risk
15811389,Padovano,Germany,Female,35,724,171982.95,2,1,0,0.0281,0,Low Risk
15783875,Li Fonti,France,Female,34,500,0.0,2,0,0,0.0274,0,Low Risk
15671800,Robinson,France,Male,20,688,137624.4,2,1,0,0.0062,0,Low Risk
15677288,Geach,France,Male,50,599,121159.65,1,0,1,0.653,1,Critical Risk
15633525,Payne,France,Male,29,631,0.0,2,1,0,0.0062,0,Low Risk
15634606,Chinonyelum,Spain,Male,52,634,0.0,2,1,0,0.0609,0,Low Risk
15579207,Watkins,France,Male,37,545,91184.01,1,0,0,0.0724,0,Low Risk
15619892,Page,Spain,Male,18,644,0.0,2,0,0,0.0101,0,Low Risk
15567778,Genovese,Germany,Female,54,690,144027.8,1,1,1,0.8263,1,Critical Risk
15711750,Watson,France,Female,34,711,0.0,2,1,0,0.0343,0,Low Risk
15751084,Mancini,France,Female,29,712,140170.61,1,1,0,0.0609,0,Low Risk
15768945,Chibueze,France,Male,27,627,62092.9,1,1,0,0.0336,0,Low Risk
15586931,Hunter,Spain,Male,39,694,0.0,1,1,0,0.1349,0,Low Risk
15636353,Buchi,Spain,Male,35,534,0.0,2,0,0,0.0124,0,Low Risk
15623858,Charteris,France,Male,45,603,0.0,1,0,0,0.7534,1,Critical Risk
15703354,Aksenov,France,Female,33,808,103516.87,1,0,0,0.0956,0,Low Risk
15663987,Wright,Spain,Male,30,723,0.0,3,0,1,0.6524,1,Critical Risk
15780805,Lu,France,Female,35,585,0.0,2,0,1,0.0459,0,Low Risk
15768566,K?,France,Male,34,706,0.0,2,1,0,0.0062,0,Low Risk
15643229,Hou,France,Female,31,671,0.0,2,1,0,0.0251,0,Low Risk
15754940,Descoteaux,Spain,Male,43,597,85162.26,1,1,1,0.099,0,Low Risk
15676576,Stephenson,France,Female,43,646,143061.88,1,0,0,0.5468,1,High Risk
15800068,Cooper,Spain,Female,46,801,0.0,2,1,0,0.0419,0,Low Risk
15648030,Crump,Spain,Female,33,731,137388.01,2,0,0,0.13,0,Low Risk
15668594,Diggs,Germany,Female,25,620,137712.01,1,1,0,0.1471,0,Low Risk
15728709,Shih,Germany,Male,40,484,106901.42,2,0,0,0.1627,0,Low Risk
15724181,Hudson,Spain,Male,47,647,105603.21,2,1,0,0.0994,0,Low Risk
15647546,Carvosso,Germany,Female,40,688,150679.71,2,1,0,0.0424,0,Low Risk
15702601,Wyatt,Germany,Male,30,680,108300.27,2,1,1,0.0336,0,Low Risk
15567725,Kodilinyechukwu,France,Female,46,689,52016.08,2,1,0,0.1897,0,Low Risk
15674179,Vorobyova,Germany,Male,34,513,60515.13,1,0,0,0.1451,0,Low Risk
15686957,Piccio,Germany,Male,35,553,158584.28,2,0,0,0.0593,0,Low Risk
15607690,Hsing,Germany,Male,47,689,118812.5,2,0,0,0.5498,1,High Risk
15806546,Lucas,Spain,Male,46,517,0.0,1,0,0,0.8592,1,Critical Risk
15632850,T'ang,France,Male,37,731,0.0,2,1,0,0.0124,0,Low Risk
15709016,North,Germany,Female,47,687,91219.29,1,0,1,0.9666,1,Critical Risk
15638068,Thompson,Spain,Male,32,507,0.0,2,0,0,0.0062,0,Low Risk
15749345,Simpson,France,Female,22,468,76318.64,1,1,0,0.0538,0,Low Risk
15791321,Nwora,Spain,Female,58,682,0.0,1,0,0,0.9946,1,Critical Risk
15699095,Chandler,France,Female,24,603,0.0,1,1,1,0.1838,0,Low Risk
15638329,Uspensky,Germany,Male,25,522,111432.13,1,1,0,0.0901,0,Low Risk
15575445,Ferguson,Spain,Male,41,629,150148.51,1,0,0,0.1354,0,Low Risk
15752622,Kerr,France,Female,32,729,38550.06,1,1,0,0.1921,0,Low Risk
15774507,Furneaux,France,Female,39,574,119013.86,1,0,0,0.3005,1,Moderate Risk
15570857,Kambinachi,Germany,Female,39,677,111213.64,2,1,0,0.2331,0,Moderate Risk
15599386,Black,Germany,Male,28,627,71097.23,1,1,0,0.0827,0,Low Risk
15744913,Chizoba,Spain,Male,36,788,109632.85,1,1,0,0.0316,0,Low Risk
15647292,Peng,France,Male,63,697,148368.02,1,0,1,0.856,1,Critical Risk
15728838,Leach,France,Male,45,578,148600.91,1,0,1,0.6587,1,Critical Risk
15584704,Chiazagomekpele,France,Male,48,519,71083.98,1,0,0,0.6225,1,High Risk
15749068,Nickson,France,Female,40,632,139625.34,1,0,1,0.43,1,High Risk
15622985,Lin,France,Female,39,679,0.0,1,0,1,0.6836,1,Critical Risk
15587676,Alexeieva,France,Male,30,699,0.0,1,1,0,0.0475,0,Low Risk
15779496,Sykes,France,Male,64,615,81564.1,2,1,0,0.0827,0,Low Risk
15733460,Martin,Spain,Male,36,622,0.0,2,1,0,0.0062,0,Low Risk
15711457,Herz,France,Female,28,755,124540.28,1,1,0,0.0609,0,Low Risk
15795290,Nikitina,France,Female,42,767,133616.39,1,0,0,0.4421,1,High Risk
15611223,Ko,Germany,Female,38,752,101648.5,2,0,0,0.3024,1,Moderate Risk
15794159,Highett,France,Female,26,633,124281.84,1,1,0,0.0661,0,Low Risk
15780677,Jackson,France,Female,59,717,0.0,2,1,0,0.1471,0,Low Risk
15690175,Ball,Spain,Male,45,585,0.0,2,0,0,0.0609,0,Low Risk
15722599,Nelson,France,Female,37,751,183613.66,2,0,0,0.2254,0,Moderate Risk
15569976,Woronoff,Germany,Male,65,754,136186.44,1,1,1,0.686,1,Critical Risk
15707011,Morrison,France,Male,47,495,137682.68,1,0,0,0.5342,1,High Risk
15702277,Smith,France,Male,34,650,106005.54,1,1,0,0.0592,0,Low Risk
15801915,Rendall,France,Female,31,529,152310.55,1,0,0,0.1516,0,Low Risk
15580213,McIntyre,France,Female,43,585,0.0,2,0,0,0.0609,0,Low Risk
15637947,Wei,Spain,Male,32,668,134446.04,1,1,0,0.0419,0,Low Risk
15715888,Allardyce,France,Female,38,591,142289.28,1,1,0,0.1054,0,Low Risk
15732967,Cremonesi,France,Male,19,731,0.0,2,1,0,0.0051,0,Low Risk
15737047,Weatherford,France,Female,45,754,0.0,1,0,1,0.9191,1,Critical Risk
15694039,Jen,Germany,Female,46,650,149003.76,2,0,0,0.642,1,High Risk
15649457,Macleod,Germany,Male,41,588,131341.46,2,1,0,0.0684,0,Low Risk
15742809,Mironova,Spain,Female,29,712,77919.78,1,0,0,0.0994,0,Low Risk
15637829,Sharpe,France,Female,34,691,0.0,2,1,0,0.0289,0,Low Risk
15633194,Osborne,France,Female,41,771,108309.0,4,1,1,0.9946,1,Critical Risk
15611635,Chu,Spain,Female,39,678,0.0,1,1,0,0.37,1,Moderate Risk
15638774,Chong,Spain,Female,40,719,0.0,2,0,0,0.0592,0,Low Risk
15722037,Alvarez,Germany,Male,36,610,115462.02,1,1,0,0.3277,1,Moderate Risk
15672930,Palerma,Spain,Male,37,722,0.0,2,0,0,0.0274,0,Low Risk
15668774,Chiemenam,Germany,Female,23,758,122739.1,1,0,1,0.4705,1,High Risk
15780966,Pritchard,France,Female,32,709,0.0,2,0,0,0.0281,0,Low Risk
15659694,Wallis,Germany,Female,53,634,113781.5,2,1,1,0.5813,1,High Risk
15624424,Palerma,Spain,Female,49,678,0.0,2,1,0,0.0883,0,Low Risk
15708713,Hill,France,Male,35,633,0.0,2,1,0,0.0062,0,Low Risk
15755405,Hudson,France,Male,43,710,128284.45,1,0,1,0.3629,1,Moderate Risk
15647570,Chung,Germany,Male,45,640,120591.19,1,0,0,0.796,1,Critical Risk
15684348,Zhdanova,France,Male,63,656,0.0,2,1,0,0.0609,0,Low Risk
15702541,Fraser,France,Female,59,551,166968.28,1,0,1,0.9813,1,Critical Risk
15646942,Meng,Spain,Female,39,786,0.0,2,0,0,0.0359,0,Low Risk
15748920,Cherkasova,France,Female,49,561,0.0,2,1,0,0.13,0,Low Risk
15694581,Rawlings,Spain,Male,42,807,0.0,2,1,0,0.0062,0,Low Risk
15643215,Jen,Germany,Male,38,602,71667.97,2,0,0,0.0331,0,Low Risk
15649060,Chien,Germany,Female,31,727,82729.47,2,0,0,0.0446,0,Low Risk
15774258,Gorbunov,France,Male,40,678,0.0,2,1,0,0.0167,0,Low Risk
15731553,Lucas,France,Male,23,730,0.0,2,0,0,0.0124,0,Low Risk
15617029,Young,Spain,Female,30,596,0.0,2,0,0,0.0281,0,Low Risk
15780716,Colombo,Germany,Male,39,686,129626.19,2,1,0,0.0609,0,Low Risk
15577018,Tsao,Germany,Female,26,684,114035.39,1,0,0,0.3383,1,Moderate Risk
15809515,Lewis,Germany,Male,32,797,151922.94,1,0,0,0.1622,0,Low Risk
15789924,Hussain,France,Female,39,658,0.0,1,1,0,0.3457,1,Moderate Risk
15725076,Anderson,Spain,Female,27,653,107751.68,2,1,0,0.0403,0,Low Risk
15672481,Ulyanov,France,Male,37,641,0.0,2,0,0,0.0254,0,Low Risk
15574115,Shaw,Spain,Female,41,656,101179.23,2,1,0,0.0783,0,Low Risk
15661830,Lucciano,Spain,Female,36,750,0.0,2,1,0,0.0254,0,Low Risk
15665879,Gordon,France,Female,40,768,0.0,2,1,0,0.0536,0,Low Risk
15673820,Woodward,France,Male,33,568,0.0,2,0,0,0.0124,0,Low Risk
15747772,Cunningham,Germany,Male,36,706,58571.18,2,0,0,0.0403,0,Low Risk
15666197,Boni,Germany,Female,38,430,153058.64,1,0,0,0.4406,1,High Risk
15773639,Truscott,Germany,Male,35,745,98270.34,1,0,0,0.416,1,High Risk
15581893,Ginikanwa,France,Male,43,747,130788.71,1,1,1,0.1319,0,Low Risk
15672447,Bailey,Germany,Male,40,657,99165.84,1,1,1,0.3831,1,Moderate Risk
15777830,Hutchinson,France,Female,42,639,0.0,2,0,0,0.0883,0,Low Risk
15713890,Maclean,France,Male,44,704,0.0,2,1,0,0.0352,0,Low Risk
15577598,Chiang,Spain,Male,23,651,115636.05,2,0,0,0.0609,0,Low Risk
15786042,Willmore,Germany,Female,44,706,185932.18,2,0,0,0.164,0,Low Risk
15753462,Godson,Germany,Male,30,632,72549.0,2,1,0,0.0062,0,Low Risk
15759690,Smith,France,Male,42,751,0.0,2,1,0,0.0159,0,Low Risk
15801414,Bitter,France,Female,35,767,0.0,2,0,0,0.031,0,Low Risk
15656141,Ts'ao,France,Male,39,741,0.0,1,1,0,0.2312,0,Moderate Risk
15608701,Chialuka,Germany,Male,29,651,121890.06,1,0,1,0.3798,1,Moderate Risk
15582892,Scott,France,Male,46,601,99786.07,1,1,1,0.2098,0,Moderate Risk
15632967,Feng,France,Male,34,520,0.0,2,1,0,0.0062,0,Low Risk
15587573,Castiglione,Germany,Male,27,626,115084.53,2,1,0,0.0471,0,Low Risk
15654891,He,France,Male,30,811,0.0,2,1,0,0.0,0,Low Risk
15611365,Fanucci,France,Female,32,730,127661.69,1,0,0,0.1414,0,Low Risk
15749103,Ginikanwa,Germany,Female,47,604,118907.6,1,1,1,0.848,1,Critical Risk
15810203,Manning,Germany,Female,44,499,77627.33,2,0,0,0.1319,0,Low Risk
15813660,Forlonge,Spain,Male,40,754,160625.17,1,1,0,0.0365,0,Low Risk
15605673,Liang,Spain,Female,29,716,0.0,2,0,0,0.0124,0,Low Risk
15669282,Uchechukwu,France,Female,20,636,124266.86,1,0,0,0.0569,0,Low Risk
15792726,Sung,France,Female,25,470,127974.06,2,1,0,0.0419,0,Low Risk
15593241,Tochukwu,France,Male,43,444,0.0,2,1,0,0.0241,0,Low Risk
15683053,Reyna,Spain,Female,48,809,0.0,1,0,1,0.9501,1,Critical Risk
15632736,Liang,Germany,Female,30,850,104911.35,2,1,0,0.0159,0,Low Risk
15731865,Unwin,France,Male,27,637,0.0,2,0,0,0.0101,0,Low Risk
15760450,Rutherford,France,Male,43,512,0.0,2,1,0,0.0241,0,Low Risk
15787204,Howe,Spain,Female,43,774,110646.54,1,0,0,0.3928,1,Moderate Risk
15650454,Tran,France,Male,57,641,0.0,2,1,0,0.0609,0,Low Risk
15573730,Thompson,Germany,Male,42,586,126704.49,2,0,0,0.2616,0,Moderate Risk
15705050,Linger,France,Male,30,611,0.0,2,1,0,0.0062,0,Low Risk
15791342,Johnston,Spain,Male,31,660,84560.04,1,1,0,0.0359,0,Low Risk
15684316,Udokamma,France,Male,43,532,0.0,2,0,1,0.074,0,Low Risk
15700540,Barrera,Germany,Female,38,557,129893.56,1,0,0,0.5856,1,High Risk
15770631,Sutherland,Spain,Male,25,730,167385.81,1,1,0,0.0311,0,Low Risk
15790594,Bednall,France,Female,27,535,0.0,2,1,0,0.0124,0,Low Risk
15604020,Otoole,Germany,Female,36,773,105858.71,1,1,0,0.2895,1,Moderate Risk
15637599,Cremonesi,Germany,Female,44,510,123070.89,1,0,1,0.8159,1,Critical Risk
15736578,Hamilton,France,Male,39,539,0.0,1,1,0,0.1801,0,Low Risk
15666332,Donaldson,Spain,Female,48,690,0.0,2,1,0,0.0365,0,Low Risk
15727291,McKay,France,Female,40,821,0.0,2,0,0,0.0516,0,Low Risk
15785920,Black,Germany,Male,35,687,125141.24,2,1,0,0.0426,0,Low Risk
15658987,Kane,France,Female,46,557,96173.17,2,1,0,0.2431,0,Moderate Risk
15687719,She,Spain,Female,37,532,0.0,2,1,0,0.0124,0,Low Risk
15799641,Bruno,Spain,Male,39,540,0.0,2,0,0,0.0329,0,Low Risk
15758702,Watson,France,Female,55,705,0.0,2,1,0,0.1485,0,Low Risk
15689526,Shih,Germany,Female,35,542,127543.11,2,0,1,0.3774,1,Moderate Risk
15586848,Rose,France,Male,38,706,0.0,2,0,0,0.0261,0,Low Risk
15707637,Zikoranachukwudimma,France,Female,56,765,0.0,1,0,1,0.9978,1,Critical Risk
15719426,Cole,France,Male,67,529,103101.56,2,1,1,0.0695,0,Low Risk
15639265,Isaacs,France,Male,54,714,126113.28,1,0,0,0.8834,1,Critical Risk
15576124,Muravyova,France,Male,41,582,40488.76,1,0,0,0.4413,1,High Risk
15757829,Timperley,Germany,Female,40,609,137389.77,2,0,0,0.3791,1,Moderate Risk
15633227,Kenechukwu,France,Female,28,518,85146.36,1,0,0,0.033,0,Low Risk
15753092,He,Germany,Male,35,791,129828.58,1,1,1,0.2756,1,Moderate Risk
15782939,Storey,France,Male,42,747,80214.36,1,0,1,0.3195,1,Moderate Risk
15746338,Onyekachukwu,France,Female,40,565,0.0,2,1,0,0.0359,0,Low Risk
15590676,Kharlamova,France,Male,34,735,141796.43,1,0,0,0.0671,0,Low Risk
15599329,Christopher,France,Female,49,697,195238.29,4,1,1,1.0,1,Critical Risk
15783097,Lombardo,Germany,Male,27,813,111348.15,1,0,0,0.4055,1,High Risk
15597885,Kerr,France,Male,43,772,0.0,2,1,0,0.0159,0,Low Risk
15597467,Duncan,France,Female,71,606,0.0,2,1,0,0.0365,0,Low Risk
15724764,Lawley,Germany,Female,42,667,64404.26,2,0,0,0.1597,0,Low Risk
15778418,Burns,Germany,Male,40,637,154309.67,1,1,1,0.2722,1,Moderate Risk
15684769,Whitson,France,Male,67,542,129431.36,1,1,0,0.0553,0,Low Risk
15756167,Doyne,Spain,Female,43,762,134204.67,1,1,0,0.2026,0,Moderate Risk
15632439,Pinto,France,Female,39,698,0.0,2,1,0,0.0532,0,Low Risk
15755138,Chin,France,Female,32,850,0.0,2,1,0,0.0124,0,Low Risk
15659092,Davide,France,Female,50,621,0.0,2,0,1,0.4705,1,High Risk
15742116,Torres,Germany,Female,48,671,116711.06,2,0,0,0.7719,1,Critical Risk
15801994,Buccho,France,Male,31,775,0.0,2,0,0,0.0101,0,Low Risk
15647572,Greece,Spain,Male,34,504,54980.81,1,1,0,0.0753,0,Low Risk
15644551,Wimble,Spain,Female,37,751,99773.85,2,0,0,0.1034,0,Low Risk
15709135,Pirozzi,Germany,Male,30,691,101231.77,2,0,0,0.0566,0,Low Risk
15684469,Hsiung,Germany,Male,32,841,117070.21,1,0,0,0.2483,0,Moderate Risk
15627637,Obioma,Germany,Male,23,709,73314.04,2,0,0,0.0159,0,Low Risk
15667093,Onio,France,Male,37,673,0.0,1,1,0,0.1108,0,Low Risk
15690589,Udinesi,France,Male,37,541,212314.03,1,1,0,0.3332,1,Moderate Risk
15595350,Fermin,France,Female,31,661,136067.82,2,0,0,0.0609,0,Low Risk
15777586,Moss,Spain,Female,42,784,109052.04,2,0,0,0.1849,0,Low Risk
15804064,Docherty,France,Female,35,742,79126.17,1,1,0,0.0896,0,Low Risk
15717770,Marcelo,Spain,Female,55,850,0.0,1,0,1,0.9739,1,Critical Risk
15754443,Fadden,France,Female,35,443,108308.0,1,0,1,0.1614,0,Low Risk
15776939,Zox,Germany,Female,48,778,102290.56,2,0,0,0.7217,1,Critical Risk
15713517,Otitodilinna,France,Male,39,529,102025.08,2,0,0,0.0609,0,Low Risk
15683522,Kennedy,Germany,Female,37,678,113383.07,1,1,0,0.4695,1,High Risk
15673995,Tu,Spain,Female,65,516,102541.1,1,0,0,0.7996,1,Critical Risk
15771054,Barnes,Spain,Male,35,469,0.0,2,0,0,0.0124,0,Low Risk
15578788,Bibi,Spain,Male,40,786,0.0,2,0,0,0.0274,0,Low Risk
15737408,L?,France,Female,41,703,109941.51,1,0,0,0.4421,1,High Risk
15750837,Landseer,Germany,Male,41,579,141749.68,1,1,0,0.4732,1,High Risk
15576022,Nwachinemelu,France,Male,38,565,0.0,2,1,0,0.0124,0,Low Risk
15635502,Ch'iu,France,Male,44,443,0.0,1,0,0,0.4808,1,High Risk
15627298,Vinogradova,France,Male,37,589,85146.48,2,0,1,0.0576,0,Low Risk
15811415,Jenks,France,Female,44,691,134066.1,2,1,0,0.0747,0,Low Risk
15645059,Crace,France,Female,28,711,0.0,2,0,0,0.0179,0,Low Risk
15689671,Packham,Spain,Male,27,775,0.0,1,1,0,0.0476,0,Low Risk
15718667,T'ien,France,Male,35,621,87619.29,1,0,0,0.0392,0,Low Risk
15803202,Onyekachi,France,Male,51,350,0.0,1,1,1,0.865,1,Critical Risk
15593683,Solomina,Spain,Female,30,668,0.0,2,0,0,0.0281,0,Low Risk
15703394,Hawes,Spain,Male,27,633,0.0,2,0,0,0.0124,0,Low Risk
15570289,Benson,Germany,Male,43,697,103409.16,1,0,1,0.6962,1,Critical Risk
15567437,Emenike,Germany,Female,30,734,123040.38,1,1,0,0.2553,0,Moderate Risk
15711687,Nero,France,Male,41,434,108128.52,1,1,0,0.1,0,Low Risk
15656592,Toscano,Germany,Male,48,646,169023.33,2,1,0,0.1021,0,Low Risk
15634373,Yang,France,Male,30,764,0.0,2,1,0,0.0062,0,Low Risk
15769125,Palerma,Spain,Female,41,727,0.0,2,1,0,0.0455,0,Low Risk
15711386,Trentini,France,Female,29,724,0.0,2,1,0,0.0124,0,Low Risk
15714241,Haddon,Spain,Male,42,749,222267.63,1,0,1,0.8565,1,Critical Risk
15642530,Coates,Germany,Female,47,706,144090.42,1,0,1,0.9601,1,Critical Risk
15713599,Castiglione,France,Male,30,728,114835.43,1,1,0,0.0144,0,Low Risk
15744770,Stone,France,Male,44,636,0.0,2,0,0,0.0241,0,Low Risk
15780498,Maynard,France,Male,34,634,145030.92,1,1,0,0.0592,0,Low Risk
15624397,Moore,France,Male,43,627,71240.3,1,1,0,0.1929,0,Low Risk
15615219,Obielumani,France,Male,59,518,138772.15,1,1,0,0.3734,1,Moderate Risk
15570908,Harding,Spain,Female,29,687,93617.07,1,1,0,0.0433,0,Low Risk
15762855,Hill,Spain,Female,23,622,0.0,2,1,0,0.0062,0,Low Risk
15661827,Brown,Spain,Female,45,693,0.0,2,1,0,0.0576,0,Low Risk
15746035,Pagnotto,Spain,Male,25,450,74237.2,2,1,0,0.0062,0,Low Risk
15691906,Esposito,Germany,Female,49,664,127421.78,2,0,1,0.7941,1,Critical Risk
15793424,Tan,Spain,Female,28,663,61274.7,2,0,0,0.0403,0,Low Risk
15577905,Hammond,France,Male,34,660,106486.66,2,1,0,0.0274,0,Low Risk
15667216,Chung,France,Female,29,579,73194.52,2,1,0,0.0403,0,Low Risk
15673971,Houghton,Germany,Female,44,655,146498.76,1,0,1,0.8143,1,Critical Risk
15701238,Chia,France,Male,47,683,0.0,2,0,0,0.1548,0,Low Risk
15644849,Zikoranachidimma,France,Female,32,655,0.0,1,1,0,0.1584,0,Low Risk
15635531,Boag,Spain,Female,30,575,0.0,2,0,0,0.0236,0,Low Risk
15632263,Pagnotto,Spain,Male,30,574,120355.0,1,0,0,0.1789,0,Low Risk
15720110,Oluchukwu,France,Male,32,795,117265.21,1,1,0,0.0159,0,Low Risk
15619045,Baxter,France,Female,43,776,0.0,2,1,0,0.06,0,Low Risk
15697510,Tien,Spain,Female,52,707,0.0,1,0,1,0.9739,1,Critical Risk
15784923,Chimezie,Germany,Female,37,705,109974.22,1,1,1,0.5813,1,High Risk
15567383,Slone,Germany,Female,44,678,98009.13,2,1,0,0.1374,0,Low Risk
15732621,Martin,France,Male,34,663,0.0,1,1,0,0.0592,0,Low Risk
15757981,Loggia,France,Male,66,748,0.0,1,1,0,0.1792,0,Low Risk
15727819,Hartley,Spain,Female,34,677,171671.9,1,1,0,0.0582,0,Low Risk
15738088,Parkin,Spain,Male,63,634,0.0,2,0,1,0.5468,1,High Risk
15765173,Lin,France,Female,60,350,0.0,1,0,1,1.0,1,Critical Risk
15665159,Brooks,France,Male,61,727,128213.96,2,1,1,0.1939,0,Low Risk
15618203,Tien,Germany,Male,51,773,116197.65,2,1,0,0.3396,1,Moderate Risk
15791452,Dann,France,Male,39,675,0.0,2,0,0,0.0336,0,Low Risk
15638159,Trentino,Spain,Female,36,649,86607.39,1,0,0,0.1924,0,Low Risk
15585466,Russo,France,Male,29,552,0.0,2,0,0,0.0159,0,Low Risk
15677310,Christie,Germany,Male,62,761,98854.34,1,0,1,0.9677,1,Critical Risk
15646262,Ross,France,Male,31,622,0.0,1,0,0,0.1375,0,Low Risk
15656901,Nnonso,France,Male,59,615,0.0,2,1,0,0.0781,0,Low Risk
15621093,Teng,Germany,Male,31,681,97338.19,2,0,0,0.0542,0,Low Risk
15592123,Buccho,France,Male,30,768,0.0,2,1,0,0.0,0,Low Risk
15589200,Madukaife,Spain,Male,34,617,0.0,2,0,0,0.0159,0,Low Risk
15602934,Dunn,France,Female,33,452,131698.57,2,0,0,0.0593,0,Low Risk
15812720,Hooker,Germany,Male,37,807,130110.45,2,1,0,0.0576,0,Low Risk
15695383,Griffin,Spain,Male,44,567,0.0,2,0,0,0.0492,0,Low Risk
15723064,Kistler,Spain,Male,24,603,165149.13,2,0,0,0.049,0,Low Risk
15761606,Law,Spain,Female,37,617,101707.8,1,0,0,0.2189,0,Moderate Risk
15650322,Grigoryeva,France,Female,34,701,105588.66,1,1,0,0.0792,0,Low Risk
15669782,Chu,Germany,Male,39,820,111336.89,1,0,1,0.8183,1,Critical Risk
15751628,Onyemachukwu,France,Male,60,438,78391.17,1,1,0,0.2562,0,Moderate Risk
15809057,Lu,Spain,Female,27,600,0.0,2,1,0,0.0101,0,Low Risk
15617052,Watson,France,Male,34,782,0.0,1,0,1,0.2503,0,Moderate Risk
15590810,Fallaci,Germany,Female,41,638,144326.09,1,0,1,0.856,1,Critical Risk
15801293,Ni,Germany,Male,27,850,101278.25,2,1,0,0.0062,0,Low Risk
15770968,Leason,Germany,Female,19,741,108711.57,2,0,0,0.0821,0,Low Risk
15572356,Tsai,Spain,Male,73,689,108555.07,1,1,0,0.0383,0,Low Risk
15603247,Bruner,Germany,Female,35,743,146781.24,1,0,0,0.3746,1,Moderate Risk
15619116,Wallace,France,Female,36,493,0.0,2,1,0,0.0254,0,Low Risk
15691792,Young,Spain,Male,35,416,0.0,1,0,0,0.2522,0,Moderate Risk
15783276,Forbes,France,Female,25,725,0.0,2,1,0,0.0221,0,Low Risk
15766137,Muir,France,Male,34,497,0.0,2,1,0,0.0062,0,Low Risk
15574554,Pugh,Germany,Male,66,537,103291.25,2,1,0,0.13,0,Low Risk
15578671,Webb,Spain,Female,29,706,209490.21,1,1,1,0.2982,1,Moderate Risk
15716608,Walker,Spain,Male,38,651,0.0,3,0,1,0.7019,1,Critical Risk
15690670,Cox,France,Male,33,720,0.0,2,1,0,0.0101,0,Low Risk
15630466,Maclean,France,Male,45,797,0.0,1,0,0,0.6916,1,Critical Risk
15630349,Hollis,Spain,Male,23,543,0.0,2,0,0,0.0101,0,Low Risk
15803801,Jamieson,France,Male,34,454,0.0,2,0,0,0.0101,0,Low Risk
15647890,Su,France,Male,37,691,149405.18,1,1,0,0.0538,0,Low Risk
15606115,P'eng,France,Female,52,510,191665.21,1,1,1,0.5862,1,High Risk
15714642,Hawkins,Spain,Female,40,792,0.0,1,0,0,0.6429,1,High Risk
15741181,Ndubuagha,France,Male,41,721,135071.12,1,1,0,0.1162,0,Low Risk
15773973,Hill,France,Male,41,765,0.0,2,1,0,0.0174,0,Low Risk
15758546,Norton,Spain,Male,39,850,0.0,2,1,0,0.0,0,Low Risk
15598940,Achebe,Germany,Male,38,681,181804.34,2,1,0,0.0403,0,Low Risk
15669783,Simpson,France,Female,60,586,47020.65,2,1,1,0.3853,1,Moderate Risk
15624993,Chiang,France,Female,36,753,128518.98,1,1,1,0.1553,0,Low Risk
15760568,Dalrymple,Germany,Female,38,593,142658.04,2,1,0,0.0995,0,Low Risk
15699047,Chukwuemeka,France,Female,21,674,120150.39,2,1,0,0.0397,0,Low Risk
15616168,Ojiofor,France,Female,35,610,81905.95,1,1,0,0.0781,0,Low Risk
15773146,Rubeo,France,Male,26,652,137998.2,2,1,0,0.0159,0,Low Risk
15770375,Fanucci,Germany,Female,26,850,123126.29,1,0,0,0.2869,1,Moderate Risk
15589725,Zubarev,France,Female,51,740,0.0,2,1,0,0.1814,0,Low Risk
15710034,T'ao,Germany,Male,43,637,135645.29,2,1,1,0.0896,0,Low Risk
15800806,Pai,Spain,Male,31,685,122449.31,2,1,0,0.0124,0,Low Risk
15570485,Udegbunam,Spain,Male,40,558,161766.87,1,0,0,0.2817,1,Moderate Risk
15575391,Claypool,France,Female,37,677,0.0,2,1,0,0.0343,0,Low Risk
15790750,Manfrin,Germany,Male,36,592,123187.51,1,1,0,0.1374,0,Low Risk
15714832,Baker,Germany,Male,36,652,150956.71,1,0,0,0.4592,1,High Risk
15619953,Efremov,Spain,Female,42,662,105021.28,1,0,0,0.4308,1,High Risk
15673929,Chin,France,Male,64,543,0.0,2,1,0,0.0359,0,Low Risk
15578835,Brookes,Spain,Female,50,675,133204.91,1,1,0,0.3507,1,Moderate Risk
15752388,Doyle,Spain,Female,35,643,0.0,2,1,0,0.0254,0,Low Risk
15797081,Ajuluchukwu,Germany,Female,49,611,115488.52,2,1,1,0.5517,1,High Risk
15570194,Ikemefuna,France,Male,29,412,0.0,2,0,0,0.0062,0,Low Risk
15580149,Fowler,Spain,Male,41,638,0.0,2,0,0,0.0359,0,Low Risk
15777708,Liao,Spain,Female,38,824,0.0,2,0,0,0.0124,0,Low Risk
15769955,Onuora,France,Female,40,683,0.0,2,0,0,0.0604,0,Low Risk
15810444,Aksenov,Germany,Female,39,562,130565.02,1,0,1,0.8122,1,Critical Risk
15645593,Trevisani,France,Female,41,599,91328.71,1,0,0,0.3716,1,Moderate Risk
15765345,Wood,France,Male,35,753,0.0,2,1,0,0.0062,0,Low Risk
15760873,Lombardo,France,Male,50,594,81310.34,1,1,0,0.3372,1,Moderate Risk
15794178,Walpole,France,Male,34,657,107136.6,1,0,0,0.0883,0,Low Risk
15589361,Chikwendu,Spain,Male,34,716,0.0,1,1,0,0.0492,0,Low Risk
15662483,Ko,France,Male,43,850,0.0,2,1,0,0.0062,0,Low Risk
15809736,Steigrad,France,Male,46,664,0.0,1,1,1,0.442,1,High Risk
15731148,Isayeva,France,Male,33,558,108477.49,1,1,1,0.0359,0,Low Risk
15774328,Boni,Germany,Male,40,606,144757.97,2,1,0,0.0833,0,Low Risk
15646969,Anayolisa,Spain,Male,33,776,0.0,2,1,0,0.0,0,Low Risk
15718769,Fallaci,Spain,Male,36,557,113110.26,1,0,0,0.1872,0,Low Risk
15610226,Fenton,France,Female,27,614,106414.57,2,0,0,0.0443,0,Low Risk
15616270,Chao,Spain,Male,42,620,106920.91,1,1,0,0.1273,0,Low Risk
15790717,Osinachi,Spain,Male,35,695,0.0,2,0,0,0.0159,0,Low Risk
15635703,Chu,Germany,Female,39,729,131513.26,1,1,0,0.3141,1,Moderate Risk
15616365,Obiuto,France,Female,53,571,0.0,2,0,0,0.5395,1,High Risk
15630244,Chu,France,Male,40,457,134320.23,2,0,0,0.0821,0,Low Risk
15734714,Nash,France,Female,29,559,79715.36,1,0,0,0.0896,0,Low Risk
15721433,Hixson,France,Female,38,664,74306.19,2,0,0,0.1162,0,Low Risk
15590201,Fiorentini,Spain,Female,50,500,0.0,4,1,1,0.9616,1,Critical Risk
15590828,Chidimma,Germany,Male,42,782,126428.38,1,0,0,0.7983,1,Critical Risk
15752097,Chiazagomekpere,Spain,Male,38,708,99640.89,1,0,0,0.1273,0,Low Risk
15800031,Laura,France,Male,43,681,66338.68,1,1,1,0.1319,0,Low Risk
15630857,Wu,Spain,Female,39,674,0.0,2,1,0,0.0159,0,Low Risk
15689953,Toscani,Spain,Male,43,697,128226.37,1,0,0,0.1374,0,Low Risk
15759733,McMillan,France,Female,26,774,0.0,2,1,0,0.0124,0,Low Risk
15810826,Chiekwugo,France,Male,36,624,0.0,2,0,0,0.0159,0,Low Risk
15668009,Hendley,Spain,Male,37,747,0.0,2,1,0,0.0124,0,Low Risk
15743456,Birnie,France,Female,32,715,0.0,2,0,0,0.0403,0,Low Risk
15725762,Kemp,France,Male,24,808,122168.65,1,0,0,0.1121,0,Low Risk
15761713,Johnstone,France,Female,43,678,178074.33,1,0,0,0.5925,1,High Risk
15769246,Lo Duca,Germany,Male,59,813,135078.41,1,0,1,0.9684,1,Critical Risk
15781129,Montgomery,Spain,Male,38,687,69434.4,2,1,1,0.0187,0,Low Risk
15599124,Miller,France,Female,29,832,0.0,2,0,0,0.0251,0,Low Risk
15639004,Chiemezie,France,Male,72,668,0.0,2,1,0,0.0,0,Low Risk
15810995,Wright,Germany,Male,34,526,122726.56,1,1,0,0.2954,1,Moderate Risk
15653773,Shaw,France,Female,38,457,164496.99,1,1,0,0.091,0,Low Risk
15708357,Chapman,Spain,Female,38,649,0.0,1,0,0,0.4368,1,High Risk
15733597,Y?an,France,Female,41,669,150219.41,2,0,0,0.1489,0,Low Risk
15789560,Clark,France,Male,42,668,187534.79,1,1,1,0.1562,0,Low Risk
15699524,Howells,France,Female,30,466,0.0,1,0,0,0.3055,1,Moderate Risk
15626475,Gamble,France,Male,30,685,0.0,2,1,0,0.0062,0,Low Risk
15810839,Rogers,France,Male,34,610,103108.17,1,0,0,0.0359,0,Low Risk
15684318,McMillan,Germany,Female,50,582,96486.57,2,1,0,0.4675,1,High Risk
15768120,Brown,Germany,Male,36,702,90560.48,2,0,0,0.0569,0,Low Risk
15712807,Robertson,Spain,Male,46,556,131764.96,1,1,1,0.1965,0,Low Risk
15696371,Thomas,Spain,Female,24,812,92476.88,1,0,0,0.0469,0,Low Risk
15675794,Hsing,Germany,Male,47,645,152076.93,1,0,1,0.9165,1,Critical Risk
15774277,Chiu,France,Male,43,809,0.0,2,1,0,0.0097,0,Low Risk
15603764,Chang,France,Male,49,560,0.0,1,1,1,0.5575,1,High Risk
15618647,Kornilova,France,Male,29,744,43504.42,1,1,0,0.0449,0,Low Risk
15614643,Chifo,Spain,Female,39,731,0.0,2,0,0,0.0565,0,Low Risk
15707696,Lu,Spain,Female,28,471,0.0,2,1,0,0.0062,0,Low Risk
15749583,Bellucci,Germany,Female,38,686,93569.86,3,0,1,0.9605,1,Critical Risk
15815125,Michael,Spain,Male,45,668,102486.21,2,1,0,0.0609,0,Low Risk
15779620,Sinclair,France,Male,36,575,0.0,1,1,0,0.1352,0,Low Risk
15768233,Chukwuebuka,Germany,Male,37,435,114346.3,1,1,1,0.3087,1,Moderate Risk
15637788,Schmidt,France,Male,23,743,110203.77,1,0,0,0.0781,0,Low Risk
15777046,Parry,France,Female,39,580,128362.59,1,0,0,0.3547,1,Moderate Risk
15788723,McIntyre,Germany,Female,49,599,143888.22,2,1,1,0.3716,1,Moderate Risk
15790489,Lo Duca,Spain,Male,34,534,170600.78,1,1,0,0.0629,0,Low Risk
15739476,Ferrari,France,Female,32,680,0.0,1,1,0,0.2438,0,Moderate Risk
15612670,Berry,Spain,Female,46,631,0.0,2,1,0,0.0492,0,Low Risk
15631222,Cattaneo,France,Female,39,485,75339.64,1,1,0,0.104,0,Low Risk
15658972,Foster,France,Female,40,699,122038.34,1,0,0,0.3846,1,Moderate Risk
15724691,Gordon,France,Male,34,712,0.0,2,1,0,0.0,0,Low Risk
15740442,May,France,Male,51,603,186825.57,1,0,1,0.917,1,Critical Risk
15760427,Cameron,France,Male,40,850,124788.18,1,0,0,0.1861,0,Low Risk
15677939,Ch'eng,France,Female,41,584,0.0,2,1,0,0.0539,0,Low Risk
15611599,Curtis,France,Female,71,604,0.0,2,1,0,0.0144,0,Low Risk
15633474,Whitehead,France,Male,51,586,138553.57,1,1,0,0.3016,1,Moderate Risk
15671973,Chukwuemeka,Spain,Male,39,467,0.0,2,1,0,0.0,0,Low Risk
15790019,Onwughara,France,Male,35,520,105387.89,1,1,0,0.0446,0,Low Risk
15737735,Grant,Spain,Male,40,683,95053.1,1,1,1,0.0671,0,Low Risk
15661745,Browne,France,Male,36,557,0.0,1,1,0,0.1737,0,Low Risk
15797065,Goloubev,Spain,Female,32,613,0.0,2,1,0,0.0271,0,Low Risk
15710671,Gordon,France,Male,34,786,137361.96,1,0,0,0.0592,0,Low Risk
15656522,Sutherland,Spain,Male,32,593,158537.42,1,0,0,0.0452,0,Low Risk
15705085,Quesada,Spain,Female,29,670,0.0,2,0,0,0.0159,0,Low Risk
15744873,Wright,Germany,Female,48,657,143595.87,1,0,1,0.9589,1,Critical Risk
15781914,Simmons,Germany,Male,32,718,169947.41,2,1,0,0.0124,0,Low Risk
15637354,Yobachukwu,France,Female,24,623,148167.83,2,1,0,0.0397,0,Low Risk
15717307,Read,France,Male,31,496,0.0,2,0,0,0.0062,0,Low Risk
15746695,Wunder,France,Female,39,429,48023.83,1,0,0,0.4203,1,High Risk
15804962,Nnaife,France,Male,36,606,155655.46,1,1,1,0.046,0,Low Risk
15665378,Shen,France,Female,46,499,0.0,2,0,0,0.22,0,Moderate Risk
15757865,Powell,France,Male,62,642,0.0,2,1,0,0.0343,0,Low Risk
15578787,Goddard,France,Female,52,641,0.0,1,0,1,0.9902,1,Critical Risk
15794323,Buckley,France,Male,32,673,121240.76,1,0,0,0.078,0,Low Risk
15697546,McIntyre,France,Female,36,570,0.0,2,0,0,0.0459,0,Low Risk
15629519,Yen,France,Female,37,472,0.0,2,1,0,0.0241,0,Low Risk
15624703,Okonkwo,Germany,Male,35,550,129847.75,2,0,0,0.0953,0,Low Risk
15570002,Burlingame,Germany,Female,55,625,118772.71,4,0,1,1.0,1,Critical Risk
15808566,Hs?,France,Male,46,516,0.0,2,1,0,0.0359,0,Low Risk
15805463,Board,Germany,Male,32,682,105163.88,2,1,0,0.0336,0,Low Risk
15709136,Adams,France,Male,28,620,0.0,2,1,0,0.0,0,Low Risk
15801605,Rizzo,France,Female,39,626,0.0,2,1,0,0.0426,0,Low Risk
15567855,Chukwufumnanya,France,Female,29,623,0.0,2,0,0,0.0101,0,Low Risk
15675141,Fraser,France,Female,35,569,93934.63,1,0,0,0.3016,1,Moderate Risk
15665759,Russell,France,Female,69,724,117866.92,1,1,0,0.1209,0,Low Risk
15761487,Yefimova,France,Female,55,678,0.0,1,1,1,0.9095,1,Critical Risk
15700394,Palermo,Spain,Female,26,713,122857.46,2,0,1,0.104,0,Low Risk
15631162,Bergamaschi,France,Male,32,631,0.0,2,1,0,0.0136,0,Low Risk
15630641,Shao,France,Female,37,846,127103.97,1,1,0,0.1162,0,Low Risk
15585066,Chimaraoke,France,Female,43,660,0.0,1,1,1,0.5963,1,High Risk
15722991,McGregor,France,Male,54,567,96402.96,1,0,1,0.8767,1,Critical Risk
15737404,Kesteven,France,Male,31,731,132512.26,1,1,0,0.0274,0,Low Risk
15722409,Ritchie,Spain,Male,47,693,107604.66,1,1,0,0.1305,0,Low Risk
15806420,Jenks,France,Male,34,772,0.0,2,0,0,0.0159,0,Low Risk
15658148,Udokamma,France,Male,38,657,0.0,2,0,0,0.0274,0,Low Risk
15810660,Boyle,Germany,Male,34,774,120875.23,2,1,0,0.055,0,Low Risk
15709780,Azuka,France,Female,37,667,71786.9,2,1,0,0.0585,0,Low Risk
15727350,Pai,France,Female,37,516,113143.12,1,0,0,0.0799,0,Low Risk
15752312,Howells,Spain,Male,49,551,150777.72,2,1,0,0.1211,0,Low Risk
15616745,Hs?,Spain,Male,35,542,174894.53,1,1,0,0.0674,0,Low Risk
15572294,Kelly,France,Male,28,623,0.0,1,0,0,0.1266,0,Low Risk
15674110,Walton,France,Female,43,701,160416.56,1,1,0,0.2156,0,Moderate Risk
15662501,Ebelechukwu,France,Male,48,583,91246.53,1,0,1,0.6466,1,High Risk
15649239,Vasilieva,Spain,Male,46,731,0.0,2,0,0,0.1103,0,Low Risk
15700424,Hsiao,France,Female,35,461,0.0,1,1,0,0.1731,0,Low Risk
15636388,Abrego,Germany,Female,23,702,98775.23,1,0,0,0.2674,0,Moderate Risk
15713975,Gibson,Germany,Female,47,565,139756.12,1,0,1,0.9677,1,Critical Risk
15592925,Giordano,Spain,Male,42,711,177626.77,3,1,1,0.9798,1,Critical Risk
15581626,Mancini,France,Male,54,664,0.0,1,1,1,0.5828,1,High Risk
15641319,Afanasyeva,Spain,Male,50,518,0.0,1,0,1,0.9677,1,Critical Risk
15723481,Wright,Spain,Male,42,728,0.0,2,1,0,0.0159,0,Low Risk
15787825,Okwudiliolisa,Germany,Male,37,585,152496.82,1,1,0,0.1691,0,Low Risk
15710726,Hughes,France,Male,52,573,0.0,2,1,0,0.1471,0,Low Risk
15627195,Parrott,Germany,Male,26,568,112930.28,2,0,0,0.0701,0,Low Risk
15657957,Hughes,Germany,Female,26,602,113674.2,1,0,1,0.5575,1,High Risk
15676117,Zinachukwudi,France,Male,44,603,0.0,1,0,0,0.596,1,High Risk
15607874,Keane,France,Male,38,687,144450.58,1,1,0,0.0565,0,Low Risk
15796993,McCollum,France,Male,52,741,171236.3,2,0,1,0.7633,1,Critical Risk
15649858,Simpson,Spain,Male,37,469,96776.49,1,1,0,0.0241,0,Low Risk
15811032,Gambrell,Germany,Female,58,477,145984.92,1,1,0,0.6556,1,Critical Risk
15679963,Moretti,Germany,Male,43,737,96353.8,1,0,0,0.4457,1,High Risk
15579131,Ricci,France,Male,25,835,0.0,2,1,0,0.0,0,Low Risk
15572428,Rieke,Germany,Female,33,717,115777.23,1,1,0,0.2199,0,Moderate Risk
15622461,Ndubuagha,France,Female,51,562,122822.0,2,0,0,0.7101,1,Critical Risk
15636105,Chung,Spain,Male,61,758,0.0,2,1,0,0.0413,0,Low Risk
15583849,Ts'ai,France,Male,40,408,0.0,2,0,0,0.0711,0,Low Risk
15718780,Cox,Spain,Female,32,650,79450.09,1,1,0,0.0671,0,Low Risk
15739271,Lei,Germany,Male,33,582,122394.0,1,1,0,0.2504,0,Moderate Risk
15697129,Ulyanova,Spain,Female,43,706,0.0,2,0,0,0.0842,0,Low Risk
15763415,Gray,Germany,Male,41,567,134378.89,1,1,0,0.3205,1,Moderate Risk
15796617,McGregor,France,Male,29,720,0.0,2,0,0,0.0124,0,Low Risk
15626628,Tretiakova,Spain,Female,31,631,88161.85,2,0,0,0.0609,0,Low Risk
15765857,Genovesi,Spain,Male,41,623,142412.13,1,0,0,0.3236,1,Moderate Risk
15742511,Gordon,France,Male,35,514,121030.9,1,0,0,0.0724,0,Low Risk
15786433,Aitken,Germany,Female,35,650,165982.43,2,1,0,0.0569,0,Low Risk
15685805,Ginikanwa,Spain,Female,35,673,0.0,2,0,0,0.0471,0,Low Risk
15627971,Coates,France,Female,32,504,206663.75,1,0,0,0.4308,1,High Risk
15783025,Piazza,Germany,Male,37,723,94661.53,2,0,0,0.0649,0,Low Risk
15726289,Cawood,France,Male,25,645,174400.36,1,0,0,0.1257,0,Low Risk
15802118,Ignatieff,Spain,Male,41,664,123428.69,1,1,0,0.0684,0,Low Risk
15607990,Gallo,Spain,Male,43,760,175735.5,1,1,0,0.1704,0,Low Risk
15695932,Yelverton,Spain,Male,36,766,78381.13,1,1,0,0.0832,0,Low Risk
15812279,William,France,Male,37,634,115345.86,2,0,0,0.0644,0,Low Risk
15687558,Mault,Germany,Female,31,640,118613.34,1,0,0,0.3274,1,Moderate Risk
15729065,Mackay,Germany,Male,28,784,109960.06,2,1,0,0.0336,0,Low Risk
15698902,McIntyre,Germany,Female,42,547,142703.4,1,0,1,0.8056,1,Critical Risk
15570192,Henry,Germany,Female,40,608,121729.42,1,0,0,0.8168,1,Critical Risk
15809265,Kao,France,Female,35,547,0.0,1,1,0,0.2417,0,Moderate Risk
15745201,Frewin,France,Female,43,612,139496.35,2,1,0,0.1305,0,Low Risk
15580623,Yefremova,Spain,Male,28,573,0.0,2,0,0,0.0101,0,Low Risk
15578156,Anenechukwu,Spain,Male,32,615,138521.83,1,1,0,0.0542,0,Low Risk
15631063,Trentino,France,Female,33,710,0.0,2,0,0,0.0409,0,Low Risk
15692577,Tomlinson,Germany,Female,38,674,83727.68,1,0,0,0.3601,1,Moderate Risk
15810910,Royston,Spain,Female,38,702,0.0,2,1,0,0.0237,0,Low Risk
15723217,Cremonesi,France,Male,37,616,0.0,1,0,0,0.267,0,Moderate Risk
15733111,Yeh,Spain,Male,32,688,124179.3,1,1,0,0.0566,0,Low Risk
15610727,Ch'in,France,Male,36,605,128829.25,1,0,0,0.1368,0,Low Risk
15792720,Martinez,France,Male,33,676,171490.78,1,0,0,0.1811,0,Low Risk
15723153,Wearing,Spain,Male,33,708,0.0,2,0,0,0.0159,0,Low Risk
15802823,Maclean,Spain,Female,38,745,0.0,2,1,0,0.0101,0,Low Risk
15756118,T'ao,Spain,Male,20,661,0.0,1,0,0,0.1205,0,Low Risk
15684934,Rose,France,Male,31,726,0.0,2,1,0,0.0062,0,Low Risk
15776936,Whitworth,France,Male,40,475,160818.08,1,1,1,0.108,0,Low Risk
15729087,Suttor,Germany,Male,54,751,156367.6,2,1,0,0.2615,0,Moderate Risk
15786463,Hsing,Germany,Female,59,645,121669.93,2,0,1,0.8671,1,Critical Risk
15717498,Boni,France,Male,42,775,133970.22,2,1,0,0.0576,0,Low Risk
15718406,Marshall,France,Male,41,540,0.0,2,0,0,0.0359,0,Low Risk
15799468,Catchpole,France,Female,34,591,96127.27,1,0,0,0.0822,0,Low Risk
15626383,Tang,Spain,Male,60,596,121907.97,1,1,0,0.2715,0,Moderate Risk
15597385,Siddons,Spain,Male,41,573,0.0,2,1,0,0.0124,0,Low Risk
15570271,Wan,Spain,Male,31,577,0.0,1,1,0,0.1,0,Low Risk
15690330,Efimov,Germany,Female,40,830,77701.64,1,1,0,0.3362,1,Moderate Risk
15680611,Rose,France,Male,67,663,0.0,3,1,0,0.5468,1,High Risk
15810227,Fanucci,France,Male,34,421,0.0,2,1,0,0.0062,0,Low Risk
15807194,Iweobiegbulam,Spain,Male,34,718,113922.44,2,0,0,0.0609,0,Low Risk
15712199,Ijendu,Germany,Female,61,655,183997.7,2,1,0,0.1273,0,Low Risk
15694995,O'Sullivan,France,Male,23,712,0.0,2,1,0,0.0062,0,Low Risk
15723400,Hutchinson,France,Male,28,663,0.0,2,1,0,0.0062,0,Low Risk
15654772,Kwemto,France,Female,47,640,89799.46,2,1,1,0.3388,1,Moderate Risk
15574743,Chiu,Spain,Male,29,577,0.0,1,1,0,0.0671,0,Low Risk
15807593,Berry,Spain,Female,36,546,85660.96,1,0,0,0.1839,0,Low Risk
15686718,Hung,Germany,Male,37,802,115569.21,1,1,0,0.2989,1,Moderate Risk
15695299,Mordvinova,France,Female,45,590,81828.22,1,0,0,0.6826,1,Critical Risk
15722701,Bruno,Germany,Male,18,594,132694.73,1,0,0,0.2632,0,Moderate Risk
15799635,Arbour,Spain,Male,51,577,108867.0,1,0,1,0.8775,1,Critical Risk
15742323,Barese,France,Male,39,541,0.0,2,0,0,0.0274,0,Low Risk
15658435,Hingston,France,Female,27,781,0.0,2,0,0,0.0144,0,Low Risk
15586029,Davis,Germany,Male,34,806,96152.68,2,0,0,0.0305,0,Low Risk
15772337,Lawrence,Germany,Female,49,723,153855.52,1,1,1,0.6071,1,High Risk
15807555,Chung,France,Male,45,535,0.0,2,0,0,0.0724,0,Low Risk
15603378,Padovano,France,Female,36,768,141334.95,1,1,0,0.13,0,Low Risk
15792862,Blinova,Germany,Male,41,653,104584.11,1,0,1,0.8286,1,Critical Risk
15657349,Carter,Germany,Female,50,803,98173.02,1,0,1,0.9736,1,Critical Risk
15777614,Webb,Spain,Female,44,545,0.0,2,1,0,0.0452,0,Low Risk
15653952,T'an,Germany,Female,38,581,135157.05,1,1,0,0.4901,1,High Risk
15724336,Yates,Germany,Female,49,513,171601.27,1,0,0,0.8175,1,Critical Risk
15689594,Su,France,Male,29,731,179539.2,1,0,0,0.1839,0,Low Risk
15801920,Christian,Germany,Male,39,727,80615.46,2,0,0,0.0372,0,Low Risk
15653347,Chiu,Spain,Male,47,560,0.0,1,0,1,0.8315,1,Critical Risk
15749951,Sacco,Germany,Male,27,766,126285.73,1,0,1,0.4931,1,High Risk
15648178,Lettiere,Germany,Female,23,630,137964.51,1,1,0,0.2383,0,Moderate Risk
15738662,Daluchi,Germany,Male,41,652,159434.03,1,0,0,0.6225,1,High Risk
15640855,T'ien,Germany,Male,40,729,113574.61,2,0,0,0.2481,0,Moderate Risk
15584288,Hung,France,Female,33,629,0.0,2,1,0,0.0254,0,Low Risk
15760988,Liu,Germany,Male,33,667,124573.33,2,0,0,0.0554,0,Low Risk
15569624,Feng,Germany,Female,31,671,105864.6,2,0,0,0.1465,0,Low Risk
15597949,Gilbert,Germany,Female,47,768,104552.61,1,0,1,0.9666,1,Critical Risk
15604551,Robb,France,Female,35,732,0.0,2,0,0,0.0471,0,Low Risk
15617476,Manfrin,France,Female,30,546,0.0,2,1,0,0.0186,0,Low Risk
15645323,Chinwenma,France,Male,55,630,0.0,1,1,1,0.6124,1,High Risk
15793311,Smith,Germany,Female,46,765,119492.88,2,1,1,0.5305,1,High Risk
15764153,Rowe,France,Female,33,704,130499.09,2,1,0,0.0426,0,Low Risk
15802560,Moran,Spain,Female,48,470,140576.11,1,1,0,0.2024,0,Moderate Risk
15728608,Walker,Germany,Female,34,688,91025.58,2,1,0,0.0695,0,Low Risk
15770474,Myers,France,Female,33,685,0.0,3,1,1,0.6928,1,Critical Risk
15724444,Wall,France,Female,38,567,125877.65,2,1,0,0.0856,0,Low Risk
15753110,McKay,Spain,Male,64,720,45752.78,2,0,1,0.7063,1,Critical Risk
15711521,Egobudike,France,Male,39,609,121778.71,1,1,0,0.0896,0,Low Risk
15632816,Williams,Germany,Female,49,521,127948.57,1,1,0,0.8239,1,Critical Risk
15693637,Ochoa,France,Female,30,556,0.0,2,1,0,0.0124,0,Low Risk
15725509,Otutodilinna,Germany,Male,30,662,115286.68,2,1,0,0.0532,0,Low Risk
15684645,Ajuluchukwu,Germany,Male,41,704,62078.21,2,0,0,0.0588,0,Low Risk
15692235,Bellucci,France,Female,38,750,0.0,2,0,0,0.0542,0,Low Risk
15777459,Gordon,Spain,Female,32,619,175406.13,2,1,1,0.1345,0,Low Risk
15656937,Johnston,Spain,Male,26,468,131643.25,1,0,0,0.0833,0,Low Risk
15610643,De Luca,Germany,Male,44,435,151739.65,1,0,0,0.4399,1,High Risk
15777315,Hill,France,Male,43,529,93616.35,2,0,0,0.074,0,Low Risk
15611058,Eluemuno,Germany,Female,60,702,138597.54,2,1,1,0.4101,1,High Risk
15630413,Howarth,France,Female,41,608,0.0,2,1,0,0.0419,0,Low Risk
15635942,Thomson,France,Male,40,576,0.0,2,0,1,0.0562,0,Low Risk
15648858,King,France,Female,27,666,85225.21,1,1,0,0.0426,0,Low Risk
15810732,Grant,France,Female,36,730,148749.29,2,0,0,0.13,0,Low Risk
15705448,Gilbert,Germany,Male,52,647,130013.12,1,1,1,0.7372,1,Critical Risk
15730488,Richmond,Spain,Female,27,516,0.0,1,1,0,0.104,0,Low Risk
15620443,Fiorentino,France,Female,81,711,0.0,2,1,0,0.0062,0,Low Risk
15741078,Greece,France,Male,54,736,111729.47,2,1,0,0.2523,0,Moderate Risk
15753161,Dickson,France,Female,36,768,180169.44,2,0,0,0.1501,0,Low Risk
15711396,Henderson,Spain,Male,40,427,0.0,2,1,0,0.0062,0,Low Risk
15593499,Stevens,Spain,Female,47,686,0.0,1,0,1,0.9191,1,Critical Risk
15579189,Mitchell,France,Female,42,690,0.0,2,1,0,0.0593,0,Low Risk
15743545,Nworie,Spain,Female,29,647,0.0,2,0,0,0.0281,0,Low Risk
15791316,Boni,France,Male,35,714,0.0,2,1,0,0.0062,0,Low Risk
15608246,Wentcher,Germany,Female,36,736,103914.17,1,1,1,0.4055,1,High Risk
15676526,Bentley,France,Female,34,608,88772.87,1,1,0,0.1516,0,Low Risk
15813911,Hayes-Williams,France,Female,39,809,0.0,1,0,0,0.5514,1,High Risk
15630195,Johnstone,France,Female,40,745,131184.67,1,1,0,0.2869,1,Moderate Risk
15736250,Johnstone,France,Male,38,781,117810.79,1,1,1,0.0475,0,Low Risk
15671334,Nixon,France,Male,31,527,0.0,1,0,0,0.2869,1,Moderate Risk
15574169,Trevisano,Germany,Female,32,595,92466.21,1,0,0,0.2172,0,Moderate Risk
15718839,Tsui,Germany,Female,38,850,102741.15,2,1,0,0.0563,0,Low Risk
15762331,Moss,France,Male,37,569,178755.84,1,0,0,0.1279,0,Low Risk
15606901,Graham,France,Male,43,728,0.0,2,0,0,0.0426,0,Low Risk
15713559,Onyemauchechukwu,Germany,Female,32,473,146602.25,2,1,0,0.0322,0,Low Risk
15768881,Saunders,France,Male,29,738,0.0,2,1,0,0.0062,0,Low Risk
15743075,Ko,France,Male,35,659,0.0,2,1,0,0.0101,0,Low Risk
15660980,Cairns,Spain,Male,38,597,115702.67,2,1,0,0.0419,0,Low Risk
15810942,Chiemela,Germany,Female,61,445,137655.31,1,1,0,0.6895,1,Critical Risk
15728362,Robertson,France,Female,29,671,0.0,2,0,0,0.0336,0,Low Risk
15683339,P'eng,Spain,Female,34,656,59877.33,1,0,1,0.2869,1,Moderate Risk
15685476,Tseng,France,Male,31,658,100082.14,1,1,0,0.0508,0,Low Risk
15663650,Russell,Germany,Male,52,698,107304.39,3,0,1,1.0,1,Critical Risk
15617434,Yen,Spain,Male,38,655,0.0,1,1,0,0.1063,0,Low Risk
15622470,Yeh,Spain,Male,41,772,96032.22,1,1,0,0.0159,0,Low Risk
15703682,Kalinina,Spain,Male,33,681,0.0,1,0,0,0.0994,0,Low Risk
15727391,Collier,Germany,Male,29,688,144553.5,2,0,0,0.0977,0,Low Risk
15711062,Thomas,Germany,Male,40,633,86172.81,2,1,0,0.0492,0,Low Risk
15567339,Shaw,France,Male,73,735,0.0,1,1,0,0.0359,0,Low Risk
15760662,Francis,Germany,Female,29,521,87212.8,1,1,0,0.0874,0,Low Risk
15605737,George,France,Male,36,541,0.0,2,0,0,0.0251,0,Low Risk
15692977,Ikenna,Germany,Female,36,612,130700.92,2,0,0,0.1305,0,Low Risk
15672082,Schatz,France,Male,62,562,0.0,2,0,0,0.4252,1,High Risk
15600280,Tao,France,Female,32,703,0.0,2,0,0,0.0274,0,Low Risk
15804052,Scott,Spain,Male,23,710,0.0,2,1,0,0.0,0,Low Risk
15576065,Sims,Spain,Female,40,731,171325.98,1,1,1,0.2943,1,Moderate Risk
15796838,Chibugo,Spain,Male,58,703,92930.92,1,1,0,0.3314,1,Moderate Risk
15693526,Ku,France,Female,40,618,0.0,1,0,0,0.6216,1,High Risk
15748595,Stanton,France,Female,29,689,77556.79,2,1,0,0.0221,0,Low Risk
15679029,Kung,France,Male,33,718,102874.28,1,0,0,0.0576,0,Low Risk
15753639,Gibson,France,Male,37,608,146093.39,2,0,0,0.0592,0,Low Risk
15604138,Iheanacho,Spain,Male,34,749,0.0,1,0,1,0.2513,0,Moderate Risk
15666095,Costa,Spain,Male,51,753,79811.72,2,1,1,0.234,0,Moderate Risk
15643487,Sal,Spain,Male,39,630,105473.74,1,0,1,0.2137,0,Moderate Risk
15764033,Lin,Germany,Female,43,693,121927.92,1,0,1,0.8767,1,Critical Risk
15747288,Ferri,Spain,Female,40,838,61671.19,1,1,1,0.2475,0,Moderate Risk
15790599,Yin,Germany,Female,39,756,149363.12,2,1,0,0.0956,0,Low Risk
15737705,Avdeyeva,France,Female,27,775,152309.37,1,0,0,0.1345,0,Low Risk
15737194,Tu,France,Female,33,635,0.0,2,0,0,0.0343,0,Low Risk
15726776,Donnelly,Spain,Male,36,705,111629.29,1,1,0,0.0585,0,Low Risk
15804357,Loggia,France,Male,40,481,0.0,1,1,0,0.1661,0,Low Risk
15664432,Chao,Spain,Female,49,727,96296.78,1,0,1,0.8086,1,Critical Risk
15688984,Belonwu,France,Male,20,595,95830.43,1,0,0,0.0711,0,Low Risk
15583026,Welch,France,Female,38,535,135919.33,1,0,0,0.2202,0,Moderate Risk
15771668,Henderson,France,Male,59,578,185966.64,1,0,1,0.8735,1,Critical Risk
15779904,Yobanna,France,Female,29,597,0.0,2,1,0,0.0221,0,Low Risk
15784323,Gallo,France,Female,21,449,0.0,2,0,0,0.0167,0,Low Risk
15756277,Wilson,Germany,Female,43,850,92244.83,2,0,0,0.1133,0,Low Risk
15663312,Marino,France,Female,35,494,112727.06,2,0,0,0.0861,0,Low Risk
15793197,Bailey,France,Female,34,676,100359.54,1,0,0,0.1034,0,Low Risk
15731463,Gboliwe,Germany,Male,43,818,105301.5,1,1,0,0.2348,0,Moderate Risk
15621768,Chukwuhaenye,Spain,Male,45,712,112994.65,1,0,0,0.4538,1,High Risk
15691323,Bianchi,Germany,Male,40,672,89025.88,2,0,0,0.0609,0,Low Risk
15781326,Ford,France,Male,35,636,95478.17,1,0,0,0.0982,0,Low Risk
15595640,Rizzo,France,Male,37,698,0.0,2,0,0,0.0281,0,Low Risk
15814331,Lung,Germany,Female,43,597,119127.46,2,0,0,0.3675,1,Moderate Risk
15602030,Ramirez,France,Male,28,717,128206.79,1,1,0,0.0505,0,Low Risk
15747974,Sabbatini,France,Male,49,614,0.0,2,0,0,0.1803,0,Low Risk
15611315,Ts'ao,Germany,Female,23,708,71433.08,1,0,0,0.1864,0,Low Risk
15636977,Trevisan,Germany,Male,36,507,118214.32,3,0,1,0.9968,1,Critical Risk
15690337,Chinwenma,France,Female,27,581,102258.11,2,0,0,0.0426,0,Low Risk
15680666,Berry,Spain,Female,39,579,151963.26,2,0,0,0.1941,0,Low Risk
15679551,Colombo,Spain,Female,46,504,163764.84,1,1,1,0.3047,1,Moderate Risk
15778915,Harris,France,Female,32,737,128551.36,2,1,0,0.0359,0,Low Risk
15568849,Bryan,Spain,Female,31,540,118158.74,1,1,0,0.0415,0,Low Risk
15747762,Chigozie,France,Male,32,609,118520.41,1,0,0,0.0239,0,Low Risk
15753679,Mullawirraburka,France,Male,24,778,0.0,2,1,0,0.0062,0,Low Risk
15750049,Steele,France,Male,40,621,163823.37,1,0,0,0.1661,0,Low Risk
15606097,Zakharov,Germany,Male,63,665,104469.58,1,1,1,0.5603,1,High Risk
15802368,Ch'eng,France,Female,47,608,0.0,1,1,0,0.6521,1,Critical Risk
15767488,Berry,Spain,Male,36,680,0.0,2,0,0,0.0254,0,Low Risk
15669946,Jen,Germany,Female,46,663,141726.88,1,1,0,0.6817,1,Critical Risk
15612103,Wang,Germany,Female,35,627,137852.96,1,1,1,0.4125,1,High Risk
15645353,Chubb,France,Male,26,607,0.0,1,0,0,0.0883,0,Low Risk
15650018,Chen,France,Female,43,681,154100.3,1,0,0,0.3873,1,Moderate Risk
15659002,Mazzanti,France,Female,45,766,0.0,2,0,0,0.2045,0,Moderate Risk
15616028,T'ao,France,Male,30,694,0.0,3,1,0,0.2826,1,Moderate Risk
15660475,Ndubueze,France,Female,54,411,0.0,1,1,0,0.7807,1,Critical Risk
15652615,Ferri,France,Male,39,742,140004.96,1,1,0,0.0609,0,Low Risk
15653572,Thornton,Spain,Male,43,673,127132.96,1,1,1,0.0684,0,Low Risk
15628059,DeRose,France,Male,61,529,0.0,2,1,0,0.0551,0,Low Risk
15703413,Montes,France,Female,38,519,125328.56,1,0,0,0.2475,0,Moderate Risk
15610433,Kwemto,France,Male,35,573,0.0,2,0,0,0.0159,0,Low Risk
15770548,Lucchese,Germany,Female,28,453,139986.65,1,0,0,0.2675,0,Moderate Risk
15645637,Huggins,Germany,Female,39,798,119787.76,1,1,0,0.5828,1,High Risk
15590888,Wade,Spain,Female,34,693,107556.06,2,0,0,0.0522,0,Low Risk
15568326,Kenenna,France,Female,44,637,0.0,2,0,0,0.0873,0,Low Risk
15655368,Wheeler,France,Male,47,672,0.0,1,0,0,0.7561,1,Critical Risk
15665579,Cartwright,France,Female,28,597,142705.95,1,0,0,0.1034,0,Low Risk
15676091,Iloerika,France,Male,42,543,0.0,1,1,0,0.2236,0,Moderate Risk
15716984,Palermo,Spain,Female,56,695,0.0,2,0,0,0.587,1,High Risk
15715078,Nkemakolam,France,Male,35,584,161613.94,2,1,0,0.0274,0,Low Risk
15569452,Butler,Germany,Female,58,652,116353.2,2,1,0,0.302,1,Moderate Risk
15628863,Calabresi,France,Male,38,601,60013.81,1,1,0,0.0592,0,Low Risk
15778192,Nkemdilim,Spain,Male,28,628,0.0,2,1,0,0.0062,0,Low Risk
15793723,Ch'iu,Germany,Male,32,607,144272.07,2,0,0,0.1162,0,Low Risk
15798943,Alexander,France,Female,46,646,0.0,2,0,0,0.2835,1,Moderate Risk
15764708,Chiabuotu,France,Male,30,572,117696.67,1,0,0,0.088,0,Low Risk
15791040,Vasilyeva,Spain,Male,58,801,79954.61,2,1,0,0.1154,0,Low Risk
15631512,Schneider,France,Female,26,597,149989.39,1,0,0,0.0856,0,Low Risk
15640106,Mason,France,Male,40,613,124339.9,1,0,0,0.1548,0,Low Risk
15710315,Chukwukadibia,Germany,Male,29,529,135759.4,1,0,1,0.3456,1,Moderate Risk
15771535,Tsui,Spain,Female,37,794,0.0,2,0,0,0.0269,0,Low Risk
15611947,Banks,France,Male,34,557,83074.0,1,0,0,0.0661,0,Low Risk
15670266,Shih,France,Female,28,499,141792.61,1,1,0,0.0644,0,Low Risk
15609083,Tretiakova,France,Female,26,544,0.0,1,0,1,0.1872,0,Low Risk
15567923,Barese,France,Female,30,739,0.0,1,0,0,0.3359,1,Moderate Risk
15788183,Longo,Germany,Female,43,458,106870.12,2,0,0,0.3453,1,Moderate Risk
15735782,MacDonald,France,Male,31,528,120962.59,1,0,0,0.0475,0,Low Risk
15774401,Chambers,Spain,Male,51,773,0.0,2,0,1,0.344,1,Moderate Risk
15737971,Cowen,France,Female,30,646,0.0,2,0,0,0.0254,0,Low Risk
15758750,Iweobiegbunam,France,Male,31,564,110527.17,1,1,0,0.0336,0,Low Risk
15611767,Mai,Germany,Female,52,624,133723.43,1,0,1,0.9767,1,Critical Risk
15643770,Yu,France,Female,52,682,112670.48,1,0,1,0.9666,1,Critical Risk
15744717,Duffy,France,Female,44,726,0.0,2,1,0,0.0419,0,Low Risk
15570681,Chiang,France,Male,24,560,116084.32,1,0,0,0.0609,0,Low Risk
15792650,Watts,Spain,Male,36,382,0.0,1,1,1,0.682,1,Critical Risk
15605531,Daly,Spain,Female,38,457,0.0,2,0,0,0.0426,0,Low Risk
15605339,Baker,France,Female,37,673,0.0,2,1,0,0.129,0,Low Risk
15672216,Uvarov,France,Female,40,584,82441.75,1,0,0,0.3195,1,Moderate Risk
15812893,Costa,France,Female,39,629,0.0,2,1,1,0.1514,0,Low Risk
15624180,Genovesi,Germany,Female,37,584,134171.8,4,1,1,0.9946,1,Critical Risk
15701364,Doherty,France,Male,30,724,0.0,2,1,0,0.0254,0,Low Risk
15762588,Kaleski,France,Male,31,644,0.0,2,1,0,0.0062,0,Low Risk
15806318,Wright,Germany,Female,48,676,124442.38,1,0,1,0.9764,1,Critical Risk
15712596,Huang,France,Male,31,499,0.0,1,0,0,0.1572,0,Low Risk
15600399,Trentino,France,Male,60,598,0.0,1,0,1,0.9946,1,Critical Risk
15576216,Chienezie,Germany,Female,37,655,108862.76,1,0,1,0.6382,1,High Risk
15620750,Sugden,France,Male,28,559,141099.43,1,1,0,0.0451,0,Low Risk
15623489,Tu,France,Female,67,543,128843.67,1,1,0,0.1561,0,Low Risk
15667944,Onuchukwu,France,Male,39,679,86843.61,1,1,0,0.0792,0,Low Risk
15584928,Ugochukwutubelum,Germany,Female,32,594,120074.97,2,1,0,0.0701,0,Low Risk
15779913,Davidson,France,Male,27,586,130231.8,2,1,0,0.0124,0,Low Risk
15644977,Goddard,France,Female,31,776,0.0,2,0,0,0.0274,0,Low Risk
15749679,Beck,France,Male,39,699,109724.38,1,1,0,0.0671,0,Low Risk
15629010,Beam,Germany,Female,35,847,111743.43,1,1,0,0.3599,1,Moderate Risk
15768465,Sheppard,Germany,Male,35,582,121309.17,2,1,0,0.0588,0,Low Risk
15767781,Godfrey,France,Male,38,648,82697.28,1,0,0,0.0592,0,Low Risk
15635364,Gray,France,Female,49,618,44301.43,3,1,1,0.9826,1,Critical Risk
15722004,Hsiung,France,Female,31,543,138317.94,1,0,0,0.1351,0,Low Risk
15766044,Cameron,Germany,Male,49,642,120688.61,1,0,1,0.9813,1,Critical Risk
15586680,Fleming,France,Male,27,462,176913.52,1,0,0,0.1061,0,Low Risk
15635388,Austin,Spain,Male,47,640,89047.14,1,0,0,0.6252,1,High Risk
15655175,Wallace,Germany,Male,40,740,114318.78,2,0,1,0.2947,1,Moderate Risk
15639133,Ku,France,Female,50,773,0.0,2,0,0,0.4727,1,High Risk
15799653,Fiorentino,Germany,Female,32,583,94753.55,2,1,0,0.0289,0,Low Risk
15723872,Buccho,Spain,Female,46,589,0.0,2,1,0,0.0827,0,Low Risk
15775627,Gordon,France,Male,35,509,0.0,2,1,0,0.0101,0,Low Risk
15630704,Haworth,Germany,Male,32,612,106520.73,2,0,0,0.1327,0,Low Risk
15815534,Guidry,Spain,Male,37,505,134006.39,1,1,0,0.0559,0,Low Risk
15697249,Lettiere,Germany,Female,25,546,132837.7,1,0,0,0.3687,1,Moderate Risk
15681316,Tai,France,Female,41,681,120549.29,2,0,0,0.2808,1,Moderate Risk
15682523,Chigozie,France,Male,20,762,139432.55,1,1,0,0.0187,0,Low Risk
15650244,Bezrukov,Spain,Male,29,786,80895.44,2,0,0,0.0238,0,Low Risk
15648638,Chia,Spain,Male,34,629,0.0,2,0,0,0.0124,0,Low Risk
15795747,Sheppard,Spain,Female,39,787,171646.76,1,1,0,0.1445,0,Low Risk
15607330,Vasilyev,Spain,Male,42,713,109121.71,1,1,0,0.1,0,Low Risk
15624013,Maxwell,France,Female,39,541,109844.81,1,0,0,0.3911,1,Moderate Risk
15800805,Maher,France,Female,31,451,140931.82,1,1,0,0.0372,0,Low Risk
15667321,Cocci,Spain,Male,49,644,0.0,2,1,0,0.0452,0,Low Risk
15601116,P'an,France,Male,32,686,0.0,2,1,0,0.0101,0,Low Risk
15622033,Rapuluchukwu,Germany,Female,41,847,101543.51,4,0,1,0.9739,1,Critical Risk
15758451,Azuka,Germany,Male,37,765,102708.77,1,0,0,0.4808,1,High Risk
15688689,Esposito,Germany,Female,37,678,149000.91,2,1,0,0.0724,0,Low Risk
15652674,Hou,France,Male,20,539,83459.86,1,1,0,0.0279,0,Low Risk
15806327,Cyril,France,Female,40,800,75893.11,2,0,0,0.1034,0,Low Risk
15649618,Tomlinson,Germany,Female,39,799,167395.6,2,1,0,0.0667,0,Low Risk
15677117,Crawford,France,Female,61,629,0.0,2,1,0,0.1079,0,Low Risk
15751445,Chikwado,Germany,Female,52,734,71283.09,2,1,0,0.3736,1,Moderate Risk
15749669,Hargreaves,France,Female,31,542,0.0,2,1,0,0.0159,0,Low Risk
15656351,Laidley,Spain,Male,60,414,0.0,2,1,0,0.0469,0,Low Risk
15667438,Ferguson,France,Female,38,675,104016.88,1,0,1,0.1839,0,Low Risk
15682273,Burns,France,Female,38,683,127616.56,1,0,0,0.3321,1,Moderate Risk
15580912,McNeill,France,Male,32,748,154737.88,2,1,0,0.0216,0,Low Risk
15785183,Chukwuebuka,Spain,Male,29,596,0.0,2,1,0,0.0,0,Low Risk
15705383,Shen,France,Male,35,642,125476.31,1,1,0,0.0592,0,Low Risk
15712903,Diaz,France,Female,21,499,176511.08,1,1,0,0.1021,0,Low Risk
15774285,Kentish,Spain,Female,47,649,110783.28,1,1,0,0.247,0,Moderate Risk
15583138,Persse,France,Male,42,739,141642.92,2,0,0,0.13,0,Low Risk
15740160,Okwukwe,France,Male,31,616,0.0,2,1,0,0.0062,0,Low Risk
15793425,Watt,Spain,Female,33,560,0.0,1,1,0,0.1189,0,Low Risk
15749265,Carslaw,Germany,Male,42,427,75681.52,1,1,0,0.2847,1,Moderate Risk
15623989,Griffin,France,Male,54,435,0.0,1,0,1,0.9874,1,Critical Risk
15604832,Hsia,France,Male,29,633,0.0,1,1,0,0.0592,0,Low Risk
15584580,Fyodorova,France,Male,35,443,161111.45,1,0,0,0.0781,0,Low Risk
15573854,Chukwujekwu,France,Male,62,727,0.0,2,1,0,0.0452,0,Low Risk
15614847,Townsend,France,Female,45,674,72494.69,1,1,0,0.6407,1,High Risk
15679966,Marsh,France,Female,31,661,133964.3,1,1,0,0.1061,0,Low Risk
15799435,Hayes,Spain,Male,34,619,0.0,1,0,0,0.255,0,Moderate Risk
15752186,Padovano,France,Female,27,562,0.0,2,0,0,0.0159,0,Low Risk
15705544,Ma,France,Male,61,633,157201.48,1,1,0,0.3275,1,Moderate Risk
15713632,Ham,Spain,Female,48,551,95679.29,1,0,0,0.7271,1,Critical Risk
15586523,Paten,Germany,Female,29,720,106230.92,1,1,1,0.2346,0,Moderate Risk
15609176,Cawthorne,France,Female,32,688,0.0,2,1,0,0.0336,0,Low Risk
15769308,Herbert,Germany,Female,36,635,81231.85,2,0,0,0.0343,0,Low Risk
15676810,Jen,France,Female,31,561,81480.27,2,1,0,0.0251,0,Low Risk
15634591,Saunders,France,Male,33,850,73059.38,1,1,0,0.0274,0,Low Risk
15679804,Esquivel,France,Male,36,636,117559.05,2,1,0,0.0336,0,Low Risk
15677764,Chao,Germany,Female,74,461,186445.31,2,1,0,0.0062,0,Low Risk
15571917,Eluemuno,Germany,Female,38,771,137657.71,2,0,0,0.2491,0,Moderate Risk
15574608,Sidorova,France,Male,36,713,133889.35,1,1,0,0.0582,0,Low Risk
15740868,Pirogova,Germany,Female,45,658,134562.8,1,1,0,0.7895,1,Critical Risk
15702442,Benson,Germany,Female,56,586,100781.75,2,1,0,0.4122,1,High Risk
15699797,Santana,France,Male,30,737,174356.13,1,0,0,0.086,0,Low Risk
15648047,Williamson,Germany,Male,27,742,190125.43,2,0,0,0.0482,0,Low Risk
15766826,North,France,Male,26,824,146266.0,1,0,1,0.1042,0,Low Risk
15591628,Davies,Germany,Male,41,701,164046.1,1,0,0,0.6429,1,High Risk
15583857,Siciliano,Spain,Female,43,623,123536.52,2,0,0,0.2584,0,Moderate Risk
15752534,Mironov,France,Male,36,744,0.0,2,1,0,0.0219,0,Low Risk
15741403,Amechi,Spain,Female,38,698,171848.38,1,0,0,0.3007,1,Moderate Risk
15783589,Toscano,France,Male,40,616,0.0,2,0,0,0.0419,0,Low Risk
15598046,Su,France,Female,39,662,139562.05,2,0,0,0.1584,0,Low Risk
15643330,Chukwuemeka,France,Male,37,594,0.0,2,1,0,0.0124,0,Low Risk
15680405,P'eng,France,Male,40,685,168001.34,2,1,0,0.0452,0,Low Risk
15728683,Lombardo,France,Male,27,742,0.0,2,1,0,0.0101,0,Low Risk
15621644,Lombardi,Germany,Male,83,678,123356.63,1,1,0,0.1019,0,Low Risk
15733032,Butler,Spain,Male,47,651,0.0,2,1,0,0.0257,0,Low Risk
15608381,Dean,Germany,Male,50,585,125845.66,1,0,1,0.9764,1,Critical Risk
15658946,Piccio,Germany,Male,40,579,45408.85,2,0,0,0.0781,0,Low Risk
15757912,Bradley,Germany,Female,37,722,125977.81,1,0,0,0.6124,1,High Risk
15645371,Cameron,Germany,Female,51,613,147262.11,1,1,1,0.7693,1,Critical Risk
15653110,Chan,France,Male,42,694,133767.19,1,0,0,0.3235,1,Moderate Risk
15766355,Lettiere,Germany,Male,49,550,108806.96,3,0,1,1.0,1,Critical Risk
15585249,Mironova,France,Male,42,741,106036.52,1,0,1,0.3474,1,Moderate Risk
15611786,Tsui,Spain,Female,69,668,0.0,1,1,0,0.392,1,Moderate Risk
15575486,Okoli,France,Female,27,529,0.0,2,1,0,0.0101,0,Low Risk
15780215,Berry,France,Male,31,636,0.0,2,1,0,0.0,0,Low Risk
15686099,Ruse,Spain,Male,61,563,82182.1,1,0,1,0.9544,1,Critical Risk
15739042,Bogolyubov,France,Female,35,767,0.0,2,0,0,0.0532,0,Low Risk
15815316,Kennedy,France,Male,50,644,76817.0,4,0,1,0.9946,1,Critical Risk
15778489,Bolton,Germany,Male,71,780,142550.25,2,1,0,0.0556,0,Low Risk
15786389,Chuang,Spain,Female,41,635,0.0,2,1,0,0.0419,0,Low Risk
15601787,Greco,Germany,Male,35,641,103711.56,1,1,1,0.2702,0,Moderate Risk
15624715,Ma,Spain,Female,40,593,0.0,1,1,0,0.2374,0,Moderate Risk
15763093,Nucci,Germany,Female,35,540,128369.75,2,0,0,0.0878,0,Low Risk
15572073,Yao,Spain,Male,35,663,0.0,2,1,0,0.0062,0,Low Risk
15780256,Palfreyman,France,Male,34,630,0.0,2,1,0,0.0136,0,Low Risk
15659305,Webster,Germany,Male,19,605,166133.28,1,1,0,0.0569,0,Low Risk
15638882,Cardell,Germany,Female,62,710,148214.36,1,0,1,0.9874,1,Critical Risk
15714680,Bianchi,France,Female,78,755,121206.96,1,1,0,0.0305,0,Low Risk
15777217,Somadina,Spain,Male,25,641,0.0,2,1,0,0.0062,0,Low Risk
15739123,Mellor,Germany,Male,50,737,127552.85,2,0,0,0.5914,1,High Risk
15594450,Tomlinson,France,Male,49,695,159458.53,1,0,0,0.6722,1,Critical Risk
15797751,Pai,Germany,Female,47,466,102085.72,1,1,1,0.7372,1,Critical Risk
15691543,Lennox,Germany,Male,58,558,142537.18,1,1,0,0.5713,1,High Risk
15722845,Meldrum,Spain,Male,29,665,182781.74,2,1,0,0.0379,0,Low Risk
15605804,Watson,France,Male,45,737,0.0,2,0,0,0.0661,0,Low Risk
15702061,Findlay,France,Male,29,654,0.0,2,1,0,0.0062,0,Low Risk
15694321,Su,France,Female,28,619,0.0,2,0,0,0.0282,0,Low Risk
15798749,Davidson,Germany,Female,43,845,152063.59,2,0,0,0.0708,0,Low Risk
15720050,Barrett,France,Female,28,727,110997.76,1,0,0,0.1314,0,Low Risk
15758048,Miah,France,Male,50,582,148942.0,1,1,0,0.2965,1,Moderate Risk
15805681,Chamberlain,France,Male,41,716,0.0,1,1,0,0.1419,0,Low Risk
15802809,Vidal,Spain,Female,36,660,84438.57,1,1,0,0.1327,0,Low Risk
15807239,Lung,France,Female,34,664,93920.47,1,0,0,0.2371,0,Moderate Risk
15749093,Tretyakova,France,Male,43,801,158713.08,2,0,0,0.0609,0,Low Risk
15689344,Montgomery,Spain,Male,42,615,0.0,3,1,0,0.7135,1,Critical Risk
15606076,Golubev,Germany,Male,63,718,123204.88,1,1,0,0.5366,1,High Risk
15610090,Han,France,Male,40,667,72945.29,2,0,0,0.0649,0,Low Risk
15693926,Pan,Spain,Male,37,670,178742.71,1,1,0,0.0388,0,Low Risk
15791501,Carroll,France,Male,43,590,0.0,2,1,0,0.0352,0,Low Risk
15621870,Hawkins,Spain,Female,40,739,0.0,1,0,0,0.6168,1,High Risk
15734711,Loggia,France,Male,42,373,0.0,1,0,1,0.9149,1,Critical Risk
15814405,Chesnokova,France,Female,46,418,0.0,1,1,1,0.5905,1,High Risk
15729359,Chambers,France,Female,29,837,0.0,2,1,0,0.0136,0,Low Risk
15606944,Fleming,Germany,Male,43,645,140121.17,1,0,1,0.8448,1,Critical Risk
15671934,Veale,Germany,Male,39,552,132906.88,1,1,0,0.3491,1,Moderate Risk
15641773,Browne,Germany,Male,45,580,179334.83,2,1,0,0.0392,0,Low Risk
15701972,Parsons,France,Male,35,684,137179.39,1,1,0,0.0661,0,Low Risk
15749114,Bailey,Spain,Male,35,634,0.0,2,1,0,0.0062,0,Low Risk
15780362,Ferrari,France,Female,49,607,119960.29,2,0,0,0.6565,1,Critical Risk
15753229,Genovese,France,Male,29,802,127414.55,1,1,0,0.0359,0,Low Risk
15656009,McIntyre,France,Female,36,736,0.0,1,0,0,0.488,1,High Risk
15785024,Warner,France,Female,40,629,137409.19,1,0,1,0.5474,1,High Risk
15670492,Gordon,France,Male,28,737,0.0,2,0,0,0.0101,0,Low Risk
15795458,McMillan,Spain,Female,39,718,0.0,1,1,0,0.2251,0,Moderate Risk
15732438,Cheng,France,Male,43,561,0.0,4,0,1,0.8521,1,Critical Risk
15781987,Akhtar,France,Male,31,641,112494.99,1,1,0,0.0365,0,Low Risk
15775826,Iadanza,France,Male,30,677,78133.15,1,1,0,0.0561,0,Low Risk
15807457,Abernathy,Spain,Female,36,641,0.0,2,0,0,0.0459,0,Low Risk
15632538,Watson,Spain,Female,32,658,145553.07,1,1,0,0.1108,0,Low Risk
15641389,Shen,Germany,Male,48,659,123593.22,2,0,1,0.6601,1,Critical Risk
15657306,Kershaw,France,Female,47,567,0.0,1,0,1,0.9393,1,Critical Risk
15709447,Reed,France,Female,26,584,146286.22,1,0,0,0.0994,0,Low Risk
15762682,Mitchell,Spain,Female,35,709,111827.27,2,0,0,0.104,0,Low Risk
15626042,Webb,Spain,Female,26,690,0.0,2,1,0,0.0124,0,Low Risk
15597109,Vanzetti,France,Male,70,627,94416.78,1,1,0,0.0855,0,Low Risk
15756148,Nnanna,Spain,Male,45,765,91549.78,1,1,0,0.0684,0,Low Risk
15665634,Campbell,France,Female,38,645,59568.57,1,1,0,0.2069,0,Moderate Risk
15739997,Capon,France,Female,23,716,94464.81,2,1,0,0.0274,0,Low Risk
15686242,Otutodilichukwu,France,Female,57,771,0.0,1,0,1,0.9902,1,Critical Risk
15759244,Boone,Germany,Male,44,687,95368.14,2,1,0,0.0542,0,Low Risk
15672027,McIntyre,Germany,Female,33,717,102185.42,2,0,0,0.0842,0,Low Risk
15594576,Zhdanov,France,Male,32,524,144875.71,1,0,0,0.0569,0,Low Risk
15707138,Nagy,Spain,Male,39,679,0.0,2,1,0,0.0062,0,Low Risk
15756954,Lombardo,France,Female,32,538,0.0,1,1,0,0.1388,0,Low Risk
15619130,Simpson,Germany,Female,37,752,113291.05,2,1,0,0.1737,0,Low Risk
15639665,Herbert,Spain,Male,61,846,0.0,2,1,0,0.0426,0,Low Risk
15571065,Lehr,Spain,Female,39,532,0.0,2,0,0,0.0649,0,Low Risk
15686060,Chou,Germany,Male,43,670,111677.88,1,0,1,0.8414,1,Critical Risk
15615753,Upchurch,Germany,Female,35,597,131101.04,1,1,0,0.3095,1,Moderate Risk
15800961,Ugorji,Germany,Male,52,627,76101.81,2,1,0,0.1784,0,Low Risk
15763065,Palerma,Spain,Female,40,700,0.0,2,0,0,0.0297,0,Low Risk
15672467,Coles,France,Female,52,766,92510.9,2,1,0,0.3647,1,Moderate Risk
15752915,Hsueh,France,Female,34,488,0.0,2,1,0,0.026,0,Low Risk
15744695,Tu,France,Male,39,694,77652.4,1,1,0,0.0671,0,Low Risk
15584897,Kuo,France,Female,31,639,98360.03,1,0,0,0.0684,0,Low Risk
15601857,Woodhouse,Germany,Female,46,705,115518.07,1,0,1,0.9621,1,Critical Risk
15674156,Tretiakova,Germany,Male,69,810,27288.43,1,1,0,0.1515,0,Low Risk
15695465,Gibson,France,Female,36,638,0.0,1,0,0,0.5517,1,High Risk
15792232,Moss,Spain,Female,43,595,0.0,2,0,0,0.0566,0,Low Risk
15807900,Chineze,France,Male,36,575,0.0,1,1,1,0.1264,0,Low Risk
15743760,Davidson,France,Male,31,850,131996.66,2,1,0,0.0062,0,Low Risk
15652835,Liang,Spain,Female,27,419,121580.42,1,1,0,0.0661,0,Low Risk
15767818,Graham,France,Male,55,640,132436.34,1,0,0,0.4826,1,High Risk
15591150,Nwebube,Spain,Male,34,570,0.0,2,1,0,0.0062,0,Low Risk
15734659,Sozonov,Germany,Female,46,640,107978.4,2,0,0,0.7239,1,Critical Risk
15796115,Forbes,Germany,Female,40,689,78119.59,4,0,1,0.9705,1,Critical Risk
15724648,Chikezie,France,Male,26,725,98684.15,1,0,0,0.0542,0,Low Risk
15737732,Onwuemelie,France,Female,44,751,0.0,2,0,0,0.1842,0,Low Risk
15632280,Toth,Spain,Female,53,544,0.0,1,0,1,0.9767,1,Critical Risk
15750407,Hunt,Germany,Female,43,768,129264.05,2,0,0,0.2817,1,Moderate Risk
15795370,Mazure,Germany,Male,37,648,131753.41,1,0,0,0.6062,1,High Risk
15656829,Hughes,Spain,Female,33,577,0.0,2,0,0,0.0281,0,Low Risk
15643794,Bennett,Spain,Female,27,639,0.0,1,1,0,0.0994,0,Low Risk
15798605,Tien,Germany,Male,26,686,57422.62,1,1,0,0.0446,0,Low Risk
15637324,Kay,France,Female,28,657,0.0,2,1,0,0.0062,0,Low Risk
15589589,Bryan,France,Male,34,613,144094.2,1,0,0,0.1305,0,Low Risk
15778936,Ingamells,France,Male,33,701,147510.34,1,0,0,0.0684,0,Low Risk
15757385,Milne,Spain,Female,28,578,161592.76,1,0,0,0.1396,0,Low Risk
15666200,Lombardo,France,Female,40,689,0.0,2,1,0,0.0548,0,Low Risk
15683977,Owens,Spain,Female,72,687,0.0,2,1,0,0.0062,0,Low Risk
15675518,Charlton,Spain,Female,53,499,75225.53,2,0,1,0.8375,1,Critical Risk
15584812,Overby,Spain,Female,39,693,0.0,2,0,0,0.0538,0,Low Risk
15752984,Chifley,France,Female,70,737,87542.89,2,1,0,0.0629,0,Low Risk
15577913,Oliver,France,Female,32,651,144581.96,1,1,0,0.0609,0,Low Risk
15591980,Hill,France,Male,33,753,122568.05,2,1,0,0.0219,0,Low Risk
15598948,DeRose,Spain,Female,24,523,172231.93,1,1,0,0.0861,0,Low Risk
15574142,Chuang,Germany,Female,28,458,171932.26,2,1,0,0.0124,0,Low Risk
15582903,Edwards,France,Male,39,643,0.0,2,1,0,0.0159,0,Low Risk
15733229,Rodriguez,Spain,Female,34,638,0.0,2,0,0,0.0124,0,Low Risk
15635752,Lo,Germany,Male,38,685,111798.06,2,1,0,0.0609,0,Low Risk
15771000,Powell,France,Male,38,684,0.0,3,0,0,0.4987,1,High Risk
15804864,Chu,France,Female,27,670,79336.61,1,1,0,0.0609,0,Low Risk
15641175,Munro,Germany,Male,63,701,120916.52,3,0,1,1.0,1,Critical Risk
15692226,Onwumelu,France,Female,31,705,142905.51,1,1,0,0.0661,0,Low Risk
15584156,Siciliani,Spain,Male,27,593,0.0,3,0,1,0.642,1,High Risk
15702656,Yobachi,France,Female,33,651,96834.78,1,0,0,0.1162,0,Low Risk
15606552,Akabueze,France,Male,37,741,105261.76,2,1,0,0.0359,0,Low Risk
15687001,Chiemenam,Germany,Male,54,596,123544.0,1,1,1,0.8305,1,Critical Risk
15781903,Odinakachukwu,Germany,Male,41,581,127913.71,2,1,0,0.0953,0,Low Risk
15731951,Reilly,Spain,Female,28,689,95328.6,1,0,1,0.2396,0,Moderate Risk
15580953,Forbes,France,Male,30,544,73218.89,1,1,0,0.0592,0,Low Risk
15810390,Amadi,France,Female,41,718,0.0,2,1,1,0.0538,0,Low Risk
15628274,Ferri,Germany,Male,35,583,149995.72,2,0,0,0.0724,0,Low Risk
15615444,Y?an,Germany,Male,28,663,123674.28,2,1,0,0.0336,0,Low Risk
15784010,Williamson,Germany,Male,33,666,124125.26,1,0,0,0.3911,1,Moderate Risk
15571586,Briggs,Spain,Male,29,524,159035.45,1,0,1,0.1014,0,Low Risk
15748616,Napolitani,France,Male,27,599,0.0,2,0,0,0.0101,0,Low Risk
15769402,Carpenter,France,Male,27,667,156811.74,1,1,0,0.0359,0,Low Risk
15739248,Lin,France,Male,52,727,0.0,2,1,0,0.0661,0,Low Risk
15603481,Robinson,Spain,Female,55,689,0.0,2,1,0,0.0724,0,Low Risk
15723604,Collins,France,Male,39,639,150555.83,1,0,0,0.2679,0,Moderate Risk
15797822,Kingsley,France,Male,28,678,109137.12,1,1,0,0.0365,0,Low Risk
15665064,Harvey,France,Male,36,523,158351.02,2,0,0,0.0671,0,Low Risk
15640580,Obiora,France,Female,47,650,0.0,1,0,0,0.9666,1,Critical Risk
15581089,Knight,Spain,Male,35,744,0.0,2,1,0,0.0062,0,Low Risk
15728605,Hung,France,Male,40,697,0.0,2,1,0,0.0159,0,Low Risk
15737385,Curtis,Spain,Female,46,800,0.0,2,0,0,0.1584,0,Low Risk
15714789,Perez,France,Male,24,664,0.0,1,1,0,0.0576,0,Low Risk
15786035,Gosnell,France,Male,39,740,0.0,2,0,0,0.0336,0,Low Risk
15815259,Fang,France,Female,56,835,0.0,2,1,0,0.0855,0,Low Risk
15592716,Clarke,France,Male,52,559,0.0,1,0,1,0.9677,1,Critical Risk
15734850,Milanesi,Spain,Male,36,676,82729.49,1,0,0,0.1471,0,Low Risk
15638047,Chia,Germany,Female,45,613,142765.24,2,0,0,0.6225,1,High Risk
15674573,Gearhart,France,Female,25,713,121172.97,1,1,0,0.0711,0,Low Risk
15694859,McLean,Germany,Female,28,751,132932.14,2,1,0,0.0556,0,Low Risk
15776404,Williamson,France,Male,22,523,123374.46,1,1,0,0.0365,0,Low Risk
15579345,Murphy,Germany,Female,74,775,161371.5,1,1,0,0.0365,0,Low Risk
15690733,Angelo,Spain,Male,45,608,0.0,2,0,1,0.0649,0,Low Risk
15631481,Thomson,France,Male,51,673,79563.36,2,1,0,0.1327,0,Low Risk
15620988,Murray,France,Male,46,616,0.0,2,0,0,0.0873,0,Low Risk
15571529,Kirby,Germany,Female,48,650,138232.24,1,0,0,0.9736,1,Critical Risk
15592104,Lane,France,Female,41,655,0.0,1,0,1,0.6216,1,High Risk
15651900,Bergamaschi,Germany,Female,53,782,81571.05,1,0,1,0.9677,1,Critical Risk
15596212,Yang,Spain,Male,35,781,0.0,2,0,0,0.0062,0,Low Risk
15710687,Mills,France,Female,33,593,95927.04,1,0,0,0.0855,0,Low Risk
15613787,Chidubem,Spain,Male,35,505,116932.59,1,0,0,0.1147,0,Low Risk
15599211,Findlay,France,Male,40,707,0.0,2,0,1,0.0359,0,Low Risk
15675983,Wood,France,Female,36,692,79551.12,1,1,0,0.2003,0,Moderate Risk
15622370,Boyle,Germany,Male,30,813,116416.94,1,1,0,0.0661,0,Low Risk
15656319,Toscano,Spain,Male,37,850,88141.1,1,0,0,0.0689,0,Low Risk
15605130,Seccombe,France,Male,32,753,177729.13,1,1,0,0.0661,0,Low Risk
15672574,Uspenskaya,Spain,Female,32,850,0.0,1,1,0,0.0584,0,Low Risk
15659355,McKenzie,Spain,Male,32,671,123912.78,2,1,0,0.0352,0,Low Risk
15777907,Liang,France,Female,33,791,0.0,1,1,1,0.1806,0,Low Risk
15655171,Yermakova,France,Male,80,624,0.0,1,1,0,0.0455,0,Low Risk
15619674,White,France,Female,35,649,108306.44,1,1,0,0.147,0,Low Risk
15775192,Rounsevell,Germany,Female,48,732,102962.62,1,0,1,0.9736,1,Critical Risk
15617657,Ts'ai,France,Female,36,664,103502.22,1,1,0,0.0856,0,Low Risk
15688951,Stoneman,Germany,Male,43,789,119654.44,2,1,1,0.1516,0,Low Risk
15763460,Yao,France,Male,33,680,183768.47,1,0,0,0.0792,0,Low Risk
15756992,Chukwukere,France,Male,37,701,0.0,2,0,0,0.0254,0,Low Risk
15617454,Ifeatu,France,Female,25,684,0.0,2,1,0,0.0159,0,Low Risk
15701932,Millar,France,Female,52,586,140900.97,1,1,0,0.4853,1,High Risk
15700813,Igwebuike,Germany,Female,25,522,94049.92,2,0,0,0.0502,0,Low Risk
15645600,Obidimkpa,Spain,Female,27,739,98926.4,1,1,0,0.0426,0,Low Risk
15634146,Hou,Germany,Male,18,835,142872.36,1,1,0,0.0609,0,Low Risk
15686743,Moody,Spain,Male,29,790,46057.96,2,1,0,0.0062,0,Low Risk
15698792,Keldie,France,Female,48,671,119769.77,1,1,0,0.5828,1,High Risk
15591724,Liu,France,Female,44,560,143244.97,1,0,0,0.4574,1,High Risk
15571281,Ts'ao,France,Male,28,651,79562.98,1,1,0,0.0124,0,Low Risk
15661380,Walker,France,Male,69,682,0.0,2,1,0,0.0343,0,Low Risk
15728885,Defalco,France,Male,41,808,0.0,1,1,0,0.104,0,Low Risk
15618950,Lo Duca,Spain,Male,26,644,96659.64,2,1,0,0.0136,0,Low Risk
15609804,Hyde,France,Male,29,688,0.0,2,0,0,0.0101,0,Low Risk
15735849,Kanayochukwu,France,Female,26,617,165947.99,2,1,0,0.0403,0,Low Risk
15652948,Yen,France,Male,33,738,92676.3,1,0,0,0.0701,0,Low Risk
15618155,Ts'ui,France,Male,45,663,83195.12,1,1,0,0.1496,0,Low Risk
15566378,Tillman,France,Male,48,515,129387.94,1,1,1,0.4116,1,High Risk
15565879,Riley,France,Female,28,845,0.0,2,1,0,0.0124,0,Low Risk
15792922,Tu,Spain,Male,38,639,130233.14,1,1,0,0.0419,0,Low Risk
15770567,Ruiz,France,Female,32,557,123502.53,1,1,0,0.0684,0,Low Risk
15738042,Goliwe,Germany,Male,37,543,140894.06,2,1,0,0.0592,0,Low Risk
15714920,Balashov,Germany,Male,44,585,163867.86,1,1,0,0.1978,0,Low Risk
15782121,Leonard,France,Female,27,610,0.0,2,0,0,0.0254,0,Low Risk
15673180,Onyekaozulu,Germany,Female,18,727,93816.7,2,0,0,0.0563,0,Low Risk
15660636,Carpenter,Spain,Female,40,540,0.0,2,0,0,0.0477,0,Low Risk
15664504,Beede,France,Male,35,418,0.0,2,1,0,0.0062,0,Low Risk
15790322,Beneventi,France,Female,32,660,114668.89,1,0,0,0.128,0,Low Risk
15739847,Sadlier,Germany,Male,38,850,146756.68,1,0,0,0.4057,1,High Risk
15699415,Lewis,France,Female,46,618,150213.71,1,0,1,0.7807,1,Critical Risk
15665521,Chiazagomekpele,Germany,Male,18,642,111183.53,2,1,0,0.0219,0,Low Risk
15682868,Elliott,France,Female,40,850,99816.46,1,1,1,0.0995,0,Low Risk
15584462,Liang,France,Male,34,739,0.0,1,0,0,0.2128,0,Moderate Risk
15661708,She,France,Female,41,508,0.0,2,1,0,0.0343,0,Low Risk
15584452,Bozeman,France,Male,41,667,0.0,2,0,0,0.0359,0,Low Risk
15717010,Yu,France,Female,60,741,0.0,1,1,0,0.7017,1,Critical Risk
15643828,Teng,France,Male,29,592,0.0,2,1,0,0.0062,0,Low Risk
15733361,Davide,Germany,Female,45,651,86714.06,1,0,1,0.8446,1,Critical Risk
15795488,Beneventi,Spain,Male,52,773,0.0,2,0,0,0.3203,1,Moderate Risk
15581551,Yobachukwu,Spain,Male,41,850,132838.07,1,1,0,0.0452,0,Low Risk
15632051,Douglas,Germany,Female,42,550,128707.31,1,0,1,0.8239,1,Critical Risk
15780409,Egobudike,France,Male,40,783,0.0,2,0,0,0.0352,0,Low Risk
15572767,Shelby,France,Male,29,777,0.0,2,0,0,0.0124,0,Low Risk
15590337,Golubov,France,Male,29,659,123192.12,1,1,1,0.0542,0,Low Risk
15634551,Williamson,Germany,Male,46,727,115248.11,4,0,1,1.0,1,Critical Risk
15669290,Fan,France,Male,38,603,59360.77,1,1,0,0.0792,0,Low Risk
15621140,Nwebube,Spain,Male,37,644,0.0,2,1,0,0.0062,0,Low Risk
15613518,Bellucci,France,Female,35,647,112668.7,1,1,0,0.1528,0,Low Risk
15728043,Udinese,Germany,Female,37,648,138503.51,2,0,0,0.2444,0,Moderate Risk
15570073,Marian,Spain,Male,57,721,0.0,1,1,0,0.3861,1,Moderate Risk
15777033,Chizoba,France,Male,29,524,0.0,2,1,0,0.0062,0,Low Risk
15682454,McFarland,France,Female,34,626,0.0,2,1,0,0.0251,0,Low Risk
15758513,McDonald,France,Male,43,569,0.0,2,0,0,0.0426,0,Low Risk
15772604,Chiemezie,Spain,Male,36,578,157267.95,2,0,0,0.0585,0,Low Risk
15721715,Fane,France,Female,40,769,133871.05,1,1,0,0.2454,0,Moderate Risk
15688563,Marchesi,Germany,Male,31,694,141989.27,2,0,0,0.0977,0,Low Risk
15772009,Scott,France,Female,41,664,0.0,1,1,0,0.4195,1,High Risk
15809585,H?,France,Male,38,646,0.0,2,0,0,0.0157,0,Low Risk
15593778,Craig,France,Female,29,779,46388.16,3,0,1,0.8477,1,Critical Risk
15655360,Chikelu,Germany,Female,72,782,148666.99,1,0,1,0.7596,1,Critical Risk
15780909,Caffyn,Germany,Male,34,769,115101.5,1,0,1,0.5517,1,High Risk
15757310,Otitodilichukwu,Germany,Male,67,655,148363.38,1,1,0,0.1791,0,Low Risk
15801411,Green,Spain,Male,46,623,0.0,1,0,1,0.8159,1,Critical Risk
15761706,Y?an,Spain,Female,39,705,144102.32,1,1,0,0.0684,0,Low Risk
15658409,Mao,France,Male,41,686,128876.71,3,1,1,0.9666,1,Critical Risk
15810010,Dahlenburg,Germany,Male,36,678,118448.15,2,0,0,0.1666,0,Low Risk
15627027,Shih,France,Male,39,738,0.0,2,1,0,0.0101,0,Low Risk
15624374,Maclean,France,Male,28,703,0.0,2,1,0,0.0,0,Low Risk
15720083,Fiorentino,Spain,Male,42,554,0.0,2,1,0,0.0282,0,Low Risk
15752294,Long,France,Female,38,582,135979.01,4,1,1,0.9946,1,Critical Risk
15743193,Olson,France,Male,37,644,117271.8,2,0,1,0.0609,0,Low Risk
15696733,McKenzie,France,Male,29,724,0.0,1,0,0,0.1351,0,Low Risk
15677522,Rossi,France,Male,33,593,0.0,2,0,0,0.0,0,Low Risk
15643523,Power,Spain,Female,30,710,0.0,2,0,0,0.0316,0,Low Risk
15624936,Yen,France,Male,35,631,129205.49,1,1,0,0.0554,0,Low Risk
15716085,Norris,Spain,Female,41,739,0.0,1,0,1,0.7201,1,Critical Risk
15641688,Collier,Spain,Male,18,644,0.0,1,1,1,0.063,0,Low Risk
15796834,Rivers,Germany,Male,35,652,104015.54,2,1,0,0.0403,0,Low Risk
15720123,Hudson,Spain,Male,37,554,0.0,2,0,0,0.0274,0,Low Risk
15604732,Milani,France,Female,30,483,0.0,2,0,0,0.0241,0,Low Risk
15723484,Hunt,Germany,Female,42,669,103873.39,1,0,0,0.8168,1,Critical Risk
15807120,Oluchukwu,Germany,Female,52,841,112383.03,1,0,1,0.9764,1,Critical Risk
15810891,Lorenzo,France,Male,34,662,117731.79,2,1,0,0.0159,0,Low Risk
15640407,Chidiegwu,Germany,Male,45,821,135827.33,2,1,0,0.0989,0,Low Risk
15778838,Warren,France,Male,38,783,114135.17,1,0,0,0.1388,0,Low Risk
15709256,Glover,France,Female,28,850,0.0,2,1,0,0.0101,0,Low Risk
15742285,Andersen,France,Male,62,559,118756.62,1,1,0,0.2523,0,Moderate Risk
15729019,Arcuri,Spain,Male,34,602,98382.72,1,0,0,0.0833,0,Low Risk
15608588,Mackinlay,Germany,Male,41,563,100520.92,1,1,1,0.3814,1,Moderate Risk
15610557,McCarthy,Spain,Female,35,695,79858.13,2,1,0,0.0343,0,Low Risk
15786418,Chiu,France,Female,20,546,0.0,1,1,0,0.0661,0,Low Risk
15653050,Norriss,Germany,Female,76,719,95052.29,1,0,0,0.4335,1,High Risk
15744914,Moore,Germany,Male,42,539,177728.55,1,0,0,0.5342,1,High Risk
15669611,Mott,France,Male,71,632,83116.68,1,1,0,0.0507,0,Low Risk
15594786,Ts'ai,Germany,Male,34,772,111565.91,1,1,0,0.2256,0,Moderate Risk
15649211,Fokina,Spain,Male,40,708,83015.71,1,0,0,0.1929,0,Low Risk
15766066,Nikitina,Germany,Female,28,668,124511.01,1,0,0,0.3057,1,Moderate Risk
15772216,Henry,France,Female,67,738,130652.52,1,1,0,0.2632,0,Moderate Risk
15619898,Chiefo,France,Male,55,785,0.0,2,1,0,0.0419,0,Low Risk
15724543,Mao,France,Male,61,597,0.0,2,1,0,0.0436,0,Low Risk
15755084,Bezrukova,France,Male,37,531,121854.45,1,0,0,0.1608,0,Low Risk
15730441,Dodd,France,Male,26,509,0.0,2,1,0,0.0124,0,Low Risk
15666767,Lori,France,Male,35,508,86893.28,1,0,0,0.0403,0,Low Risk
15690456,Yudina,Germany,Female,32,749,79523.13,1,1,0,0.131,0,Low Risk
15570533,Conti,Germany,Female,55,621,131033.76,1,1,1,0.8977,1,Critical Risk
15797692,Volkova,France,Female,33,659,89939.62,1,0,0,0.1516,0,Low Risk
15603135,Boni,Germany,Female,59,634,95727.05,1,0,1,0.9813,1,Critical Risk
15698927,Ritchie,France,Male,39,675,0.0,2,1,0,0.0254,0,Low Risk
15687363,McMillan,France,Male,31,770,155047.56,2,1,0,0.0124,0,Low Risk
15733444,Phillips,France,Female,29,736,0.0,2,0,0,0.0343,0,Low Risk
15678057,Lombardi,France,Male,44,524,118569.03,2,0,0,0.1511,0,Low Risk
15806918,Ireland,France,Male,28,674,0.0,1,1,0,0.0873,0,Low Risk
15638247,Boan,Spain,Male,44,700,0.0,2,0,0,0.0492,0,Low Risk
15674833,Shao,France,Female,35,741,0.0,2,0,0,0.0343,0,Low Risk
15812534,Chiemenam,France,Male,40,455,0.0,3,1,0,0.7739,1,Critical Risk
15586522,Hunter,Spain,Male,37,608,130461.02,1,0,0,0.2257,0,Moderate Risk
15794297,McKay,France,Male,36,776,0.0,2,0,0,0.0124,0,Low Risk
15737025,Roberts,France,Male,33,635,0.0,3,0,1,0.7201,1,Critical Risk
15615931,Aitken,France,Female,37,746,0.0,2,1,0,0.0482,0,Low Risk
15664860,Chao,Spain,Female,47,692,0.0,2,0,1,0.2688,0,Moderate Risk
15664539,Bruce,Spain,Male,35,683,61172.04,1,0,0,0.0994,0,Low Risk
15583692,Chan,Germany,Female,35,591,90194.34,2,0,0,0.0711,0,Low Risk
15693131,Watts,France,Female,24,581,95508.2,1,1,0,0.0475,0,Low Risk
15779973,Gibbons,Germany,Male,35,684,99967.76,1,1,0,0.1999,0,Low Risk
15620557,Ni,Spain,Male,37,561,101470.29,1,1,0,0.0609,0,Low Risk
15639549,Jen,Germany,Female,33,718,70541.06,1,0,0,0.256,0,Moderate Risk
15618750,Phillips,France,Male,31,590,112211.61,1,0,0,0.0609,0,Low Risk
15796790,Amaechi,France,Female,47,573,154543.98,1,0,0,0.6797,1,Critical Risk
15668309,Maslow,France,Female,40,350,111098.85,1,1,1,0.7039,1,Critical Risk
15732437,Rowley,Germany,Female,44,504,131873.07,2,1,1,0.233,0,Moderate Risk
15665158,Chukwuemeka,Spain,Male,27,813,137275.36,1,1,0,0.0167,0,Low Risk
15689322,Bevan,Spain,Male,31,641,153316.14,1,0,0,0.1205,0,Low Risk
15596624,Topp,France,Female,22,662,0.0,2,1,0,0.0159,0,Low Risk
15601977,Burgoyne,Spain,Male,44,497,121250.04,1,1,0,0.0815,0,Low Risk
15801462,Yermakov,France,Male,31,716,109578.04,2,1,0,0.0144,0,Low Risk
15566139,Ts'ui,France,Female,37,526,53573.18,1,0,0,0.3131,1,Moderate Risk
15791006,Kodilinyechukwu,Germany,Female,34,760,58003.41,1,0,0,0.4121,1,High Risk
15668057,K?,France,Female,31,669,113000.66,1,0,0,0.1795,0,Low Risk
15580805,Marino,France,Male,27,655,0.0,2,0,0,0.0254,0,Low Risk
15658768,Lucas,France,Female,49,547,0.0,1,0,1,0.9458,1,Critical Risk
15613048,Anderson,Germany,Female,40,648,139973.65,1,1,1,0.5695,1,High Risk
15803654,Wei,France,Female,31,790,151290.16,1,1,0,0.0609,0,Low Risk
15662337,Baldwin,Germany,Female,50,744,121498.11,2,1,1,0.6991,1,Critical Risk
15650924,Foster,Spain,Female,32,761,103515.39,2,1,0,0.0471,0,Low Risk
15647203,Gebhart,France,Female,35,750,0.0,1,0,0,0.5652,1,High Risk
15682778,Fedorov,France,Male,34,680,0.0,2,1,0,0.0101,0,Low Risk
15579820,Robertson,Spain,Male,38,704,106687.76,1,0,0,0.2492,0,Moderate Risk
15709354,Tudawali,France,Female,41,521,0.0,2,1,0,0.0426,0,Low Risk
15728480,Iloerika,France,Female,35,452,0.0,2,1,0,0.0323,0,Low Risk
15641091,Onyemauchechukwu,France,Female,31,695,106089.2,1,0,0,0.1534,0,Low Risk
15603111,Muir,Spain,Male,71,850,69608.14,1,0,1,0.546,1,High Risk
15679693,Walker,France,Male,31,625,0.0,2,1,0,0.0,0,Low Risk
15797190,Charlton,Germany,Female,40,608,96202.32,1,0,0,0.6558,1,Critical Risk
15788025,Tseng,France,Female,38,715,0.0,2,1,0,0.0294,0,Low Risk
15646168,Ifeatu,Spain,Male,33,834,0.0,2,0,0,0.0124,0,Low Risk
15580493,Chin,France,Male,33,469,127818.52,1,0,0,0.0593,0,Low Risk
15726720,Blinova,France,Female,40,480,0.0,1,0,1,0.6621,1,Critical Risk
15735799,Maconochie,Germany,Male,58,527,137318.42,1,1,0,0.6916,1,Critical Risk
15773098,Ch'in,Spain,Male,34,834,0.0,2,0,0,0.0101,0,Low Risk
15668971,Nicholson,France,Female,40,583,55776.39,2,0,0,0.1374,0,Low Risk
15603221,Burgess,Germany,Male,32,696,84421.62,1,1,0,0.0684,0,Low Risk
15740043,Young,France,Male,32,606,83161.65,1,1,0,0.0538,0,Low Risk
15712264,Plumb,France,Female,39,713,0.0,2,1,0,0.1162,0,Low Risk
15751926,Trentino,Germany,Male,42,821,87807.29,2,1,0,0.0426,0,Low Risk
15589401,Allen,France,Female,30,550,0.0,2,0,0,0.0274,0,Low Risk
15742019,Benford,France,Female,39,675,0.0,2,0,0,0.055,0,Low Risk
15660611,Gallo,Spain,Male,39,748,0.0,2,1,0,0.0101,0,Low Risk
15607634,Cobb,Germany,Male,40,606,95293.86,2,1,0,0.0649,0,Low Risk
15595036,Doherty,Germany,Male,30,726,92847.59,1,0,0,0.1471,0,Low Risk
15745794,Cocci,France,Male,30,547,0.0,2,1,0,0.0,0,Low Risk
15781689,Macadam,Spain,Male,35,758,0.0,2,0,0,0.0159,0,Low Risk
15696054,Tychonoff,France,Male,37,596,0.0,1,1,0,0.1726,0,Low Risk
15752467,Johnson,Spain,Male,34,720,0.0,2,1,0,0.0062,0,Low Risk
15597739,Tu,France,Male,37,674,0.0,1,0,0,0.3195,1,Moderate Risk
15651336,Chidiebere,France,Female,32,756,0.0,2,0,0,0.0359,0,Low Risk
15636061,Pope,Germany,Male,78,649,68345.86,2,1,0,0.0062,0,Low Risk
15723013,Sutherland,Germany,Male,28,613,76656.4,2,1,0,0.0062,0,Low Risk
15784148,Beneventi,France,Male,62,643,0.0,2,0,0,0.4829,1,High Risk
15578098,Jamieson,France,Male,31,600,0.0,2,1,0,0.0062,0,Low Risk
15638621,Simmons,Spain,Male,39,735,60374.98,1,0,0,0.2328,0,Moderate Risk
15720924,Chijioke,France,Female,34,585,0.0,1,1,0,0.1305,0,Low Risk
15566531,Iloerika,Germany,Male,33,724,88046.88,1,1,1,0.1547,0,Low Risk
15718064,Chia,Spain,Male,29,635,0.0,2,0,0,0.0124,0,Low Risk
15605067,Nwachinemelu,France,Male,19,472,0.0,2,0,0,0.0,0,Low Risk
15655335,Becher,France,Male,36,590,0.0,2,0,0,0.0124,0,Low Risk
15607301,Romano,Spain,Female,63,651,129968.67,1,1,0,0.1419,0,Low Risk
15694628,Walker,Germany,Female,39,686,157731.6,2,0,0,0.1768,0,Low Risk
15607112,Chiawuotu,France,Male,32,606,0.0,2,1,0,0.0062,0,Low Risk
15635775,Watt,France,Male,33,781,89276.48,1,0,0,0.0527,0,Low Risk
15644280,Udegbunam,France,Male,45,593,138825.19,1,0,0,0.4166,1,High Risk
15708362,Watson,France,Male,63,793,103729.79,2,1,0,0.0592,0,Low Risk
15771997,Bryant,France,Female,31,791,75499.24,1,0,0,0.0747,0,Low Risk
15730579,Ward,France,Male,68,850,169445.4,1,1,0,0.0836,0,Low Risk
15728005,Urban,France,Female,57,698,111359.55,2,0,0,0.8512,1,Critical Risk
15791674,Sutherland,France,Female,34,846,142388.61,2,1,1,0.0343,0,Low Risk
15754599,K'ung,France,Male,42,765,123311.39,2,1,0,0.0426,0,Low Risk
15693690,Iweobiegbunam,Spain,Male,52,574,115532.52,1,0,0,0.7406,1,Critical Risk
15728963,Wei,Germany,Female,51,617,167273.71,1,0,1,0.9736,1,Critical Risk
15659710,Lascelles,France,Male,25,581,77886.53,2,0,0,0.0159,0,Low Risk
15658675,Ts'ao,Germany,Male,37,710,135795.63,1,1,0,0.4007,1,High Risk
15638788,Mack,France,Male,32,550,97514.07,1,1,0,0.0442,0,Low Risk
15609735,Campbell,Germany,Male,51,533,127545.56,2,0,1,0.7805,1,Critical Risk
15771477,Fiorentini,France,Male,49,779,106160.37,1,0,0,0.6587,1,Critical Risk
15570145,Long,France,Female,23,763,0.0,2,0,0,0.0254,0,Low Risk
15797149,Lloyd,Spain,Female,36,563,143680.47,2,1,0,0.0569,0,Low Risk
15636912,Sneddon,Spain,Male,38,678,124483.53,1,0,0,0.207,0,Moderate Risk
15687828,Gorshkov,Spain,Female,31,644,86006.3,1,1,0,0.0649,0,Low Risk
15667424,Forbes,Germany,Female,43,682,111094.05,2,1,0,0.2181,0,Moderate Risk
15759872,L?,France,Male,22,625,0.0,2,0,0,0.0159,0,Low Risk
15572374,Hopetoun,Spain,Male,36,733,0.0,2,1,0,0.0101,0,Low Risk
15754926,Lucchesi,France,Female,30,512,0.0,2,0,0,0.0216,0,Low Risk
15687431,Faria,France,Female,41,642,115171.71,1,1,0,0.2146,0,Moderate Risk
15604515,Yefremov,Germany,Female,22,737,111543.26,2,0,0,0.1149,0,Low Risk
15682839,Genovesi,France,Female,57,575,137936.94,1,1,0,0.5184,1,High Risk
15624677,Marquez,Germany,Female,37,543,122304.65,2,0,0,0.2042,0,Moderate Risk
15646366,Trevisani,Germany,Male,41,521,120586.54,1,1,0,0.5828,1,High Risk
15701768,Tung,France,Male,32,637,0.0,2,1,0,0.0062,0,Low Risk
15623566,Barnhill,France,Male,40,714,46520.69,1,1,0,0.0896,0,Low Risk
15681274,Marshall,Spain,Female,56,726,105473.74,1,1,0,0.3281,1,Moderate Risk
15762573,Bednall,Spain,Female,34,680,0.0,2,0,0,0.0305,0,Low Risk
15706458,Pan,Germany,Male,39,812,115730.71,3,1,1,0.9366,1,Critical Risk
15654222,Ogg,Spain,Male,30,757,145396.49,1,1,0,0.0194,0,Low Risk
15704053,T'ang,Spain,Male,62,710,131078.42,2,0,1,0.8446,1,Critical Risk
15724321,Baresi,Germany,Female,47,516,128298.74,1,0,1,0.9736,1,Critical Risk
15621815,Obiajulu,France,Female,40,803,165526.71,1,0,0,0.4705,1,High Risk
15724876,McGregor,France,Female,38,560,83714.41,1,1,0,0.1087,0,Low Risk
15696588,Lung,France,Female,36,679,0.0,2,1,0,0.0124,0,Low Risk
15612832,Jamieson,France,Male,32,526,125540.05,1,0,0,0.0569,0,Low Risk
15804295,Pinto,France,Male,41,485,100254.76,2,1,0,0.0504,0,Low Risk
15712536,Fallaci,France,Female,36,625,0.0,2,0,1,0.0455,0,Low Risk
15662494,Goliwe,Spain,Male,43,773,138150.57,1,1,0,0.0994,0,Low Risk
15807728,Ferri,France,Female,45,530,0.0,1,1,1,0.8615,1,Critical Risk
15764916,Rowley,Germany,Female,43,616,95984.21,1,1,1,0.6124,1,High Risk
15615330,Tretiakova,France,Male,23,651,0.0,2,1,0,0.0216,0,Low Risk
15638487,She,Germany,Male,38,586,136858.42,1,1,0,0.2602,0,Moderate Risk
15627859,Nebeolisa,Germany,Male,29,607,102609.0,1,0,0,0.2542,0,Moderate Risk
15622192,Young,Spain,Male,39,724,0.0,2,1,0,0.0124,0,Low Risk
15789413,Fitzgerald,France,Male,64,733,0.0,2,1,0,0.0336,0,Low Risk
15583221,Arnold,Germany,Male,70,667,77356.92,2,1,0,0.0569,0,Low Risk
15768495,Chidimma,France,Female,32,700,110923.15,2,1,1,0.0593,0,Low Risk
15644103,Wells,Spain,Male,78,659,151675.65,1,1,0,0.0159,0,Low Risk
15741197,Calzada,Spain,Male,22,710,0.0,3,0,0,0.3153,1,Moderate Risk
15664547,Black,France,Male,37,760,0.0,1,0,1,0.2446,0,Moderate Risk
15797293,Sopuluchukwu,France,Female,25,677,0.0,2,0,0,0.0336,0,Low Risk
15572021,Ts'ao,Germany,Female,29,798,80204.11,2,0,0,0.0316,0,Low Risk
15637461,Ukaegbunam,France,Male,35,758,0.0,2,0,0,0.0124,0,Low Risk
15620577,Wood,France,Male,45,715,0.0,2,1,0,0.0305,0,Low Risk
15609643,Furneaux,Germany,Male,32,752,115587.49,2,1,0,0.0459,0,Low Risk
15785358,Gresswell,Germany,Male,46,586,106968.96,1,1,1,0.6466,1,High Risk
15603883,Ch'in,France,Male,36,818,0.0,2,1,0,0.0,0,Low Risk
15782550,Ma,Germany,Female,41,490,139659.04,1,1,0,0.3842,1,Moderate Risk
15775761,Iweobiegbunam,Germany,Female,69,610,86038.21,3,0,1,0.9767,1,Critical Risk
15680201,Marcelo,Germany,Male,24,627,102773.2,2,0,1,0.0622,0,Low Risk
15767594,Azubuike,France,Female,35,533,0.0,2,1,0,0.0281,0,Low Risk
15591985,Stewart,France,Female,51,708,70754.18,1,1,1,0.5453,1,High Risk
15789339,Yen,France,Male,59,681,122781.51,1,1,0,0.503,1,High Risk
15781530,Hsieh,France,Male,21,690,0.0,2,1,0,0.0062,0,Low Risk
15705174,Chiedozie,Germany,Male,68,656,153545.11,1,1,0,0.1118,0,Low Risk
15572114,Shih,Spain,Male,40,673,121629.22,1,1,0,0.0476,0,Low Risk
15804009,Amechi,Germany,Male,36,806,167983.17,2,1,0,0.0124,0,Low Risk
15662698,Ko,Spain,Female,43,648,81153.82,1,1,1,0.1516,0,Low Risk
15696047,Chimezie,France,Male,35,501,99760.84,1,1,0,0.0504,0,Low Risk
15701160,Azubuike,Germany,Female,43,556,125890.72,1,1,0,0.5511,1,High Risk
15790093,Aguirre,France,Female,27,627,0.0,2,0,0,0.0282,0,Low Risk
15632143,Lung,France,Male,31,652,119148.55,1,0,0,0.0592,0,Low Risk
15736778,Adams,Germany,Female,60,807,72948.58,2,1,0,0.4817,1,High Risk
15734917,Castiglione,Germany,Male,21,708,133974.36,2,0,0,0.078,0,Low Risk
15643903,Yao,France,Male,27,619,154483.98,1,0,0,0.0609,0,Low Risk
15569526,Morales,France,Male,40,601,98627.13,2,0,0,0.0609,0,Low Risk
15777067,Thomas,France,Male,64,445,136770.67,1,1,0,0.1288,0,Low Risk
15795511,Vasiliev,Germany,Male,39,800,95252.72,1,0,0,0.4947,1,High Risk
15610419,Chukwueloka,France,Male,33,554,117413.95,1,1,0,0.0624,0,Low Risk
15644994,Ko,Germany,Male,54,714,137986.58,2,1,1,0.3383,1,Moderate Risk
15703707,Atkins,France,Male,44,656,143571.52,1,0,0,0.1576,0,Low Risk
15659327,Moffitt,France,Male,49,520,121197.64,1,0,1,0.6701,1,Critical Risk
15771323,Panicucci,Spain,Male,39,480,121626.9,1,1,0,0.0569,0,Low Risk
15750549,Akobundu,Germany,Male,30,660,84440.1,2,1,0,0.0062,0,Low Risk
15698462,Chiu,France,Male,36,532,0.0,2,1,0,0.0124,0,Low Risk
15739692,Tsui,France,Male,42,679,0.0,2,0,0,0.0257,0,Low Risk
15744041,Yobanna,France,Female,26,780,140356.7,1,0,0,0.1293,0,Low Risk
15700714,Hollis,France,Male,29,747,0.0,2,1,0,0.0062,0,Low Risk
15777743,Cattaneo,France,Female,39,705,92224.56,1,1,0,0.1351,0,Low Risk
15623143,Lung,France,Female,43,732,0.0,2,0,0,0.148,0,Low Risk
15712568,Angelo,Spain,Male,40,515,121355.99,1,0,0,0.1374,0,Low Risk
15617432,Folliero,Germany,Female,40,816,109003.26,1,1,0,0.5914,1,High Risk
15650424,Bryant,France,Female,48,641,147341.43,1,1,1,0.5828,1,High Risk
15728829,Weigel,France,Male,18,509,102983.91,1,0,0,0.0574,0,Low Risk
15680430,Ajuluchukwu,Germany,Female,49,601,96252.98,2,0,0,0.6531,1,Critical Risk
15687626,Zhirov,France,Male,39,527,0.0,2,0,1,0.0343,0,Low Risk
15609187,Cox,France,Female,27,455,155879.09,2,0,0,0.0264,0,Low Risk
15609521,Chimaraoke,Germany,Male,34,803,142929.16,2,1,0,0.029,0,Low Risk
15752626,Genovese,France,Male,32,553,64082.09,1,1,0,0.0365,0,Low Risk
15571756,Ohearn,France,Female,28,724,0.0,1,0,0,0.3203,1,Moderate Risk
15814040,Munroe,France,Female,45,610,0.0,2,1,0,0.0592,0,Low Risk
15658211,Morrison,Spain,Female,39,559,0.0,2,1,0,0.0274,0,Low Risk
15742091,Parkhill,Germany,Female,35,825,118336.95,1,0,1,0.7965,1,Critical Risk
15787168,Y?,Spain,Female,28,819,168253.21,1,1,0,0.0592,0,Low Risk
15772363,Hilton,Germany,Female,42,772,101979.16,1,0,0,0.6466,1,High Risk
15659364,Thompson,Spain,Male,23,685,164902.43,1,0,0,0.1623,0,Low Risk
15738980,Yobanna,France,Male,43,506,0.0,2,0,0,0.0413,0,Low Risk
15794236,Thorpe,Germany,Male,22,642,111812.52,2,1,0,0.0282,0,Low Risk
15721383,Harvey,Spain,Male,40,627,0.0,2,1,0,0.0062,0,Low Risk
15652981,Robinson,Germany,Male,30,600,119755.0,1,1,0,0.185,0,Low Risk
15722731,Manna,France,Male,46,653,119556.1,1,0,1,0.6225,1,High Risk
15640507,Li,Spain,Female,35,762,119349.69,3,1,1,0.9677,1,Critical Risk
15578878,Hancock,Spain,Female,30,569,139528.23,1,1,0,0.0671,0,Low Risk
15744295,Hao,France,Male,40,756,94773.11,1,0,0,0.2032,0,Moderate Risk
15776558,Nicholls,France,Male,31,673,108345.22,1,1,0,0.0271,0,Low Risk
15596136,Folliero,France,Female,36,637,166939.88,1,1,0,0.1293,0,Low Risk
15704597,Trumbull,France,Male,33,644,174571.36,1,1,0,0.064,0,Low Risk
15648272,Medvedeva,Spain,Male,35,658,71829.34,1,1,0,0.0325,0,Low Risk
15594915,Crist,France,Female,36,649,0.0,2,1,0,0.0343,0,Low Risk
15581115,Middleton,France,Female,39,603,76769.68,1,0,0,0.2312,0,Moderate Risk
15763907,Watts,France,Female,39,820,104614.29,1,0,1,0.2747,1,Moderate Risk
15705994,Udinese,Spain,Male,27,712,0.0,1,0,0,0.0739,0,Low Risk
15772421,Tretiakov,Germany,Female,31,645,128927.93,1,1,0,0.1419,0,Low Risk
15711572,O'Kane,Germany,Female,31,705,110941.93,2,0,0,0.1834,0,Low Risk
15691170,Vasilyeva,Spain,Female,29,590,99250.08,1,1,0,0.0306,0,Low Risk
15600106,Wei,France,Male,36,631,0.0,2,0,0,0.0101,0,Low Risk
15745431,Chinonyelum,France,Male,34,604,0.0,2,1,0,0.0062,0,Low Risk
15649508,Chin,Spain,Male,48,643,0.0,2,0,0,0.1811,0,Low Risk
15812611,Lorimer,Spain,Female,30,690,0.0,2,1,0,0.0124,0,Low Risk
15619699,Yeh,France,Male,31,558,0.0,1,0,0,0.2521,0,Moderate Risk
15813946,Duffy,Germany,Male,51,637,104682.83,1,0,1,0.9946,1,Critical Risk
15762762,Onyekachukwu,Germany,Female,45,648,118886.55,1,0,0,0.9483,1,Critical Risk
15629793,Banks,Spain,Male,28,652,156823.7,2,0,0,0.0167,0,Low Risk
15781298,Hughes,Germany,Male,39,808,124216.93,1,1,0,0.3307,1,Moderate Risk
15622658,Lai,France,Female,26,551,144258.52,1,0,0,0.13,0,Low Risk
15658980,Matthews,Germany,Male,26,711,128793.63,1,0,0,0.3928,1,Moderate Risk
15701936,Bell,Germany,Male,28,467,126315.26,1,0,1,0.3624,1,Moderate Risk
15686917,Tu,Spain,Female,40,789,0.0,2,0,0,0.0577,0,Low Risk
15807312,Hsia,Spain,Male,33,602,0.0,2,1,0,0.0101,0,Low Risk
15574523,Cheng,France,Male,39,576,0.0,2,1,0,0.0159,0,Low Risk
15724200,Cheng,France,Male,38,584,115341.55,1,1,0,0.0802,0,Low Risk
15738224,Lin,France,Male,32,593,99162.29,1,0,0,0.0649,0,Low Risk
15593283,Higgins,Germany,Female,48,705,156848.13,2,1,1,0.2624,0,Moderate Risk
15814690,Chukwujekwu,Germany,Female,64,595,105736.32,1,1,1,0.5783,1,High Risk
15807245,McKay,Germany,Female,41,699,200117.76,2,0,0,0.3177,1,Moderate Risk
15799358,Vincent,France,Female,46,516,62212.29,1,1,1,0.6998,1,Critical Risk
15616172,Ubanwa,France,Male,31,838,0.0,2,0,0,0.0,0,Low Risk
15777958,Ch'ien,France,Male,39,587,0.0,2,1,0,0.0516,0,Low Risk
15809124,T'ien,France,Male,38,750,151532.4,1,1,0,0.0592,0,Low Risk
15616367,Ricci,Germany,Male,39,581,121523.51,1,0,1,0.6727,1,Critical Risk
15687385,McDowell,France,Male,41,484,0.0,1,1,0,0.1496,0,Low Risk
15607877,Maclean,Spain,Male,26,576,0.0,2,1,0,0.0,0,Low Risk
15736327,Manna,Germany,Female,46,567,68238.51,2,1,0,0.3274,1,Moderate Risk
15746704,Jibunoh,Spain,Male,30,638,136808.53,2,1,0,0.0167,0,Low Risk
15778304,Fan,Germany,Male,24,646,92398.08,1,1,0,0.0729,0,Low Risk
15588456,Hsieh,France,Female,40,658,143566.12,1,1,0,0.2756,1,Moderate Risk
15664035,Parsons,Spain,Female,38,590,0.0,2,1,0,0.0251,0,Low Risk
15596405,Udinese,Spain,Male,25,546,127728.24,2,1,0,0.0159,0,Low Risk
15815097,Root,France,Female,34,603,0.0,2,0,0,0.0542,0,Low Risk
15762708,Chiemezie,Spain,Female,38,619,119658.49,1,1,0,0.0585,0,Low Risk
15776211,Toscani,France,Female,34,678,0.0,2,1,0,0.0336,0,Low Risk
15626012,Obidimkpa,France,Male,26,459,149879.66,1,0,0,0.0592,0,Low Risk
15792077,Degtyaryov,Germany,Male,28,671,119859.52,2,0,0,0.0862,0,Low Risk
15718765,Maclean,Spain,Male,43,501,104533.24,1,0,1,0.2674,0,Moderate Risk
15576615,Giordano,Spain,Male,37,719,145382.61,1,0,0,0.1034,0,Low Risk
15752650,Saad,Spain,Female,37,681,121231.39,1,1,0,0.1598,0,Low Risk
15797502,Lord,Spain,Male,24,706,141078.57,1,1,0,0.0426,0,Low Risk
15687329,Hope,Germany,Female,32,763,108465.65,2,0,1,0.104,0,Low Risk
15779423,K?,France,Male,39,716,70657.61,2,1,0,0.0419,0,Low Risk
15619514,Bull,Germany,Male,40,507,120105.43,1,0,1,0.5905,1,High Risk
15615430,Adams,Germany,Male,55,678,129646.91,1,1,1,0.7694,1,Critical Risk
15716431,Brookes,France,Female,30,775,191091.74,2,1,0,0.0861,0,Low Risk
15798341,Victor,France,Male,38,544,0.0,1,1,0,0.1305,0,Low Risk
15651958,Giles,France,Male,27,756,0.0,2,1,0,0.0062,0,Low Risk
15726179,Ferrari,Germany,Female,43,757,131433.33,2,1,1,0.159,0,Low Risk
15652999,Milne,Germany,Male,33,742,137937.95,1,1,0,0.1374,0,Low Risk
15691950,Parry,France,Male,49,591,0.0,2,0,0,0.1749,0,Low Risk
15632446,Allan,France,Male,24,667,0.0,2,0,0,0.0124,0,Low Risk
15620936,Warren,France,Male,32,787,0.0,2,1,0,0.0062,0,Low Risk
15587640,Rowntree,France,Female,43,718,93143.39,1,0,0,0.459,1,High Risk
15782231,Andrejew,France,Male,38,521,0.0,2,0,0,0.0254,0,Low Risk
15580462,Corby,Spain,Male,40,607,112544.45,1,1,0,0.12,0,Low Risk
15736371,Kennedy,France,Female,34,633,123034.43,2,1,0,0.0565,0,Low Risk
15648032,Young,Spain,Male,37,588,0.0,2,1,0,0.0124,0,Low Risk
15610454,Poole,Germany,Female,33,724,119278.44,1,1,0,0.3035,1,Moderate Risk
15671358,Fletcher,France,Male,44,720,0.0,2,0,0,0.0572,0,Low Risk
15747130,Tsao,France,Male,39,521,0.0,2,1,0,0.0124,0,Low Risk
15578374,Gilroy,Spain,Male,36,620,169312.72,1,0,0,0.1803,0,Low Risk
15572182,Onwuamaeze,Germany,Female,33,505,106506.77,3,0,1,0.968,1,Critical Risk
15770041,Manna,Spain,Female,43,728,128412.61,1,1,0,0.2291,0,Moderate Risk
15669414,Pisano,Germany,Male,62,486,118356.89,2,0,1,0.8974,1,Critical Risk
15777054,Thorpe,Germany,Male,42,584,137479.13,1,0,0,0.7372,1,Critical Risk
15621021,Dwyer,Spain,Female,40,687,0.0,2,0,0,0.0609,0,Low Risk
15785490,Okeke,France,Male,50,771,105229.72,1,1,1,0.5215,1,High Risk
15577695,Zito,France,Male,41,678,148088.11,1,0,0,0.2991,1,Moderate Risk
15686974,Sergeyeva,France,Female,48,751,0.0,1,1,1,0.8058,1,Critical Risk
15574584,Fang,France,Male,33,670,126679.69,1,1,0,0.0426,0,Low Risk
15719541,Flannagan,Spain,Male,31,675,90826.27,2,0,0,0.0336,0,Low Risk
15646310,Mao,Spain,Male,24,684,143582.89,1,1,0,0.0343,0,Low Risk
15697606,Sturdee,France,Female,21,637,125712.2,1,0,0,0.0684,0,Low Risk
15711489,Azikiwe,Spain,Female,32,760,0.0,1,1,0,0.1419,0,Low Risk
15670427,Chidi,Spain,Male,37,662,155187.3,1,0,0,0.1976,0,Low Risk
15731755,Hull,France,Male,49,680,0.0,2,0,0,0.2389,0,Moderate Risk
15796370,Shah,Spain,Male,40,604,155455.43,1,1,0,0.0953,0,Low Risk
15598331,Morgan,France,Female,40,764,100480.53,1,0,0,0.398,1,Moderate Risk
15704795,Vagin,France,Female,77,521,0.0,2,1,0,0.0,0,Low Risk
15796764,Bruno,Germany,Female,56,684,127585.98,3,1,1,1.0,1,Critical Risk
15589420,Osinachi,France,Female,40,795,101891.1,1,1,0,0.104,0,Low Risk
15810563,Ho,Spain,Female,61,678,0.0,2,1,0,0.0623,0,Low Risk
15746569,Tsui,France,Male,38,589,0.0,1,0,1,0.3195,1,Moderate Risk
15811594,Gordon,Spain,Female,28,660,128929.88,1,1,0,0.0475,0,Low Risk
15645896,Duncan,Germany,Male,39,646,121681.91,2,1,0,0.1167,0,Low Risk
15802909,Hu,Germany,Female,56,706,139603.22,1,1,0,0.7967,1,Critical Risk
15797665,Docherty,France,Female,27,730,0.0,2,0,0,0.0282,0,Low Risk
15778959,Brookes,France,Female,36,606,0.0,2,1,0,0.0579,0,Low Risk
15722532,Angelo,Spain,Female,36,690,91760.11,1,1,0,0.0392,0,Low Risk
15784124,Emenike,Germany,Male,41,645,93925.3,1,0,1,0.4924,1,High Risk
15776518,Pugh,France,Female,38,579,175739.36,1,1,0,0.1704,0,Low Risk
15611247,McKenzie,France,Female,28,481,0.0,2,0,0,0.0403,0,Low Risk
15721469,Mach,Germany,Male,45,492,170295.04,2,0,0,0.2591,0,Moderate Risk
15773338,Endrizzi,France,Male,58,739,101579.28,1,1,0,0.2721,0,Moderate Risk
15784042,L?,France,Male,55,624,118793.6,1,1,1,0.3383,1,Moderate Risk
15776229,MacPherson,France,Male,44,682,115282.3,1,0,0,0.2674,0,Moderate Risk
15655903,Michael,Spain,Female,34,701,107980.37,1,1,0,0.1327,0,Low Risk
15590177,Chiedozie,France,Female,44,718,133866.22,1,1,0,0.2825,1,Moderate Risk
15568876,Hughes,France,Female,34,496,102723.35,2,0,0,0.0579,0,Low Risk
15813140,Taylor,Spain,Male,41,543,0.0,2,1,0,0.0159,0,Low Risk
15770516,Evdokimov,Spain,Female,44,616,193213.02,2,1,0,0.213,0,Moderate Risk
15755731,Davis,Germany,Male,53,635,117005.55,1,1,1,0.8592,1,Critical Risk
15574480,Ubanwa,Spain,Male,31,652,132862.59,1,0,0,0.0856,0,Low Risk
15798084,Murray,France,Male,26,688,0.0,2,0,0,0.0254,0,Low Risk
15673020,Smith,France,Female,49,678,204510.94,1,1,1,0.8306,1,Critical Risk
15643575,Evseev,Germany,Male,36,757,65349.71,1,0,0,0.1426,0,Low Risk
15596811,Mitchell,France,Male,36,667,139753.35,1,0,0,0.1539,0,Low Risk
15786789,Ni,France,Female,29,725,0.0,2,1,0,0.0159,0,Low Risk
15578865,Palerma,Germany,Female,50,632,107959.39,1,1,1,0.9016,1,Critical Risk
15605672,Yuan,France,Female,38,694,195926.39,1,1,0,0.3181,1,Moderate Risk
15603674,Knight,France,Male,36,803,0.0,2,1,0,0.0062,0,Low Risk
15759915,Rapuokwu,France,Female,31,814,87772.52,1,0,0,0.1842,0,Low Risk
15686219,Wan,France,Male,38,611,71018.6,2,0,0,0.0274,0,Low Risk
15696388,Artamonova,Germany,Male,38,755,111096.91,1,1,0,0.425,1,High Risk
15713604,Rossi,Germany,Male,40,425,166776.6,2,1,0,0.0419,0,Low Risk
15647800,Greco,France,Female,34,850,101266.51,1,0,0,0.0855,0,Low Risk
15813451,Fleetwood-Smith,Spain,Male,18,677,134796.87,2,1,0,0.0159,0,Low Risk
15765375,Butusov,France,Female,46,797,0.0,1,0,0,0.9098,1,Critical Risk
15774586,West,Germany,Female,43,692,118588.83,1,1,1,0.587,1,High Risk
15603454,Sanders,Germany,Male,28,735,160454.15,2,1,0,0.0216,0,Low Risk
15653037,Parks,France,Male,77,609,0.0,1,1,0,0.0456,0,Low Risk
15782475,Edith,France,Female,42,700,0.0,2,1,0,0.0554,0,Low Risk
15593496,Korovin,Spain,Female,36,526,91132.18,1,0,0,0.1666,0,Low Risk
15808971,Lajoie,Spain,Female,57,693,0.0,2,1,0,0.0856,0,Low Risk
15791972,Bergamaschi,France,Female,20,748,0.0,2,0,0,0.0101,0,Low Risk
15676869,T'ien,Spain,Male,36,657,0.0,2,1,0,0.0101,0,Low Risk
15683007,Torode,Germany,Female,25,739,113113.12,1,0,0,0.5264,1,High Risk
15659495,Fu,Spain,Male,23,784,0.0,1,1,0,0.0426,0,Low Risk
15703923,Cameron,Germany,Male,41,744,190409.34,2,1,0,0.0359,0,Low Risk
15674000,Cattaneo,France,Male,44,645,0.0,2,1,0,0.0566,0,Low Risk
15618171,James,France,Female,33,669,0.0,2,1,0,0.0336,0,Low Risk
15732202,Abramovich,France,Male,34,615,83503.11,2,1,1,0.0136,0,Low Risk
15735078,Onwughara,Germany,Female,53,724,139687.66,2,1,0,0.5272,1,High Risk
15798615,Wan,France,Female,47,850,137301.87,1,0,0,0.7372,1,Critical Risk
15638494,Salinas,Germany,Female,39,625,129845.26,1,1,0,0.4543,1,High Risk
15763874,Ho,Spain,Male,46,635,0.0,2,1,0,0.0241,0,Low Risk
15696355,Cleveland,Germany,Male,37,724,125489.4,1,0,0,0.6373,1,High Risk
15655952,Burke,France,Male,47,550,0.0,2,1,0,0.0359,0,Low Risk
15739850,Trentino,France,Male,45,645,155417.61,1,1,0,0.1374,0,Low Risk
15611338,Kashiwagi,Spain,Male,29,714,0.0,2,1,0,0.0062,0,Low Risk
15707861,Nucci,France,Female,46,520,85216.61,1,0,1,0.7258,1,Critical Risk
15672237,Oluchi,France,Male,25,633,0.0,1,0,0,0.0883,0,Low Risk
15657771,Ts'ui,France,Male,37,537,0.0,1,1,0,0.1526,0,Low Risk
15677783,Graham,Spain,Male,38,764,113607.47,1,0,0,0.217,0,Moderate Risk
15681026,Lucciano,Germany,Female,33,795,104552.72,1,1,1,0.342,1,Moderate Risk
15566543,Aldridge,Spain,Male,44,573,0.0,2,0,0,0.0492,0,Low Risk
15594612,Flynn,Spain,Male,44,702,0.0,1,0,1,0.5434,1,High Risk
15814664,Scott,Germany,Male,33,740,126524.11,1,0,0,0.3841,1,Moderate Risk
15642785,Douglas,France,Male,34,479,117593.48,2,0,0,0.0241,0,Low Risk
15690164,Shao,Germany,Female,33,627,83199.05,1,0,0,0.3457,1,Moderate Risk
15590213,Ch'en,Spain,Male,35,479,125920.98,1,1,0,0.0593,0,Low Risk
15603794,Pugliesi,France,Male,48,623,118469.38,1,1,0,0.3306,1,Moderate Risk
15733491,McGregor,Germany,Female,40,512,153537.57,2,0,0,0.086,0,Low Risk
15806360,Hou,France,Male,41,609,0.0,1,1,0,0.3281,1,Moderate Risk
15587133,Thompson,France,Male,42,518,151027.05,2,0,0,0.1034,0,Low Risk
15721377,Chou,France,Female,34,833,144751.81,1,0,0,0.1208,0,Low Risk
15747927,Ch'in,France,Male,26,758,155739.76,1,0,0,0.0977,0,Low Risk
15806455,Miller,France,Male,27,611,0.0,2,1,0,0.0062,0,Low Risk
15695474,Barker,France,Male,33,583,122531.86,1,0,0,0.096,0,Low Risk
15666295,Smith,Germany,Male,50,610,113957.01,2,0,1,0.7351,1,Critical Risk
15656062,Azikiwe,France,Female,33,637,103377.81,1,0,0,0.1162,0,Low Risk
15579969,Mancini,France,Female,32,683,0.0,2,1,0,0.0262,0,Low Risk
15703563,P'eng,France,Male,40,774,93017.47,2,0,0,0.0592,0,Low Risk
15692664,Diribe,France,Female,58,677,90022.85,1,1,0,0.522,1,High Risk
15719276,T'ao,Spain,Male,35,741,74371.49,1,0,0,0.1528,0,Low Risk
15672754,Burbidge,Germany,Male,42,498,152039.7,1,1,1,0.28,1,Moderate Risk
15768163,Griffin,Germany,Female,46,655,137145.12,1,0,1,0.9666,1,Critical Risk
15656710,Cocci,France,Male,40,613,0.0,1,0,0,0.4801,1,High Risk
15696175,Echezonachukwu,Germany,Male,35,602,90602.42,2,1,0,0.0343,0,Low Risk
15586914,Nepean,France,Male,36,659,123841.49,2,0,0,0.0569,0,Low Risk
15581736,Bartlett,Germany,Male,47,673,183579.54,2,1,0,0.1465,0,Low Risk
15588839,Mancini,Spain,Male,30,606,180307.73,2,1,0,0.0117,0,Low Risk
15589329,Pirozzi,France,Male,30,775,0.0,2,0,0,0.0124,0,Low Risk
15605622,McMillan,Spain,Male,28,841,0.0,2,1,0,0.0,0,Low Risk
15798964,Nkemakonam,Germany,Male,33,714,35016.6,1,0,0,0.2591,0,Moderate Risk
15769959,Ajuluchukwu,France,Female,53,597,88381.21,1,0,1,0.9605,1,Critical Risk
15657105,Chukwualuka,Spain,Male,36,726,0.0,1,0,0,0.2623,0,Moderate Risk
15569266,Rahman,France,Male,28,644,155060.41,1,0,0,0.0609,0,Low Risk
15719294,Wood,France,Female,29,800,0.0,2,0,0,0.0124,0,Low Risk
15606229,Obijiaku,France,Male,39,771,0.0,2,0,0,0.0254,0,Low Risk
15569892,Johnstone,France,Male,35,516,57369.61,1,1,0,0.0159,0,Low Risk
15584532,Liu,France,Female,36,709,0.0,1,1,1,0.2441,0,Moderate Risk
15682355,Sabbatini,Germany,Male,42,772,75075.31,2,0,1,0.0609,0,Low Risk
15628319,Walker,France,Female,28,792,130142.79,1,0,0,0.1419,0,Low Risk
